record_id,date,sector,shift,rainfall_mm,pit_water_level_m,road_friction_coeff,p80_fragmentation_cm,blast_delay_hrs,powder_factor_kg_t,air_temp_c,equipment_model,torque_nm,tool_wear_min,strain_index,machine_failure,fleet_availability_pct,active_dumpers,haul_cycle_mins,target_tonnage,actual_tonnage,shortfall_tonnage,shortfall_pct,shortfall_flag,severity
REC_00001,2024-01-01,balaghat_bharweli,Shift_A_Morning,0.56,0.43,0.847,19.18,0.2,0.513,27.65,Dumper_KomatsuHD785,36.1,198.0,7.148,0,95.1,11,23.3,2800.0,2916.2,0.0,0.0,0,LOW
REC_00002,2024-01-01,balaghat_ukwa,Shift_B_Evening,0.24,0.46,0.849,14.79,0.2,0.381,25.05,Excavator_CAT6020,44.2,0.0,0.0,0,92.9,11,22.21,2070.0,2245.5,0.0,0.0,0,LOW
REC_00003,2024-01-01,balaghat_tirodi,Shift_C_Night,0.41,0.46,0.848,10.56,0.2,0.453,28.65,Dumper_KomatsuHD785,43.3,60.0,2.598,0,91.0,11,23.15,1800.0,1856.6,0.0,0.0,0,LOW
REC_00004,2024-01-02,bhandara_dongri_buzurg,Shift_A_Morning,1.12,0.53,0.844,21.45,0.2,0.426,28.65,Excavator_CAT6020,52.5,26.0,1.365,0,97.5,12,24.21,2200.0,2247.2,0.0,0.0,0,LOW
REC_00005,2024-01-02,bhandara_chikla_sitasawangi,Shift_B_Evening,0.04,0.48,0.85,19.37,0.2,0.458,24.85,Dumper_KomatsuHD785,45.6,184.0,8.39,0,89.7,11,21.58,1800.0,2002.8,0.0,0.0,0,LOW
REC_00006,2024-01-02,nagpur_kandri_mansar,Shift_C_Night,4.19,0.86,0.829,21.59,0.24,0.41,26.95,Dumper_KomatsuHD785,43.1,13.0,0.56,0,90.5,11,25.83,1575.0,1386.1,188.9,11.99,0,LOW
REC_00007,2024-01-03,nagpur_gumgaon_ramdongri,Shift_A_Morning,0.53,0.58,0.847,11.89,0.2,0.473,24.45,Excavator_CAT6020,36.7,68.0,2.496,0,95.6,11,26.03,1850.0,1739.6,110.4,5.97,0,LOW
REC_00008,2024-01-03,nagpur_beldongri_satak,Shift_B_Evening,0.09,0.42,0.85,16.93,0.59,0.431,25.55,Excavator_CAT6020,69.7,64.0,4.461,1,78.4,9,22.5,1575.0,779.5,795.5,50.51,1,CRITICAL
REC_00009,2024-01-03,chhindwara_sausar_gowari,Shift_C_Night,1.57,0.71,0.842,19.23,0.2,0.464,24.15,Dumper_KomatsuHD785,38.2,14.0,0.535,0,92.6,11,24.96,1200.0,1204.7,0.0,0.0,0,LOW
REC_00010,2024-01-04,gujarat_vadodara_pavi,Shift_A_Morning,1.77,0.98,0.841,14.99,0.2,0.453,28.65,Excavator_CAT6020,45.7,44.0,2.011,0,93.2,11,24.42,1400.0,1244.2,155.8,11.13,0,LOW
REC_00011,2024-01-04,gujarat_panchmahal_halol,Shift_B_Evening,2.86,0.68,0.836,13.11,0.2,0.418,27.75,Excavator_CAT6020,23.0,156.0,3.588,0,92.6,11,26.07,1530.0,1392.8,137.2,8.97,0,LOW
REC_00012,2024-01-04,rajasthan_banswara_tambesra,Shift_C_Night,1.95,0.79,0.84,18.85,0.35,0.44,27.15,Excavator_CAT6020,44.3,175.0,7.752,0,92.7,11,26.97,975.0,841.5,133.5,13.69,0,LOW
REC_00013,2024-01-05,odisha_keonjhar_joda,Shift_A_Morning,2.37,0.69,0.838,17.46,0.2,0.434,27.55,Dumper_KomatsuHD785,31.5,123.0,3.874,0,93.0,11,25.15,3200.0,2970.1,229.9,7.19,0,LOW
REC_00014,2024-01-05,odisha_sundargarh_bonai,Shift_B_Evening,0.47,0.73,0.848,18.67,0.2,0.449,26.25,DrillRig_SandvikDR412,36.1,212.0,7.653,0,90.2,11,22.09,2340.0,2417.1,0.0,0.0,0,LOW
REC_00015,2024-01-05,odisha_sundargarh_patmunda,Shift_C_Night,0.05,0.51,0.85,26.63,0.2,0.469,30.45,Excavator_CAT6020,31.5,105.0,3.308,0,93.3,11,23.09,1687.5,1712.0,0.0,0.0,0,LOW
REC_00016,2024-01-06,jharkhand_singhbhum_chaibasa,Shift_A_Morning,0.81,0.68,0.846,20.73,0.2,0.418,25.25,Dumper_KomatsuHD785,36.6,117.0,4.282,0,96.5,12,27.05,1550.0,1565.2,0.0,0.0,0,LOW
REC_00017,2024-01-06,karnataka_sandur_kumaraswamy,Shift_B_Evening,0.92,0.47,0.845,16.13,0.2,0.518,23.45,Dumper_KomatsuHD785,37.4,88.0,3.291,0,95.5,11,24.26,2430.0,2339.5,90.5,3.72,0,LOW
REC_00018,2024-01-06,karnataka_shimoga_kumsi,Shift_C_Night,0.31,0.42,0.848,19.69,0.2,0.475,26.35,Dumper_KomatsuHD785,38.3,122.0,4.673,0,93.4,11,23.46,1087.5,1063.5,24.0,2.2,0,LOW
REC_00019,2024-01-07,andhra_visakhapatnam_garividi,Shift_A_Morning,0.14,0.59,0.849,13.71,0.52,0.386,27.75,Dumper_KomatsuHD785,39.0,10.0,0.39,0,94.3,11,25.15,1650.0,1611.2,38.8,2.35,0,LOW
REC_00020,2024-01-07,goa_sanguem_bicholim,Shift_B_Evening,0.5,0.67,0.848,15.02,1.07,0.475,30.35,Excavator_CAT6020,30.1,98.0,2.95,0,96.2,12,25.74,1620.0,1686.8,0.0,0.0,0,LOW
REC_00021,2024-01-07,balaghat_bharweli,Shift_C_Night,0.01,0.53,0.85,15.5,0.2,0.457,23.95,Dumper_KomatsuHD785,53.5,153.0,8.185,0,91.2,11,26.34,2100.0,2000.8,99.2,4.72,0,LOW
REC_00022,2024-01-08,balaghat_ukwa,Shift_A_Morning,0.3,0.43,0.848,20.79,0.2,0.481,25.65,Excavator_CAT6020,31.2,102.0,3.182,0,96.4,12,25.09,2300.0,2468.7,0.0,0.0,0,LOW
REC_00023,2024-01-08,balaghat_tirodi,Shift_B_Evening,1.01,0.56,0.845,15.48,0.2,0.485,30.95,Dumper_KomatsuHD785,50.3,39.0,1.962,0,93.3,11,26.66,2160.0,1960.7,199.3,9.23,0,LOW
REC_00024,2024-01-08,bhandara_dongri_buzurg,Shift_C_Night,0.84,0.54,0.846,27.62,0.2,0.411,30.55,Excavator_CAT6020,37.4,146.0,5.46,0,95.6,11,24.32,1650.0,1599.8,50.2,3.05,0,LOW
REC_00025,2024-01-09,bhandara_chikla_sitasawangi,Shift_A_Morning,0.23,0.5,0.849,20.53,0.2,0.445,23.35,Dumper_KomatsuHD785,33.5,104.0,3.484,0,95.3,11,23.34,2000.0,2103.2,0.0,0.0,0,LOW
REC_00026,2024-01-09,nagpur_kandri_mansar,Shift_B_Evening,0.58,0.5,0.847,21.07,0.2,0.478,25.55,Dumper_KomatsuHD785,45.5,28.0,1.274,0,94.1,11,25.5,1890.0,1884.4,5.6,0.3,0,LOW
REC_00027,2024-01-09,nagpur_gumgaon_ramdongri,Shift_C_Night,0.12,0.52,0.849,14.01,0.74,0.493,25.45,Dumper_KomatsuHD785,34.4,25.0,0.86,0,96.1,12,22.13,1387.5,1567.6,0.0,0.0,0,LOW
REC_00028,2024-01-10,nagpur_beldongri_satak,Shift_A_Morning,1.99,0.69,0.84,19.14,0.49,0.507,30.35,Dumper_KomatsuHD785,51.6,80.0,4.128,0,93.6,11,27.25,1750.0,1572.4,177.6,10.15,0,LOW
REC_00029,2024-01-10,chhindwara_sausar_gowari,Shift_B_Evening,1.91,0.62,0.84,20.89,0.2,0.457,25.65,Dumper_KomatsuHD785,52.5,111.0,5.827,0,91.8,11,24.16,1440.0,1374.2,65.8,4.57,0,LOW
REC_00030,2024-01-10,gujarat_vadodara_pavi,Shift_C_Night,0.94,0.64,0.845,12.47,0.2,0.414,24.75,Dumper_KomatsuHD785,36.0,168.0,6.048,0,93.0,11,27.36,1050.0,914.2,135.8,12.94,0,LOW
REC_00031,2024-01-11,gujarat_panchmahal_halol,Shift_A_Morning,0.29,0.45,0.849,18.79,0.2,0.546,27.45,Dumper_KomatsuHD785,47.0,63.0,2.961,0,97.5,12,26.97,1700.0,1690.4,9.6,0.56,0,LOW
REC_00032,2024-01-11,rajasthan_banswara_tambesra,Shift_B_Evening,4.47,0.65,0.828,19.19,0.2,0.432,24.75,DrillRig_SandvikDR412,44.6,184.0,8.206,0,89.9,11,22.7,1170.0,1275.1,0.0,0.0,0,LOW
REC_00033,2024-01-11,odisha_keonjhar_joda,Shift_C_Night,0.23,0.47,0.849,15.74,0.2,0.488,27.55,Excavator_CAT6020,29.8,6.0,0.179,0,96.5,12,24.99,2400.0,2657.8,0.0,0.0,0,LOW
REC_00034,2024-01-12,odisha_sundargarh_bonai,Shift_A_Morning,1.14,0.44,0.844,16.44,0.2,0.441,24.15,Dumper_KomatsuHD785,42.0,142.0,5.964,0,97.4,12,24.2,2600.0,2670.7,0.0,0.0,0,LOW
REC_00035,2024-01-12,odisha_sundargarh_patmunda,Shift_B_Evening,0.77,0.54,0.846,13.73,0.2,0.512,29.55,Excavator_CAT6020,42.5,164.0,6.97,0,96.2,12,23.98,2025.0,2144.4,0.0,0.0,0,LOW
REC_00036,2024-01-12,jharkhand_singhbhum_chaibasa,Shift_C_Night,1.18,0.71,0.844,18.18,0.2,0.442,26.75,Dumper_KomatsuHD785,27.6,177.0,4.885,0,93.8,11,25.53,1162.5,1082.8,79.7,6.85,0,LOW
REC_00037,2024-01-13,karnataka_sandur_kumaraswamy,Shift_A_Morning,1.03,0.74,0.845,13.79,0.2,0.477,29.15,Excavator_CAT6020,32.3,0.0,0.0,0,94.1,11,25.12,2700.0,2535.0,165.0,6.11,0,LOW
REC_00038,2024-01-13,karnataka_shimoga_kumsi,Shift_B_Evening,2.83,0.75,0.836,16.16,0.2,0.485,23.95,Dumper_KomatsuHD785,28.4,202.0,5.737,0,92.6,11,23.0,1305.0,1310.7,0.0,0.0,0,LOW
REC_00039,2024-01-13,andhra_visakhapatnam_garividi,Shift_C_Night,1.43,0.7,0.843,19.25,0.2,0.425,29.05,Excavator_CAT6020,31.6,62.0,1.959,0,95.5,11,25.34,1237.5,1121.0,116.5,9.41,0,LOW
REC_00040,2024-01-14,goa_sanguem_bicholim,Shift_A_Morning,1.97,0.66,0.84,18.65,0.2,0.423,29.15,Dumper_KomatsuHD785,43.8,7.0,0.307,0,96.2,12,27.35,1800.0,1661.4,138.6,7.7,0,LOW
REC_00041,2024-01-14,balaghat_bharweli,Shift_B_Evening,1.69,0.77,0.842,18.28,0.2,0.44,25.35,Excavator_CAT6020,28.3,15.0,0.424,0,95.6,11,23.7,2520.0,2447.2,72.8,2.89,0,LOW
REC_00042,2024-01-14,balaghat_ukwa,Shift_C_Night,3.6,0.8,0.832,20.51,0.2,0.378,26.05,Dumper_KomatsuHD785,22.8,40.0,0.912,0,92.8,11,26.65,1725.0,1437.2,287.8,16.69,1,MODERATE
REC_00043,2024-01-15,balaghat_tirodi,Shift_A_Morning,1.68,0.7,0.842,20.4,0.2,0.422,25.85,Dumper_KomatsuHD785,32.2,106.0,3.413,0,93.7,11,20.06,2400.0,2760.0,0.0,0.0,0,LOW
REC_00044,2024-01-15,bhandara_dongri_buzurg,Shift_B_Evening,2.62,0.63,0.837,17.19,0.2,0.475,25.75,DrillRig_SandvikDR412,54.6,185.0,10.101,0,96.0,12,23.37,1980.0,2185.5,0.0,0.0,0,LOW
REC_00045,2024-01-15,bhandara_chikla_sitasawangi,Shift_C_Night,2.07,0.62,0.84,19.06,0.2,0.496,25.15,Excavator_CAT6020,32.4,151.0,4.892,0,92.6,11,22.91,1500.0,1624.8,0.0,0.0,0,LOW
REC_00046,2024-01-16,nagpur_kandri_mansar,Shift_A_Morning,0.1,0.54,0.849,23.18,0.2,0.438,22.75,Dumper_KomatsuHD785,50.2,51.0,2.56,0,93.9,11,22.88,2100.0,2182.4,0.0,0.0,0,LOW
REC_00047,2024-01-16,nagpur_gumgaon_ramdongri,Shift_B_Evening,0.15,0.54,0.849,15.12,0.2,0.47,27.75,Excavator_CAT6020,38.1,137.0,5.22,0,93.9,11,21.35,1665.0,1794.4,0.0,0.0,0,LOW
REC_00048,2024-01-16,nagpur_beldongri_satak,Shift_C_Night,2.44,0.72,0.838,18.34,0.2,0.469,30.45,Dumper_KomatsuHD785,53.1,7.0,0.372,0,93.9,11,28.79,1312.5,1088.0,224.5,17.11,1,MODERATE
REC_00049,2024-01-17,chhindwara_sausar_gowari,Shift_A_Morning,1.43,0.83,0.843,15.49,0.2,0.446,27.75,Dumper_KomatsuHD785,20.2,105.0,2.121,0,95.7,11,21.33,1600.0,1827.7,0.0,0.0,0,LOW
REC_00050,2024-01-17,gujarat_vadodara_pavi,Shift_B_Evening,0.25,0.31,0.849,16.19,0.2,0.373,25.75,Excavator_CAT6020,45.3,58.0,2.627,0,94.6,11,25.38,1260.0,1227.2,32.8,2.61,0,LOW
REC_00051,2024-01-17,gujarat_panchmahal_halol,Shift_C_Night,0.21,0.39,0.849,24.44,1.0,0.497,25.45,Dumper_KomatsuHD785,51.4,168.0,8.635,0,92.6,11,21.78,1275.0,1466.2,0.0,0.0,0,LOW
REC_00052,2024-01-18,rajasthan_banswara_tambesra,Shift_A_Morning,4.2,0.86,0.829,19.48,0.2,0.386,29.05,Excavator_CAT6020,49.2,134.0,6.593,1,77.1,9,24.25,1300.0,612.5,687.5,52.88,1,CRITICAL
REC_00053,2024-01-18,odisha_keonjhar_joda,Shift_B_Evening,1.76,0.61,0.841,12.61,0.2,0.455,27.15,Excavator_CAT6020,45.1,181.0,8.163,0,94.5,11,25.66,2880.0,2527.4,352.6,12.24,0,LOW
REC_00054,2024-01-18,odisha_sundargarh_bonai,Shift_C_Night,1.16,0.51,0.844,17.08,0.2,0.512,27.35,Excavator_CAT6020,36.6,205.0,7.503,0,93.8,11,26.6,1950.0,1739.8,210.2,10.78,0,LOW
REC_00055,2024-01-19,odisha_sundargarh_patmunda,Shift_A_Morning,0.96,0.68,0.845,18.7,0.2,0.476,24.45,Excavator_CAT6020,37.3,10.0,0.373,0,96.6,12,22.31,2250.0,2587.5,0.0,0.0,0,LOW
REC_00056,2024-01-19,jharkhand_singhbhum_chaibasa,Shift_B_Evening,0.18,0.34,0.849,23.08,0.2,0.439,25.55,Dumper_KomatsuHD785,51.3,201.0,10.311,0,94.9,11,27.24,1395.0,1222.7,172.3,12.35,0,LOW
REC_00057,2024-01-19,karnataka_sandur_kumaraswamy,Shift_C_Night,0.61,0.65,0.847,19.23,0.26,0.449,25.45,Excavator_CAT6020,49.7,136.0,6.759,0,95.2,11,23.75,2025.0,1889.6,135.4,6.69,0,LOW
REC_00058,2024-01-20,karnataka_shimoga_kumsi,Shift_A_Morning,4.7,0.67,0.827,18.25,0.2,0.445,27.25,Dumper_KomatsuHD785,44.6,149.0,6.645,0,93.1,11,22.04,1450.0,1553.7,0.0,0.0,0,LOW
REC_00059,2024-01-20,andhra_visakhapatnam_garividi,Shift_B_Evening,0.51,0.53,0.847,21.4,0.2,0.432,27.85,Dumper_KomatsuHD785,23.5,198.0,4.653,0,92.8,11,22.61,1485.0,1525.7,0.0,0.0,0,LOW
REC_00060,2024-01-20,goa_sanguem_bicholim,Shift_C_Night,0.11,0.5,0.849,14.39,0.2,0.452,28.35,Dumper_KomatsuHD785,44.0,222.0,9.768,0,88.9,11,24.04,1350.0,1340.0,10.0,0.74,0,LOW
REC_00061,2024-01-21,balaghat_bharweli,Shift_A_Morning,1.93,0.58,0.84,18.98,1.21,0.446,29.05,Dumper_KomatsuHD785,23.2,70.0,1.624,0,93.3,11,26.69,2800.0,2546.7,253.3,9.05,0,LOW
REC_00062,2024-01-21,balaghat_ukwa,Shift_B_Evening,0.24,0.46,0.849,13.73,0.2,0.389,25.85,Excavator_CAT6020,52.2,44.0,2.297,0,96.6,12,27.53,2070.0,1932.6,137.4,6.64,0,LOW
REC_00063,2024-01-21,balaghat_tirodi,Shift_C_Night,0.04,0.59,0.85,14.55,0.49,0.411,30.45,Excavator_CAT6020,43.2,23.0,0.994,0,94.1,11,27.63,1800.0,1399.6,400.4,22.24,1,MODERATE
REC_00064,2024-01-22,bhandara_dongri_buzurg,Shift_A_Morning,0.33,0.45,0.848,13.06,0.2,0.408,23.65,Dumper_KomatsuHD785,25.2,148.0,3.73,0,92.5,11,22.69,2200.0,2273.5,0.0,0.0,0,LOW
REC_00065,2024-01-22,bhandara_chikla_sitasawangi,Shift_B_Evening,2.65,0.88,0.837,21.4,0.2,0.415,28.85,Excavator_CAT6020,45.3,193.0,8.743,0,93.3,11,28.99,1800.0,1515.4,284.6,15.81,1,MODERATE
REC_00066,2024-01-22,nagpur_kandri_mansar,Shift_C_Night,1.64,0.53,0.842,17.53,0.2,0.506,25.65,Dumper_KomatsuHD785,48.1,159.0,7.648,0,90.9,11,20.41,1575.0,1811.2,0.0,0.0,0,LOW
REC_00067,2024-01-23,nagpur_gumgaon_ramdongri,Shift_A_Morning,5.17,0.77,0.824,20.59,0.2,0.432,23.85,Dumper_KomatsuHD785,61.2,200.0,12.24,1,76.7,9,23.48,1850.0,878.6,971.4,52.51,1,CRITICAL
REC_00068,2024-01-23,nagpur_beldongri_satak,Shift_B_Evening,0.4,0.54,0.848,15.14,0.2,0.466,27.55,Excavator_CAT6020,49.3,106.0,5.226,0,93.5,11,24.71,1575.0,1531.7,43.3,2.75,0,LOW
REC_00069,2024-01-23,chhindwara_sausar_gowari,Shift_C_Night,0.36,0.58,0.848,14.62,0.53,0.383,26.15,Excavator_CAT6020,42.1,19.0,0.8,0,95.0,11,23.31,1200.0,1252.5,0.0,0.0,0,LOW
REC_00070,2024-01-24,gujarat_vadodara_pavi,Shift_A_Morning,0.47,0.57,0.848,10.0,0.2,0.46,25.25,Excavator_CAT6020,60.7,119.0,7.223,1,76.8,9,25.52,1400.0,597.6,802.4,57.32,1,CRITICAL
REC_00071,2024-01-24,gujarat_panchmahal_halol,Shift_B_Evening,0.2,0.79,0.849,12.39,0.2,0.416,24.95,Excavator_CAT6020,32.6,57.0,1.858,0,93.1,11,26.25,1530.0,1355.3,174.7,11.42,0,LOW
REC_00072,2024-01-24,rajasthan_banswara_tambesra,Shift_C_Night,0.35,0.64,0.848,20.74,0.2,0.351,27.45,Dumper_KomatsuHD785,30.4,121.0,3.678,0,92.2,11,25.39,975.0,905.7,69.3,7.11,0,LOW
REC_00073,2024-01-25,odisha_keonjhar_joda,Shift_A_Morning,2.13,0.69,0.839,18.57,0.2,0.453,29.25,Dumper_KomatsuHD785,36.2,166.0,6.009,0,93.2,11,26.58,3200.0,2861.9,338.1,10.56,0,LOW
REC_00074,2024-01-25,odisha_sundargarh_bonai,Shift_B_Evening,0.18,0.46,0.849,20.08,0.2,0.466,30.95,Dumper_KomatsuHD785,34.6,33.0,1.142,0,93.1,11,24.82,2340.0,2430.9,0.0,0.0,0,LOW
REC_00075,2024-01-25,odisha_sundargarh_patmunda,Shift_C_Night,0.53,0.52,0.847,21.38,0.43,0.423,27.65,Excavator_CAT6020,43.7,139.0,6.074,0,89.2,11,26.62,1687.5,1455.2,232.3,13.77,0,LOW
REC_00076,2024-01-26,jharkhand_singhbhum_chaibasa,Shift_A_Morning,0.84,0.6,0.846,17.33,0.2,0.486,26.05,Dumper_KomatsuHD785,41.8,28.0,1.17,0,94.1,11,22.47,1550.0,1654.5,0.0,0.0,0,LOW
REC_00077,2024-01-26,karnataka_sandur_kumaraswamy,Shift_B_Evening,3.37,0.62,0.833,22.41,0.2,0.47,25.95,Dumper_KomatsuHD785,48.8,76.0,3.709,0,96.0,12,26.17,2430.0,2373.0,57.0,2.35,0,LOW
REC_00078,2024-01-26,karnataka_shimoga_kumsi,Shift_C_Night,1.86,0.6,0.841,15.25,0.2,0.51,27.65,Excavator_CAT6020,43.0,139.0,5.977,0,94.4,11,23.54,1087.5,1124.6,0.0,0.0,0,LOW
REC_00079,2024-01-27,andhra_visakhapatnam_garividi,Shift_A_Morning,2.07,0.64,0.84,14.82,0.2,0.433,27.45,DrillRig_SandvikDR412,36.5,79.0,2.884,0,92.6,11,26.17,1650.0,1542.0,108.0,6.55,0,LOW
REC_00080,2024-01-27,goa_sanguem_bicholim,Shift_B_Evening,1.23,0.64,0.844,24.72,0.2,0.408,29.85,Dumper_KomatsuHD785,48.2,65.0,3.133,1,77.7,9,24.58,1620.0,791.0,829.0,51.17,1,CRITICAL
REC_00081,2024-01-27,balaghat_bharweli,Shift_C_Night,0.61,0.61,0.847,17.88,0.2,0.457,25.85,Dumper_KomatsuHD785,38.6,16.0,0.618,0,99.0,12,23.83,2100.0,2286.6,0.0,0.0,0,LOW
REC_00082,2024-01-28,balaghat_ukwa,Shift_A_Morning,2.47,0.71,0.838,20.84,0.2,0.459,26.75,Dumper_KomatsuHD785,51.3,176.0,9.029,0,94.2,11,24.74,2300.0,2083.3,216.7,9.42,0,LOW
REC_00083,2024-01-28,balaghat_tirodi,Shift_B_Evening,1.12,0.75,0.844,16.35,1.24,0.41,29.05,Excavator_CAT6020,47.0,187.0,8.789,0,93.2,11,25.6,2160.0,2085.0,75.0,3.47,0,LOW
REC_00084,2024-01-28,bhandara_dongri_buzurg,Shift_C_Night,1.07,0.53,0.845,17.66,0.2,0.41,25.65,Dumper_KomatsuHD785,37.9,2.0,0.076,0,90.6,11,25.89,1650.0,1513.8,136.2,8.26,0,LOW
REC_00085,2024-01-29,bhandara_chikla_sitasawangi,Shift_A_Morning,0.51,0.67,0.847,15.2,0.2,0.44,25.05,Excavator_CAT6020,28.8,186.0,5.357,0,90.7,11,23.75,2000.0,1979.2,20.8,1.04,0,LOW
REC_00086,2024-01-29,nagpur_kandri_mansar,Shift_B_Evening,0.83,0.65,0.846,17.55,0.2,0.524,24.85,Excavator_CAT6020,42.6,2.0,0.085,0,96.2,12,23.7,1890.0,1971.6,0.0,0.0,0,LOW
REC_00087,2024-01-29,nagpur_gumgaon_ramdongri,Shift_C_Night,0.11,0.51,0.849,18.57,0.2,0.451,27.55,DrillRig_SandvikDR412,43.1,134.0,5.775,0,93.7,11,24.64,1387.5,1333.7,53.8,3.88,0,LOW
REC_00088,2024-01-30,nagpur_beldongri_satak,Shift_A_Morning,0.28,0.78,0.849,14.16,0.2,0.44,23.75,Dumper_KomatsuHD785,44.5,15.0,0.667,0,97.0,12,18.94,1750.0,2012.5,0.0,0.0,0,LOW
REC_00089,2024-01-30,chhindwara_sausar_gowari,Shift_B_Evening,0.61,0.43,0.847,18.79,0.2,0.394,28.85,Excavator_CAT6020,27.7,23.0,0.637,0,92.4,11,22.02,1440.0,1656.0,0.0,0.0,0,LOW
REC_00090,2024-01-30,gujarat_vadodara_pavi,Shift_C_Night,0.03,0.55,0.85,15.3,0.2,0.479,29.05,Dumper_KomatsuHD785,49.4,207.0,10.226,0,91.2,11,23.19,1050.0,1100.0,0.0,0.0,0,LOW
REC_00091,2024-01-31,gujarat_panchmahal_halol,Shift_A_Morning,1.27,0.57,0.844,17.35,0.2,0.478,24.05,Excavator_CAT6020,42.0,6.0,0.252,0,94.8,11,23.52,1700.0,1789.0,0.0,0.0,0,LOW
REC_00092,2024-01-31,rajasthan_banswara_tambesra,Shift_B_Evening,1.32,0.54,0.843,14.88,0.21,0.383,25.65,Dumper_KomatsuHD785,25.9,59.0,1.528,0,97.3,12,21.76,1170.0,1341.4,0.0,0.0,0,LOW
REC_00093,2024-01-31,odisha_keonjhar_joda,Shift_C_Night,0.57,0.39,0.847,20.19,0.2,0.5,27.15,Dumper_KomatsuHD785,60.1,58.0,3.486,0,89.4,11,20.73,2400.0,2689.5,0.0,0.0,0,LOW
REC_00094,2024-02-01,odisha_sundargarh_bonai,Shift_A_Morning,3.56,0.73,0.832,19.82,0.47,0.455,27.45,Excavator_CAT6020,45.2,73.0,3.3,0,93.9,11,23.83,2600.0,2538.7,61.3,2.36,0,LOW
REC_00095,2024-02-01,odisha_sundargarh_patmunda,Shift_B_Evening,0.38,0.75,0.848,20.4,0.2,0.457,28.15,Dumper_KomatsuHD785,23.9,76.0,1.816,0,93.5,11,24.28,2025.0,2011.1,13.9,0.69,0,LOW
REC_00096,2024-02-01,jharkhand_singhbhum_chaibasa,Shift_C_Night,0.23,0.36,0.849,19.96,0.2,0.491,27.35,DrillRig_SandvikDR412,34.3,40.0,1.372,0,94.9,11,24.75,1162.5,1161.8,0.7,0.06,0,LOW
REC_00097,2024-02-02,karnataka_sandur_kumaraswamy,Shift_A_Morning,1.1,0.49,0.844,19.92,0.42,0.465,29.35,Excavator_CAT6020,45.7,210.0,9.597,0,88.7,11,23.8,2700.0,2706.7,0.0,0.0,0,LOW
REC_00098,2024-02-02,karnataka_shimoga_kumsi,Shift_B_Evening,1.11,0.53,0.844,13.21,0.2,0.504,25.45,Excavator_CAT6020,34.0,215.0,7.31,0,91.8,11,25.39,1305.0,1131.6,173.4,13.29,0,LOW
REC_00099,2024-02-02,andhra_visakhapatnam_garividi,Shift_C_Night,0.78,0.61,0.846,18.74,0.2,0.474,25.45,Excavator_CAT6020,36.9,179.0,6.605,0,90.6,11,24.23,1237.5,1179.7,57.8,4.67,0,LOW
REC_00100,2024-02-03,goa_sanguem_bicholim,Shift_A_Morning,1.09,0.7,0.845,15.67,0.2,0.457,29.05,Excavator_CAT6020,43.6,63.0,2.747,0,93.1,11,28.19,1800.0,1509.0,291.0,16.17,1,MODERATE
REC_00101,2024-02-03,balaghat_bharweli,Shift_B_Evening,0.68,0.63,0.847,16.11,0.2,0.406,29.95,Dumper_KomatsuHD785,45.3,144.0,6.523,0,95.5,11,20.71,2520.0,2898.0,0.0,0.0,0,LOW
REC_00102,2024-02-03,balaghat_ukwa,Shift_C_Night,0.12,0.5,0.849,20.19,0.2,0.493,24.75,Dumper_KomatsuHD785,40.6,175.0,7.105,0,93.9,11,25.87,1725.0,1627.2,97.8,5.67,0,LOW
REC_00103,2024-02-04,balaghat_tirodi,Shift_A_Morning,1.29,0.69,0.844,19.76,0.2,0.389,22.55,Dumper_KomatsuHD785,14.6,149.0,2.175,1,78.7,9,25.88,2400.0,1082.5,1317.5,54.9,1,CRITICAL
REC_00104,2024-02-04,bhandara_dongri_buzurg,Shift_B_Evening,0.04,0.4,0.85,21.69,1.62,0.448,29.65,Dumper_KomatsuHD785,36.1,89.0,3.213,0,95.2,11,26.0,1980.0,1816.9,163.1,8.24,0,LOW
REC_00105,2024-02-04,bhandara_chikla_sitasawangi,Shift_C_Night,0.46,0.4,0.848,19.81,0.2,0.459,30.45,Excavator_CAT6020,49.5,109.0,5.396,0,92.7,11,26.75,1500.0,1285.0,215.0,14.33,0,LOW
REC_00106,2024-02-05,nagpur_kandri_mansar,Shift_A_Morning,0.08,0.55,0.85,11.26,0.2,0.491,25.75,Excavator_CAT6020,28.4,177.0,5.027,0,90.8,11,24.77,2100.0,2091.1,8.9,0.42,0,LOW
REC_00107,2024-02-05,nagpur_gumgaon_ramdongri,Shift_B_Evening,0.32,0.6,0.848,18.2,0.2,0.429,27.25,Dumper_KomatsuHD785,28.6,206.0,5.892,0,96.5,12,28.84,1665.0,1476.5,188.5,11.32,0,LOW
REC_00108,2024-02-05,nagpur_beldongri_satak,Shift_C_Night,2.48,0.53,0.838,12.14,0.2,0.433,29.05,Dumper_KomatsuHD785,47.5,109.0,5.178,1,78.0,9,21.55,1312.5,676.1,636.4,48.48,1,CRITICAL
REC_00109,2024-02-06,chhindwara_sausar_gowari,Shift_A_Morning,0.42,0.34,0.848,13.82,0.2,0.489,28.75,Dumper_KomatsuHD785,29.8,94.0,2.801,0,93.4,11,24.14,1600.0,1618.1,0.0,0.0,0,LOW
REC_00110,2024-02-06,gujarat_vadodara_pavi,Shift_B_Evening,1.14,0.71,0.844,23.81,0.2,0.424,26.65,Dumper_KomatsuHD785,40.9,2.0,0.082,0,92.8,11,22.99,1260.0,1268.3,0.0,0.0,0,LOW
REC_00111,2024-02-06,gujarat_panchmahal_halol,Shift_C_Night,1.81,0.6,0.841,17.63,1.06,0.435,30.35,Dumper_KomatsuHD785,38.5,82.0,3.157,0,91.3,11,26.86,1275.0,1165.7,109.3,8.57,0,LOW
REC_00112,2024-02-07,rajasthan_banswara_tambesra,Shift_A_Morning,0.2,0.46,0.849,20.24,0.2,0.544,25.65,Dumper_KomatsuHD785,20.6,25.0,0.515,0,95.8,12,22.56,1300.0,1495.0,0.0,0.0,0,LOW
REC_00113,2024-02-07,odisha_keonjhar_joda,Shift_B_Evening,2.52,0.64,0.837,16.95,1.45,0.461,24.25,Dumper_KomatsuHD785,42.3,107.0,4.526,0,94.2,11,27.05,2880.0,2699.9,180.1,6.25,0,LOW
REC_00114,2024-02-07,odisha_sundargarh_bonai,Shift_C_Night,0.11,0.33,0.849,13.61,0.2,0.449,25.55,Excavator_CAT6020,23.8,118.0,2.808,0,97.4,12,23.2,1950.0,2203.0,0.0,0.0,0,LOW
REC_00115,2024-02-08,odisha_sundargarh_patmunda,Shift_A_Morning,2.29,0.33,0.839,15.23,0.2,0.43,29.75,Excavator_CAT6020,25.5,98.0,2.499,0,95.8,11,25.6,2250.0,2218.3,31.7,1.41,0,LOW
REC_00116,2024-02-08,jharkhand_singhbhum_chaibasa,Shift_B_Evening,0.37,0.55,0.848,19.11,0.2,0.483,25.65,Dumper_KomatsuHD785,42.4,74.0,3.138,0,94.8,11,26.37,1395.0,1316.7,78.3,5.62,0,LOW
REC_00117,2024-02-08,karnataka_sandur_kumaraswamy,Shift_C_Night,1.16,0.53,0.844,19.82,1.02,0.435,28.85,Dumper_KomatsuHD785,39.4,2.0,0.079,0,92.2,11,23.85,2025.0,2049.6,0.0,0.0,0,LOW
REC_00118,2024-02-09,karnataka_shimoga_kumsi,Shift_A_Morning,2.04,0.67,0.84,22.72,0.2,0.483,25.15,Excavator_CAT6020,25.4,46.0,1.168,0,90.8,11,24.29,1450.0,1410.4,39.6,2.73,0,LOW
REC_00119,2024-02-09,andhra_visakhapatnam_garividi,Shift_B_Evening,0.36,0.59,0.848,25.61,0.2,0.461,29.45,DrillRig_SandvikDR412,34.4,228.0,7.843,1,77.8,9,25.32,1485.0,686.1,798.9,53.8,1,CRITICAL
REC_00120,2024-02-09,goa_sanguem_bicholim,Shift_C_Night,0.5,0.6,0.847,18.71,0.2,0.457,27.55,Dumper_KomatsuHD785,20.7,109.0,2.256,0,94.7,11,23.87,1350.0,1322.3,27.7,2.05,0,LOW
REC_00121,2024-02-10,balaghat_bharweli,Shift_A_Morning,1.48,0.63,0.843,15.73,0.2,0.431,26.95,Excavator_CAT6020,56.2,127.0,7.137,0,93.8,11,24.97,2800.0,2592.7,207.3,7.4,0,LOW
REC_00122,2024-02-10,balaghat_ukwa,Shift_B_Evening,0.03,0.66,0.85,17.77,0.2,0.382,29.35,Dumper_KomatsuHD785,41.6,16.0,0.666,0,93.2,11,21.78,2070.0,2248.6,0.0,0.0,0,LOW
REC_00123,2024-02-10,balaghat_tirodi,Shift_C_Night,1.9,0.55,0.84,20.71,0.2,0.495,24.95,DrillRig_SandvikDR412,44.8,111.0,4.973,0,96.2,12,23.8,1800.0,1855.2,0.0,0.0,0,LOW
REC_00124,2024-02-11,bhandara_dongri_buzurg,Shift_A_Morning,3.45,0.96,0.833,14.67,0.2,0.486,27.65,DrillRig_SandvikDR412,40.7,104.0,4.233,0,93.1,11,22.82,2200.0,2190.1,9.9,0.45,0,LOW
REC_00125,2024-02-11,bhandara_chikla_sitasawangi,Shift_B_Evening,0.04,0.38,0.85,23.06,0.46,0.464,24.25,Dumper_KomatsuHD785,26.9,11.0,0.296,0,94.9,11,25.69,1800.0,1699.6,100.4,5.58,0,LOW
REC_00126,2024-02-11,nagpur_kandri_mansar,Shift_C_Night,1.72,0.54,0.841,19.34,0.2,0.458,24.85,Dumper_KomatsuHD785,46.5,185.0,8.602,0,94.9,11,24.06,1575.0,1633.0,0.0,0.0,0,LOW
REC_00127,2024-02-12,nagpur_gumgaon_ramdongri,Shift_A_Morning,0.15,0.55,0.849,15.37,0.2,0.448,29.35,Dumper_KomatsuHD785,48.2,117.0,5.639,0,90.8,11,24.5,1850.0,1749.3,100.7,5.44,0,LOW
REC_00128,2024-02-12,nagpur_beldongri_satak,Shift_B_Evening,0.38,0.47,0.848,21.53,0.2,0.432,28.05,DrillRig_SandvikDR412,52.0,69.0,3.588,0,88.9,11,21.07,1575.0,1811.2,0.0,0.0,0,LOW
REC_00129,2024-02-12,chhindwara_sausar_gowari,Shift_C_Night,1.42,0.65,0.843,19.85,0.2,0.411,27.45,Dumper_KomatsuHD785,36.4,113.0,4.113,0,93.6,11,24.23,1200.0,1115.9,84.1,7.01,0,LOW
REC_00130,2024-02-13,gujarat_vadodara_pavi,Shift_A_Morning,1.16,0.64,0.844,24.37,0.2,0.458,28.95,Dumper_KomatsuHD785,35.8,164.0,5.871,0,89.5,11,23.75,1400.0,1357.4,42.6,3.05,0,LOW
REC_00131,2024-02-13,gujarat_panchmahal_halol,Shift_B_Evening,0.04,0.49,0.85,15.44,0.2,0.522,24.15,Dumper_KomatsuHD785,52.1,36.0,1.876,0,95.2,11,23.1,1530.0,1614.5,0.0,0.0,0,LOW
REC_00132,2024-02-13,rajasthan_banswara_tambesra,Shift_C_Night,0.22,0.55,0.849,15.23,0.2,0.452,28.15,Excavator_CAT6020,47.5,197.0,9.357,0,92.2,11,25.64,975.0,919.5,55.5,5.69,0,LOW
REC_00133,2024-02-14,odisha_keonjhar_joda,Shift_A_Morning,1.5,0.56,0.842,21.99,0.23,0.455,25.35,Dumper_KomatsuHD785,44.5,162.0,7.209,0,95.4,11,23.88,3200.0,3331.1,0.0,0.0,0,LOW
REC_00134,2024-02-14,odisha_sundargarh_bonai,Shift_B_Evening,1.24,0.77,0.844,18.84,0.2,0.409,29.45,Dumper_KomatsuHD785,25.8,128.0,3.302,0,92.7,11,25.48,2340.0,2270.9,69.1,2.95,0,LOW
REC_00135,2024-02-14,odisha_sundargarh_patmunda,Shift_C_Night,0.83,0.74,0.846,19.63,0.2,0.405,28.35,Dumper_KomatsuHD785,20.2,210.0,4.242,0,94.9,11,23.24,1687.5,1736.9,0.0,0.0,0,LOW
REC_00136,2024-02-15,jharkhand_singhbhum_chaibasa,Shift_A_Morning,0.04,0.48,0.85,12.16,0.72,0.431,30.85,Dumper_KomatsuHD785,46.0,128.0,5.888,0,96.9,12,22.41,1550.0,1692.4,0.0,0.0,0,LOW
REC_00137,2024-02-15,karnataka_sandur_kumaraswamy,Shift_B_Evening,5.27,0.77,0.824,25.64,0.2,0.493,25.95,DrillRig_SandvikDR412,36.5,40.0,1.46,0,93.4,11,23.89,2430.0,2430.0,0.0,0.0,0,LOW
REC_00138,2024-02-15,karnataka_shimoga_kumsi,Shift_C_Night,0.39,0.61,0.848,18.67,0.2,0.509,25.15,DrillRig_SandvikDR412,47.1,105.0,4.946,0,96.5,12,22.99,1087.5,1246.5,0.0,0.0,0,LOW
REC_00139,2024-02-16,andhra_visakhapatnam_garividi,Shift_A_Morning,1.51,0.65,0.842,17.16,0.2,0.472,25.75,Excavator_CAT6020,50.6,115.0,5.819,0,92.8,11,25.78,1650.0,1339.2,310.8,18.84,1,MODERATE
REC_00140,2024-02-16,goa_sanguem_bicholim,Shift_B_Evening,0.53,0.43,0.847,19.18,0.2,0.398,27.55,Dumper_KomatsuHD785,46.1,15.0,0.692,0,96.2,12,23.3,1620.0,1826.5,0.0,0.0,0,LOW
REC_00141,2024-02-16,balaghat_bharweli,Shift_C_Night,4.2,0.68,0.829,17.55,0.2,0.453,30.25,Dumper_KomatsuHD785,63.9,59.0,3.77,1,75.9,9,26.23,2100.0,895.0,1205.0,57.38,1,CRITICAL
REC_00142,2024-02-17,balaghat_ukwa,Shift_A_Morning,0.68,0.62,0.847,13.21,0.2,0.436,27.35,Dumper_KomatsuHD785,35.9,110.0,3.949,0,93.0,11,23.6,2300.0,2505.8,0.0,0.0,0,LOW
REC_00143,2024-02-17,balaghat_tirodi,Shift_B_Evening,2.23,0.71,0.839,22.81,0.29,0.437,28.95,Dumper_KomatsuHD785,48.0,13.0,0.624,0,92.7,11,24.45,2160.0,2020.4,139.6,6.46,0,LOW
REC_00144,2024-02-17,bhandara_dongri_buzurg,Shift_C_Night,3.31,0.84,0.833,18.11,0.2,0.426,25.05,Dumper_KomatsuHD785,54.5,82.0,4.469,0,93.5,11,24.52,1650.0,1600.5,49.5,3.0,0,LOW
REC_00145,2024-02-18,bhandara_chikla_sitasawangi,Shift_A_Morning,2.43,0.79,0.838,10.0,0.2,0.415,26.55,Dumper_KomatsuHD785,48.2,188.0,9.062,0,94.2,11,22.36,2000.0,2154.6,0.0,0.0,0,LOW
REC_00146,2024-02-18,nagpur_kandri_mansar,Shift_B_Evening,1.34,0.55,0.843,24.86,0.28,0.485,26.85,Dumper_KomatsuHD785,33.5,135.0,4.522,0,94.7,11,24.63,1890.0,1840.3,49.7,2.63,0,LOW
REC_00147,2024-02-18,nagpur_gumgaon_ramdongri,Shift_C_Night,0.83,0.66,0.846,19.18,0.2,0.494,27.75,DrillRig_SandvikDR412,38.4,31.0,1.19,0,96.2,12,25.52,1387.5,1342.4,45.1,3.25,0,LOW
REC_00148,2024-02-19,nagpur_beldongri_satak,Shift_A_Morning,0.6,0.47,0.847,19.11,0.2,0.447,25.45,Dumper_KomatsuHD785,36.6,188.0,6.881,0,94.3,11,24.88,1750.0,1698.3,51.7,2.95,0,LOW
REC_00149,2024-02-19,chhindwara_sausar_gowari,Shift_B_Evening,1.0,0.64,0.845,19.36,0.2,0.498,30.95,Dumper_KomatsuHD785,43.9,182.0,7.99,0,91.1,11,25.43,1440.0,1378.8,61.2,4.25,0,LOW
REC_00150,2024-02-19,gujarat_vadodara_pavi,Shift_C_Night,1.92,0.78,0.84,17.32,0.2,0.443,24.95,Dumper_KomatsuHD785,45.0,136.0,6.12,0,93.6,11,22.05,1050.0,1057.4,0.0,0.0,0,LOW
REC_00151,2024-02-20,gujarat_panchmahal_halol,Shift_A_Morning,0.61,0.46,0.847,23.51,0.2,0.424,25.95,Excavator_CAT6020,43.0,53.0,2.279,0,91.2,11,27.52,1700.0,1525.9,174.1,10.24,0,LOW
REC_00152,2024-02-20,rajasthan_banswara_tambesra,Shift_B_Evening,1.16,0.37,0.844,15.75,0.49,0.432,28.95,Excavator_CAT6020,48.2,166.0,8.001,1,78.5,9,22.28,1170.0,572.8,597.2,51.04,1,CRITICAL
REC_00153,2024-02-20,odisha_keonjhar_joda,Shift_C_Night,0.61,0.65,0.847,26.61,0.2,0.477,25.05,Dumper_KomatsuHD785,36.0,186.0,6.696,0,94.8,11,23.73,2400.0,2438.8,0.0,0.0,0,LOW
REC_00154,2024-02-21,odisha_sundargarh_bonai,Shift_A_Morning,3.14,0.68,0.834,17.39,0.2,0.415,29.85,Dumper_KomatsuHD785,20.2,137.0,2.767,0,91.6,11,26.18,2600.0,2264.8,335.2,12.89,0,LOW
REC_00155,2024-02-21,odisha_sundargarh_patmunda,Shift_B_Evening,0.93,0.67,0.845,12.61,0.2,0.426,26.15,Dumper_KomatsuHD785,36.3,211.0,7.659,0,90.4,11,23.97,2025.0,1989.3,35.7,1.76,0,LOW
REC_00156,2024-02-21,jharkhand_singhbhum_chaibasa,Shift_C_Night,1.37,0.62,0.843,13.5,0.2,0.456,23.65,DrillRig_SandvikDR412,51.0,24.0,1.224,0,92.0,11,27.03,1162.5,1013.3,149.2,12.83,0,LOW
REC_00157,2024-02-22,karnataka_sandur_kumaraswamy,Shift_A_Morning,0.96,0.59,0.845,16.61,0.57,0.452,29.15,Dumper_KomatsuHD785,49.1,119.0,5.843,0,93.7,11,23.28,2700.0,2675.7,24.3,0.9,0,LOW
REC_00158,2024-02-22,karnataka_shimoga_kumsi,Shift_B_Evening,1.13,0.71,0.844,17.08,0.37,0.48,27.45,Dumper_KomatsuHD785,21.4,64.0,1.37,0,92.4,11,26.06,1305.0,1159.0,146.0,11.19,0,LOW
REC_00159,2024-02-22,andhra_visakhapatnam_garividi,Shift_C_Night,0.66,0.49,0.847,19.06,0.2,0.539,26.45,DrillRig_SandvikDR412,31.2,120.0,3.744,0,91.3,11,25.29,1237.5,1127.5,110.0,8.89,0,LOW
REC_00160,2024-02-23,goa_sanguem_bicholim,Shift_A_Morning,2.38,0.67,0.838,17.83,0.2,0.499,28.95,Dumper_KomatsuHD785,39.3,155.0,6.091,0,96.8,12,21.17,1800.0,2070.0,0.0,0.0,0,LOW
REC_00161,2024-02-23,balaghat_bharweli,Shift_B_Evening,0.59,0.54,0.847,27.1,0.26,0.418,27.75,Dumper_KomatsuHD785,52.5,107.0,5.617,0,96.9,12,27.67,2520.0,2307.6,212.4,8.43,0,LOW
REC_00162,2024-02-23,balaghat_ukwa,Shift_C_Night,1.41,0.64,0.843,16.3,0.2,0.435,29.85,Dumper_KomatsuHD785,50.5,203.0,10.252,0,93.0,11,23.08,1725.0,1694.7,30.3,1.75,0,LOW
REC_00163,2024-02-24,balaghat_tirodi,Shift_A_Morning,0.31,0.47,0.848,17.35,0.2,0.459,30.15,Dumper_KomatsuHD785,33.7,14.0,0.472,0,90.8,11,24.9,2400.0,2369.2,30.8,1.28,0,LOW
REC_00164,2024-02-24,bhandara_dongri_buzurg,Shift_B_Evening,0.91,0.46,0.845,13.79,0.2,0.517,29.25,DrillRig_SandvikDR412,39.1,70.0,2.737,0,94.6,11,22.83,1980.0,2051.1,0.0,0.0,0,LOW
REC_00165,2024-02-24,bhandara_chikla_sitasawangi,Shift_C_Night,0.99,0.48,0.845,20.32,0.2,0.446,27.15,Excavator_CAT6020,48.1,119.0,5.724,0,91.8,11,22.77,1500.0,1638.0,0.0,0.0,0,LOW
REC_00166,2024-02-25,nagpur_kandri_mansar,Shift_A_Morning,1.31,0.55,0.843,13.23,0.2,0.499,24.45,Excavator_CAT6020,39.1,39.0,1.525,0,94.1,11,28.88,2100.0,1746.5,353.5,16.83,1,MODERATE
REC_00167,2024-02-25,nagpur_gumgaon_ramdongri,Shift_B_Evening,0.11,0.46,0.849,19.28,0.81,0.407,24.95,Dumper_KomatsuHD785,31.6,145.0,4.582,0,92.0,11,23.56,1665.0,1666.9,0.0,0.0,0,LOW
REC_00168,2024-02-25,nagpur_beldongri_satak,Shift_C_Night,3.32,0.58,0.833,20.18,0.2,0.536,27.75,Dumper_KomatsuHD785,33.5,25.0,0.838,0,91.4,11,25.91,1312.5,1184.6,127.9,9.74,0,LOW
REC_00169,2024-02-26,chhindwara_sausar_gowari,Shift_A_Morning,0.82,0.57,0.846,17.75,0.2,0.473,28.25,Dumper_KomatsuHD785,41.4,195.0,8.073,0,94.7,11,23.23,1600.0,1618.3,0.0,0.0,0,LOW
REC_00170,2024-02-26,gujarat_vadodara_pavi,Shift_B_Evening,0.62,0.6,0.847,14.93,0.2,0.452,28.55,Dumper_KomatsuHD785,40.0,188.0,7.52,0,93.9,11,23.79,1260.0,1267.6,0.0,0.0,0,LOW
REC_00171,2024-02-26,gujarat_panchmahal_halol,Shift_C_Night,2.38,0.69,0.838,21.15,0.2,0.424,27.75,Dumper_KomatsuHD785,30.2,53.0,1.601,0,94.8,11,19.19,1275.0,1466.2,0.0,0.0,0,LOW
REC_00172,2024-02-27,rajasthan_banswara_tambesra,Shift_A_Morning,0.19,0.45,0.849,17.37,0.2,0.47,28.75,Dumper_KomatsuHD785,29.8,94.0,2.801,0,94.0,11,20.64,1300.0,1461.0,0.0,0.0,0,LOW
REC_00173,2024-02-27,odisha_keonjhar_joda,Shift_B_Evening,0.85,0.47,0.846,17.6,0.2,0.472,26.45,Dumper_KomatsuHD785,32.9,145.0,4.771,0,91.1,11,22.31,2880.0,3112.5,0.0,0.0,0,LOW
REC_00174,2024-02-27,odisha_sundargarh_bonai,Shift_C_Night,0.08,0.48,0.85,23.23,0.2,0.427,24.25,Dumper_KomatsuHD785,31.7,204.0,6.467,0,92.8,11,23.51,1950.0,1920.4,29.6,1.52,0,LOW
REC_00175,2024-02-28,odisha_sundargarh_patmunda,Shift_A_Morning,0.13,0.47,0.849,18.61,0.2,0.389,27.45,Excavator_CAT6020,42.5,130.0,5.525,0,95.5,11,25.24,2250.0,2317.4,0.0,0.0,0,LOW
REC_00176,2024-02-28,jharkhand_singhbhum_chaibasa,Shift_B_Evening,0.67,0.42,0.847,17.29,0.2,0.498,24.35,Excavator_CAT6020,36.6,80.0,2.928,0,93.2,11,26.0,1395.0,1312.6,82.4,5.91,0,LOW
REC_00177,2024-02-28,karnataka_sandur_kumaraswamy,Shift_C_Night,0.01,0.44,0.85,10.0,0.2,0.485,25.95,Excavator_CAT6020,59.0,81.0,4.779,0,92.2,11,24.46,2025.0,1884.9,140.1,6.92,0,LOW
REC_00178,2024-02-29,karnataka_shimoga_kumsi,Shift_A_Morning,0.29,0.52,0.849,20.06,0.2,0.372,25.15,Excavator_CAT6020,27.1,194.0,5.257,0,97.8,12,21.85,1450.0,1667.5,0.0,0.0,0,LOW
REC_00179,2024-02-29,andhra_visakhapatnam_garividi,Shift_B_Evening,0.47,0.52,0.848,24.05,0.2,0.415,24.25,DrillRig_SandvikDR412,43.6,169.0,7.368,0,89.0,11,24.81,1485.0,1434.3,50.7,3.41,0,LOW
REC_00180,2024-02-29,goa_sanguem_bicholim,Shift_C_Night,3.73,0.73,0.831,22.09,0.2,0.386,23.85,Dumper_KomatsuHD785,47.7,168.0,8.014,0,92.5,11,24.06,1350.0,1355.3,0.0,0.0,0,LOW
REC_00181,2024-03-01,balaghat_bharweli,Shift_A_Morning,1.22,0.67,0.844,19.19,0.2,0.424,29.45,Dumper_KomatsuHD785,26.3,191.0,5.023,0,94.0,11,21.86,2800.0,3038.4,0.0,0.0,0,LOW
REC_00182,2024-03-01,balaghat_ukwa,Shift_B_Evening,1.6,0.83,0.842,18.67,0.2,0.459,28.95,Dumper_KomatsuHD785,44.6,31.0,1.383,0,92.9,11,22.64,2070.0,2270.7,0.0,0.0,0,LOW
REC_00183,2024-03-01,balaghat_tirodi,Shift_C_Night,0.42,0.65,0.848,15.75,0.2,0.432,29.85,Dumper_KomatsuHD785,43.0,210.0,9.03,0,92.6,11,24.81,1800.0,1676.3,123.7,6.87,0,LOW
REC_00184,2024-03-02,bhandara_dongri_buzurg,Shift_A_Morning,1.73,0.74,0.841,15.56,0.2,0.4,24.85,Excavator_CAT6020,43.4,113.0,4.904,0,92.6,11,24.8,2200.0,2014.6,185.4,8.43,0,LOW
REC_00185,2024-03-02,bhandara_chikla_sitasawangi,Shift_B_Evening,1.79,0.69,0.841,25.79,0.2,0.508,24.45,Excavator_CAT6020,40.2,0.0,0.0,0,97.5,12,25.73,1800.0,1842.0,0.0,0.0,0,LOW
REC_00186,2024-03-02,nagpur_kandri_mansar,Shift_C_Night,1.28,0.57,0.844,15.22,0.3,0.408,27.05,Excavator_CAT6020,29.4,221.0,6.497,0,89.6,11,28.47,1575.0,1250.4,324.6,20.61,1,MODERATE
REC_00187,2024-03-03,nagpur_gumgaon_ramdongri,Shift_A_Morning,3.44,0.73,0.833,17.25,0.2,0.462,28.05,Excavator_CAT6020,45.5,44.0,2.002,0,95.3,11,25.96,1850.0,1624.5,225.5,12.19,0,LOW
REC_00188,2024-03-03,nagpur_beldongri_satak,Shift_B_Evening,2.37,0.77,0.838,15.44,0.2,0.47,26.45,Dumper_KomatsuHD785,20.4,60.0,1.224,0,95.2,11,25.57,1575.0,1515.3,59.7,3.79,0,LOW
REC_00189,2024-03-03,chhindwara_sausar_gowari,Shift_C_Night,0.23,0.55,0.849,18.13,0.22,0.446,27.75,Excavator_CAT6020,46.6,201.0,9.367,0,93.3,11,25.89,1200.0,1128.8,71.2,5.94,0,LOW
REC_00190,2024-03-04,gujarat_vadodara_pavi,Shift_A_Morning,0.29,0.65,0.849,18.11,0.2,0.542,28.15,Dumper_KomatsuHD785,36.3,166.0,6.026,0,95.8,11,20.44,1400.0,1610.0,0.0,0.0,0,LOW
REC_00191,2024-03-04,gujarat_panchmahal_halol,Shift_B_Evening,1.0,0.66,0.845,19.45,0.2,0.425,27.25,Dumper_KomatsuHD785,32.8,26.0,0.853,0,94.8,11,23.74,1530.0,1525.7,4.3,0.28,0,LOW
REC_00192,2024-03-04,rajasthan_banswara_tambesra,Shift_C_Night,0.34,0.51,0.848,15.06,0.29,0.517,27.95,Dumper_KomatsuHD785,27.5,101.0,2.777,0,94.6,11,21.96,975.0,1074.9,0.0,0.0,0,LOW
REC_00193,2024-03-05,odisha_keonjhar_joda,Shift_A_Morning,0.53,0.57,0.847,23.16,0.2,0.419,25.75,Excavator_CAT6020,42.9,121.0,5.191,0,95.0,11,24.0,3200.0,3221.1,0.0,0.0,0,LOW
REC_00194,2024-03-05,odisha_sundargarh_bonai,Shift_B_Evening,0.48,0.49,0.848,15.19,2.44,0.417,24.35,DrillRig_SandvikDR412,38.8,14.0,0.543,0,89.7,11,28.11,2340.0,2005.1,334.9,14.31,0,LOW
REC_00195,2024-03-05,odisha_sundargarh_patmunda,Shift_C_Night,1.08,0.44,0.845,11.97,0.2,0.497,25.15,Dumper_KomatsuHD785,30.4,33.0,1.003,0,92.7,11,24.6,1687.5,1569.9,117.6,6.97,0,LOW
REC_00196,2024-03-06,jharkhand_singhbhum_chaibasa,Shift_A_Morning,0.79,0.51,0.846,18.74,0.2,0.524,25.85,Dumper_KomatsuHD785,28.0,116.0,3.248,0,97.5,12,27.5,1550.0,1514.2,35.8,2.31,0,LOW
REC_00197,2024-03-06,karnataka_sandur_kumaraswamy,Shift_B_Evening,1.96,0.73,0.84,16.31,0.2,0.495,27.35,Dumper_KomatsuHD785,47.0,53.0,2.491,0,92.4,11,26.14,2430.0,2249.6,180.4,7.42,0,LOW
REC_00198,2024-03-06,karnataka_shimoga_kumsi,Shift_C_Night,0.87,0.46,0.846,17.43,0.2,0.416,27.55,Dumper_KomatsuHD785,54.8,50.0,2.74,0,93.5,11,25.2,1087.5,967.2,120.3,11.06,0,LOW
REC_00199,2024-03-07,andhra_visakhapatnam_garividi,Shift_A_Morning,1.6,0.53,0.842,24.68,0.2,0.436,25.65,Excavator_CAT6020,38.1,157.0,5.982,0,94.1,11,26.53,1650.0,1450.0,200.0,12.12,0,LOW
REC_00200,2024-03-07,goa_sanguem_bicholim,Shift_B_Evening,0.58,0.73,0.847,23.47,0.2,0.394,25.05,Dumper_KomatsuHD785,29.4,47.0,1.382,0,91.5,11,23.18,1620.0,1710.7,0.0,0.0,0,LOW
REC_00201,2024-03-07,balaghat_bharweli,Shift_C_Night,0.88,0.6,0.846,17.59,0.2,0.491,24.15,Dumper_KomatsuHD785,43.3,90.0,3.897,0,93.3,11,23.5,2100.0,2152.4,0.0,0.0,0,LOW
REC_00202,2024-03-08,balaghat_ukwa,Shift_A_Morning,1.95,0.54,0.84,10.0,0.2,0.458,26.85,Dumper_KomatsuHD785,32.0,128.0,4.096,0,92.9,11,18.5,2300.0,2645.0,0.0,0.0,0,LOW
REC_00203,2024-03-08,balaghat_tirodi,Shift_B_Evening,1.57,0.57,0.842,19.83,0.2,0.466,26.75,DrillRig_SandvikDR412,41.8,153.0,6.395,0,92.4,11,24.95,2160.0,2054.1,105.9,4.9,0,LOW
REC_00204,2024-03-08,bhandara_dongri_buzurg,Shift_C_Night,0.09,0.5,0.85,17.3,0.2,0.464,24.15,Dumper_KomatsuHD785,36.8,216.0,7.949,0,93.2,11,22.56,1650.0,1678.0,0.0,0.0,0,LOW
REC_00205,2024-03-09,bhandara_chikla_sitasawangi,Shift_A_Morning,1.71,0.79,0.841,17.26,0.2,0.429,25.15,Dumper_KomatsuHD785,58.8,35.0,2.058,0,93.7,11,24.44,2000.0,1842.8,157.2,7.86,0,LOW
REC_00206,2024-03-09,nagpur_kandri_mansar,Shift_B_Evening,0.64,0.62,0.847,17.09,0.2,0.46,23.75,Excavator_CAT6020,33.3,67.0,2.231,0,94.0,11,25.64,1890.0,1756.6,133.4,7.06,0,LOW
REC_00207,2024-03-09,nagpur_gumgaon_ramdongri,Shift_C_Night,0.06,0.35,0.85,16.16,0.2,0.406,24.95,Dumper_KomatsuHD785,46.5,143.0,6.649,0,94.8,11,21.57,1387.5,1595.6,0.0,0.0,0,LOW
REC_00208,2024-03-10,nagpur_beldongri_satak,Shift_A_Morning,4.29,0.68,0.829,22.59,0.2,0.433,24.15,Excavator_CAT6020,39.5,168.0,6.636,0,92.2,11,25.51,1750.0,1564.5,185.5,10.6,0,LOW
REC_00209,2024-03-10,chhindwara_sausar_gowari,Shift_B_Evening,0.99,0.48,0.845,18.33,0.71,0.457,24.75,Dumper_KomatsuHD785,21.1,42.0,0.886,0,93.1,11,23.2,1440.0,1475.6,0.0,0.0,0,LOW
REC_00210,2024-03-10,gujarat_vadodara_pavi,Shift_C_Night,0.74,0.43,0.846,17.89,0.96,0.432,30.55,DrillRig_SandvikDR412,40.2,150.0,6.03,0,97.7,12,28.69,1050.0,908.1,141.9,13.51,0,LOW
REC_00211,2024-03-11,gujarat_panchmahal_halol,Shift_A_Morning,0.95,0.58,0.845,15.57,0.45,0.424,24.35,Excavator_CAT6020,36.6,80.0,2.928,0,92.2,11,23.57,1700.0,1644.1,55.9,3.29,0,LOW
REC_00212,2024-03-11,rajasthan_banswara_tambesra,Shift_B_Evening,1.7,0.49,0.842,18.54,1.05,0.436,26.85,Excavator_CAT6020,24.1,213.0,5.133,0,94.6,11,25.89,1170.0,1064.7,105.3,9.0,0,LOW
REC_00213,2024-03-11,odisha_keonjhar_joda,Shift_C_Night,1.77,0.73,0.841,17.94,0.2,0.411,26.85,Dumper_KomatsuHD785,28.3,48.0,1.358,0,93.8,11,26.32,2400.0,2193.9,206.1,8.59,0,LOW
REC_00214,2024-03-12,odisha_sundargarh_bonai,Shift_A_Morning,0.57,0.56,0.847,13.03,0.2,0.465,30.15,DrillRig_SandvikDR412,49.8,120.0,5.976,0,96.4,12,26.62,2600.0,2585.4,14.6,0.56,0,LOW
REC_00215,2024-03-12,odisha_sundargarh_patmunda,Shift_B_Evening,0.6,0.56,0.847,21.06,0.2,0.489,27.75,Dumper_KomatsuHD785,39.1,17.0,0.665,0,95.2,11,25.91,2025.0,1824.3,200.7,9.91,0,LOW
REC_00216,2024-03-12,jharkhand_singhbhum_chaibasa,Shift_C_Night,2.84,0.69,0.836,16.93,0.2,0.462,27.95,Dumper_KomatsuHD785,46.9,35.0,1.641,0,95.2,11,23.84,1162.5,1089.2,73.3,6.31,0,LOW
REC_00217,2024-03-13,karnataka_sandur_kumaraswamy,Shift_A_Morning,1.15,0.59,0.844,23.08,0.42,0.408,24.55,DrillRig_SandvikDR412,51.1,191.0,9.76,0,94.3,11,24.13,2700.0,2753.4,0.0,0.0,0,LOW
REC_00218,2024-03-13,karnataka_shimoga_kumsi,Shift_B_Evening,0.21,0.52,0.849,17.09,0.2,0.473,24.65,Dumper_KomatsuHD785,49.0,181.0,8.869,0,94.2,11,24.63,1305.0,1243.4,61.6,4.72,0,LOW
REC_00219,2024-03-13,andhra_visakhapatnam_garividi,Shift_C_Night,0.25,0.55,0.849,19.09,0.2,0.41,28.15,Excavator_CAT6020,40.7,178.0,7.245,0,95.9,12,26.87,1237.5,1189.8,47.7,3.85,0,LOW
REC_00220,2024-03-14,goa_sanguem_bicholim,Shift_A_Morning,0.74,0.55,0.846,10.25,0.36,0.472,24.35,DrillRig_SandvikDR412,39.1,47.0,1.838,0,92.2,11,23.31,1800.0,1802.5,0.0,0.0,0,LOW
REC_00221,2024-03-14,balaghat_bharweli,Shift_B_Evening,0.51,0.7,0.847,16.93,0.2,0.389,28.35,Excavator_CAT6020,21.3,152.0,3.238,0,96.3,12,24.03,2520.0,2850.9,0.0,0.0,0,LOW
REC_00222,2024-03-14,balaghat_ukwa,Shift_C_Night,4.64,0.78,0.827,19.69,0.2,0.498,26.05,Dumper_KomatsuHD785,50.4,220.0,11.088,1,75.8,9,23.44,1725.0,854.8,870.2,50.45,1,CRITICAL
REC_00223,2024-03-15,balaghat_tirodi,Shift_A_Morning,2.18,0.76,0.839,13.55,0.2,0.373,29.75,Dumper_KomatsuHD785,45.3,135.0,6.115,0,93.8,11,26.3,2400.0,2033.6,366.4,15.26,1,MODERATE
REC_00224,2024-03-15,bhandara_dongri_buzurg,Shift_B_Evening,3.34,0.8,0.833,20.11,0.2,0.402,29.25,Dumper_KomatsuHD785,25.9,121.0,3.134,0,95.2,11,24.79,1980.0,1914.3,65.7,3.32,0,LOW
REC_00225,2024-03-15,bhandara_chikla_sitasawangi,Shift_C_Night,0.99,0.57,0.845,14.71,0.2,0.456,28.75,Dumper_KomatsuHD785,31.4,27.0,0.848,0,96.1,12,24.75,1500.0,1562.7,0.0,0.0,0,LOW
REC_00226,2024-03-16,nagpur_kandri_mansar,Shift_A_Morning,0.14,0.46,0.849,17.7,0.2,0.441,30.75,DrillRig_SandvikDR412,29.1,201.0,5.849,0,94.5,11,23.37,2100.0,2204.1,0.0,0.0,0,LOW
REC_00227,2024-03-16,nagpur_gumgaon_ramdongri,Shift_B_Evening,2.9,0.81,0.836,20.5,0.2,0.486,28.15,Excavator_CAT6020,30.8,210.0,6.468,0,92.4,11,25.56,1665.0,1502.0,163.0,9.79,0,LOW
REC_00228,2024-03-16,nagpur_beldongri_satak,Shift_C_Night,0.14,0.55,0.849,24.45,0.2,0.375,26.95,Dumper_KomatsuHD785,47.3,127.0,6.007,0,93.1,11,21.03,1312.5,1509.4,0.0,0.0,0,LOW
REC_00229,2024-03-17,chhindwara_sausar_gowari,Shift_A_Morning,0.43,0.63,0.848,24.04,0.28,0.446,29.95,Dumper_KomatsuHD785,52.9,11.0,0.582,0,93.6,11,24.48,1600.0,1626.0,0.0,0.0,0,LOW
REC_00230,2024-03-17,gujarat_vadodara_pavi,Shift_B_Evening,0.08,0.54,0.85,22.08,0.2,0.489,24.75,Dumper_KomatsuHD785,40.6,45.0,1.827,0,94.9,11,24.62,1260.0,1268.0,0.0,0.0,0,LOW
REC_00231,2024-03-17,gujarat_panchmahal_halol,Shift_C_Night,0.87,0.39,0.846,15.7,0.2,0.47,28.45,Dumper_KomatsuHD785,34.1,44.0,1.5,0,96.6,12,23.97,1275.0,1428.5,0.0,0.0,0,LOW
REC_00232,2024-03-18,rajasthan_banswara_tambesra,Shift_A_Morning,1.12,0.71,0.844,24.26,0.2,0.453,26.65,Excavator_CAT6020,35.2,163.0,5.738,0,90.4,11,23.75,1300.0,1252.2,47.8,3.68,0,LOW
REC_00233,2024-03-18,odisha_keonjhar_joda,Shift_B_Evening,0.8,0.61,0.846,18.6,0.2,0.452,29.15,Dumper_KomatsuHD785,41.2,147.0,6.056,0,97.0,12,22.99,2880.0,3265.9,0.0,0.0,0,LOW
REC_00234,2024-03-18,odisha_sundargarh_bonai,Shift_C_Night,0.35,0.48,0.848,10.32,0.2,0.433,29.45,Dumper_KomatsuHD785,25.8,128.0,3.302,0,92.4,11,21.43,1950.0,2157.2,0.0,0.0,0,LOW
REC_00235,2024-03-19,odisha_sundargarh_patmunda,Shift_A_Morning,1.13,0.5,0.844,15.79,0.2,0.438,24.15,Dumper_KomatsuHD785,44.5,140.0,6.23,0,92.1,11,24.88,2250.0,2255.6,0.0,0.0,0,LOW
REC_00236,2024-03-19,jharkhand_singhbhum_chaibasa,Shift_B_Evening,0.86,0.61,0.846,17.47,0.2,0.459,26.15,Dumper_KomatsuHD785,44.7,78.0,3.487,0,92.3,11,23.6,1395.0,1356.8,38.2,2.74,0,LOW
REC_00237,2024-03-19,karnataka_sandur_kumaraswamy,Shift_C_Night,0.85,0.57,0.846,21.87,0.2,0.422,24.95,DrillRig_SandvikDR412,42.0,184.0,7.728,0,90.5,11,20.63,2025.0,2179.6,0.0,0.0,0,LOW
REC_00238,2024-03-20,karnataka_shimoga_kumsi,Shift_A_Morning,2.86,0.81,0.836,23.7,0.2,0.431,27.45,DrillRig_SandvikDR412,43.8,18.0,0.788,0,94.0,11,27.46,1450.0,1281.1,168.9,11.65,0,LOW
REC_00239,2024-03-20,andhra_visakhapatnam_garividi,Shift_B_Evening,0.15,0.43,0.849,10.29,0.2,0.442,30.45,Dumper_KomatsuHD785,27.2,14.0,0.381,0,92.0,11,23.98,1485.0,1479.3,5.7,0.38,0,LOW
REC_00240,2024-03-20,goa_sanguem_bicholim,Shift_C_Night,0.1,0.56,0.849,17.42,0.2,0.406,26.15,DrillRig_SandvikDR412,40.6,123.0,4.994,0,96.6,12,24.04,1350.0,1460.1,0.0,0.0,0,LOW
REC_00241,2024-03-21,balaghat_bharweli,Shift_A_Morning,1.21,0.62,0.844,20.8,0.71,0.452,25.55,Excavator_CAT6020,41.5,83.0,3.445,0,92.2,11,21.46,2800.0,3006.8,0.0,0.0,0,LOW
REC_00242,2024-03-21,balaghat_ukwa,Shift_B_Evening,0.8,0.51,0.846,18.42,0.2,0.372,27.75,Dumper_KomatsuHD785,38.1,125.0,4.763,0,95.2,11,25.95,2070.0,1989.4,80.6,3.89,0,LOW
REC_00243,2024-03-21,balaghat_tirodi,Shift_C_Night,2.24,0.61,0.839,24.48,0.2,0.412,24.25,Dumper_KomatsuHD785,28.1,67.0,1.883,0,91.5,11,23.71,1800.0,1887.5,0.0,0.0,0,LOW
REC_00244,2024-03-22,bhandara_dongri_buzurg,Shift_A_Morning,1.92,0.68,0.84,19.14,0.43,0.482,27.35,DrillRig_SandvikDR412,51.5,166.0,8.549,0,89.9,11,27.12,2200.0,1784.0,416.0,18.91,1,MODERATE
REC_00245,2024-03-22,bhandara_chikla_sitasawangi,Shift_B_Evening,1.47,0.52,0.843,23.36,0.2,0.406,28.55,Excavator_CAT6020,33.5,146.0,4.891,0,93.2,11,23.62,1800.0,1856.1,0.0,0.0,0,LOW
REC_00246,2024-03-22,nagpur_kandri_mansar,Shift_C_Night,0.2,0.52,0.849,17.46,0.2,0.428,24.15,Dumper_KomatsuHD785,49.0,61.0,2.989,0,93.4,11,20.87,1575.0,1738.3,0.0,0.0,0,LOW
REC_00247,2024-03-23,nagpur_gumgaon_ramdongri,Shift_A_Morning,1.36,0.45,0.843,22.62,0.2,0.449,24.75,Excavator_CAT6020,46.8,89.0,4.165,0,94.2,11,22.62,1850.0,1966.1,0.0,0.0,0,LOW
REC_00248,2024-03-23,nagpur_beldongri_satak,Shift_B_Evening,0.8,0.56,0.846,16.43,0.39,0.406,24.25,Excavator_CAT6020,22.1,81.0,1.79,0,93.1,11,20.87,1575.0,1765.0,0.0,0.0,0,LOW
REC_00249,2024-03-23,chhindwara_sausar_gowari,Shift_C_Night,2.76,0.79,0.836,17.16,0.2,0.388,29.05,Excavator_CAT6020,34.0,179.0,6.086,0,90.5,11,25.3,1200.0,1021.1,178.9,14.91,0,LOW
REC_00250,2024-03-24,gujarat_vadodara_pavi,Shift_A_Morning,0.2,0.69,0.849,25.83,0.2,0.441,26.65,Dumper_KomatsuHD785,56.4,188.0,10.603,0,95.9,12,22.11,1400.0,1586.7,0.0,0.0,0,LOW
REC_00251,2024-03-24,gujarat_panchmahal_halol,Shift_B_Evening,0.26,0.5,0.849,16.38,0.2,0.452,30.75,Excavator_CAT6020,41.1,121.0,4.973,0,94.7,11,26.16,1530.0,1290.0,240.0,15.68,1,MODERATE
REC_00252,2024-03-24,rajasthan_banswara_tambesra,Shift_C_Night,0.18,0.72,0.849,14.8,0.2,0.462,23.75,Excavator_CAT6020,46.3,64.0,2.963,0,95.6,11,28.16,975.0,861.4,113.6,11.65,0,LOW
REC_00253,2024-03-25,odisha_keonjhar_joda,Shift_A_Morning,0.27,0.48,0.849,17.66,0.2,0.389,30.75,Excavator_CAT6020,29.3,104.0,3.047,0,94.3,11,24.77,3200.0,3291.3,0.0,0.0,0,LOW
REC_00254,2024-03-25,odisha_sundargarh_bonai,Shift_B_Evening,2.45,0.73,0.838,16.92,0.2,0.423,30.55,DrillRig_SandvikDR412,52.7,66.0,3.478,1,80.4,10,23.99,2340.0,1190.8,1149.2,49.11,1,CRITICAL
REC_00255,2024-03-25,odisha_sundargarh_patmunda,Shift_C_Night,4.76,0.99,0.826,18.39,0.2,0.392,25.55,Excavator_CAT6020,43.2,132.0,5.702,0,91.6,11,25.52,1687.5,1486.6,200.9,11.9,0,LOW
REC_00256,2024-03-26,jharkhand_singhbhum_chaibasa,Shift_A_Morning,0.59,0.33,0.847,29.05,0.2,0.498,27.55,Dumper_KomatsuHD785,46.1,15.0,0.692,0,93.2,11,25.07,1550.0,1556.0,0.0,0.0,0,LOW
REC_00257,2024-03-26,karnataka_sandur_kumaraswamy,Shift_B_Evening,3.75,0.78,0.831,17.92,0.43,0.474,27.35,Excavator_CAT6020,27.7,46.0,1.274,0,87.8,11,25.83,2430.0,2208.8,221.2,9.1,0,LOW
REC_00258,2024-03-26,karnataka_shimoga_kumsi,Shift_C_Night,0.02,0.7,0.85,17.16,0.2,0.419,26.55,DrillRig_SandvikDR412,40.6,182.0,7.389,0,94.4,11,22.3,1087.5,1098.1,0.0,0.0,0,LOW
REC_00259,2024-03-27,andhra_visakhapatnam_garividi,Shift_A_Morning,1.96,0.57,0.84,15.84,0.2,0.429,27.15,Dumper_KomatsuHD785,41.5,172.0,7.138,0,95.2,11,25.27,1650.0,1581.7,68.3,4.14,0,LOW
REC_00260,2024-03-27,goa_sanguem_bicholim,Shift_B_Evening,0.18,0.59,0.849,20.66,0.2,0.473,29.05,Excavator_CAT6020,47.4,161.0,7.631,0,94.5,11,22.71,1620.0,1712.9,0.0,0.0,0,LOW
REC_00261,2024-03-27,balaghat_bharweli,Shift_C_Night,0.8,0.55,0.846,15.49,0.2,0.442,25.25,Dumper_KomatsuHD785,39.8,165.0,6.567,0,92.5,11,24.45,2100.0,2025.9,74.1,3.53,0,LOW
REC_00262,2024-03-28,balaghat_ukwa,Shift_A_Morning,3.54,0.59,0.832,19.17,0.2,0.508,28.55,Excavator_CAT6020,40.4,48.0,1.939,0,93.6,11,23.88,2300.0,2254.0,46.0,2.0,0,LOW
REC_00263,2024-03-28,balaghat_tirodi,Shift_B_Evening,0.09,0.35,0.85,15.34,0.2,0.485,29.65,Dumper_KomatsuHD785,42.6,232.0,9.883,0,92.2,11,23.93,2160.0,2210.4,0.0,0.0,0,LOW
REC_00264,2024-03-28,bhandara_dongri_buzurg,Shift_C_Night,2.84,0.7,0.836,11.33,0.2,0.453,25.15,Excavator_CAT6020,52.5,98.0,5.145,0,93.6,11,20.93,1650.0,1897.5,0.0,0.0,0,LOW
REC_00265,2024-03-29,bhandara_chikla_sitasawangi,Shift_A_Morning,1.25,0.3,0.844,18.79,0.2,0.424,27.05,Dumper_KomatsuHD785,47.8,34.0,1.625,0,94.2,11,22.03,2000.0,2214.7,0.0,0.0,0,LOW
REC_00266,2024-03-29,nagpur_kandri_mansar,Shift_B_Evening,1.5,0.67,0.842,19.95,0.2,0.404,26.85,Excavator_CAT6020,35.4,120.0,4.248,0,93.8,11,22.76,1890.0,2030.9,0.0,0.0,0,LOW
REC_00267,2024-03-29,nagpur_gumgaon_ramdongri,Shift_C_Night,0.82,0.5,0.846,16.67,0.2,0.425,30.25,Excavator_CAT6020,42.7,197.0,8.412,0,93.5,11,26.15,1387.5,1206.3,181.2,13.06,0,LOW
REC_00268,2024-03-30,nagpur_beldongri_satak,Shift_A_Morning,0.08,0.59,0.85,14.97,0.2,0.439,25.35,Dumper_KomatsuHD785,33.6,172.0,5.779,0,92.1,11,25.7,1750.0,1590.6,159.4,9.11,0,LOW
REC_00269,2024-03-30,chhindwara_sausar_gowari,Shift_B_Evening,0.45,0.56,0.848,18.73,0.2,0.441,25.65,Dumper_KomatsuHD785,63.4,37.0,2.346,0,95.4,11,24.11,1440.0,1532.2,0.0,0.0,0,LOW
REC_00270,2024-03-30,gujarat_vadodara_pavi,Shift_C_Night,0.59,0.69,0.847,21.31,0.2,0.471,28.95,Dumper_KomatsuHD785,35.1,142.0,4.984,0,92.1,11,24.62,1050.0,1015.5,34.5,3.29,0,LOW
REC_00271,2024-03-31,gujarat_panchmahal_halol,Shift_A_Morning,1.72,0.65,0.841,18.9,0.2,0.458,27.45,Dumper_KomatsuHD785,34.9,76.0,2.652,0,93.2,11,23.36,1700.0,1725.9,0.0,0.0,0,LOW
REC_00272,2024-03-31,rajasthan_banswara_tambesra,Shift_B_Evening,0.54,0.54,0.847,20.17,0.2,0.392,29.05,Excavator_CAT6020,34.6,17.0,0.588,0,93.5,11,21.43,1170.0,1223.5,0.0,0.0,0,LOW
REC_00273,2024-03-31,odisha_keonjhar_joda,Shift_C_Night,0.06,0.46,0.85,23.09,0.96,0.475,29.15,Dumper_KomatsuHD785,32.8,108.0,3.542,0,91.5,11,27.23,2400.0,2093.5,306.5,12.77,0,LOW
REC_00274,2024-04-01,odisha_sundargarh_bonai,Shift_A_Morning,0.29,0.62,0.849,23.64,0.2,0.465,25.65,Excavator_CAT6020,27.7,50.0,1.385,0,92.1,11,22.5,2600.0,2872.9,0.0,0.0,0,LOW
REC_00275,2024-04-01,odisha_sundargarh_patmunda,Shift_B_Evening,1.24,0.75,0.844,15.48,0.2,0.437,25.65,Dumper_KomatsuHD785,44.4,33.0,1.465,0,95.0,11,23.15,2025.0,2055.6,0.0,0.0,0,LOW
REC_00276,2024-04-01,jharkhand_singhbhum_chaibasa,Shift_C_Night,0.14,0.34,0.849,18.43,0.21,0.389,25.95,Dumper_KomatsuHD785,46.9,28.0,1.313,0,91.7,11,23.81,1162.5,1039.9,122.6,10.55,0,LOW
REC_00277,2024-04-02,karnataka_sandur_kumaraswamy,Shift_A_Morning,0.62,0.79,0.847,20.82,0.2,0.472,28.35,Excavator_CAT6020,44.6,49.0,2.185,0,93.8,11,28.28,2700.0,2286.9,413.1,15.3,1,MODERATE
REC_00278,2024-04-02,karnataka_shimoga_kumsi,Shift_B_Evening,0.45,0.61,0.848,20.57,0.2,0.44,24.95,Dumper_KomatsuHD785,38.2,211.0,8.06,0,93.9,11,26.2,1305.0,1148.7,156.3,11.98,0,LOW
REC_00279,2024-04-02,andhra_visakhapatnam_garividi,Shift_C_Night,0.88,0.45,0.846,12.97,0.2,0.49,25.65,Dumper_KomatsuHD785,46.4,207.0,9.605,0,90.7,11,25.58,1237.5,1178.0,59.5,4.81,0,LOW
REC_00280,2024-04-03,goa_sanguem_bicholim,Shift_A_Morning,0.73,0.4,0.846,15.19,0.2,0.42,26.95,Dumper_KomatsuHD785,27.3,118.0,3.221,0,92.2,11,27.58,1800.0,1541.8,258.2,14.35,0,LOW
REC_00281,2024-04-03,balaghat_bharweli,Shift_B_Evening,0.77,0.56,0.846,18.9,0.23,0.4,24.25,Dumper_KomatsuHD785,27.3,65.0,1.774,0,92.6,11,23.53,2520.0,2508.7,11.3,0.45,0,LOW
REC_00282,2024-04-03,balaghat_ukwa,Shift_C_Night,1.17,0.63,0.844,23.09,0.2,0.47,28.05,Dumper_KomatsuHD785,39.4,107.0,4.216,0,96.0,12,27.4,1725.0,1559.3,165.7,9.6,0,LOW
REC_00283,2024-04-04,balaghat_tirodi,Shift_A_Morning,0.36,0.59,0.848,17.21,0.2,0.489,28.75,Dumper_KomatsuHD785,21.5,92.0,1.978,0,93.7,11,23.6,2400.0,2433.1,0.0,0.0,0,LOW
REC_00284,2024-04-04,bhandara_dongri_buzurg,Shift_B_Evening,0.19,0.41,0.849,17.48,0.5,0.45,25.45,Excavator_CAT6020,59.4,200.0,11.88,0,90.1,11,23.54,1980.0,2020.2,0.0,0.0,0,LOW
REC_00285,2024-04-04,bhandara_chikla_sitasawangi,Shift_C_Night,0.39,0.51,0.848,22.85,0.2,0.427,25.05,Dumper_KomatsuHD785,61.0,189.0,11.529,1,78.2,9,23.84,1500.0,698.3,801.7,53.45,1,CRITICAL
REC_00286,2024-04-05,nagpur_kandri_mansar,Shift_A_Morning,0.28,0.48,0.849,20.09,0.29,0.386,23.85,Dumper_KomatsuHD785,42.2,157.0,6.625,0,94.6,11,28.39,2100.0,1663.8,436.2,20.77,1,MODERATE
REC_00287,2024-04-05,nagpur_gumgaon_ramdongri,Shift_B_Evening,0.09,0.52,0.85,18.16,0.2,0.467,24.15,Dumper_KomatsuHD785,39.4,59.0,2.325,0,93.9,11,22.96,1665.0,1761.3,0.0,0.0,0,LOW
REC_00288,2024-04-05,nagpur_beldongri_satak,Shift_C_Night,0.78,0.47,0.846,21.0,0.2,0.412,26.55,Dumper_KomatsuHD785,46.6,2.0,0.093,0,94.9,11,27.21,1312.5,1160.6,151.9,11.57,0,LOW
REC_00289,2024-04-06,chhindwara_sausar_gowari,Shift_A_Morning,0.83,0.63,0.846,17.37,0.2,0.4,26.75,Dumper_KomatsuHD785,45.9,162.0,7.436,0,94.8,11,26.0,1600.0,1432.7,167.3,10.45,0,LOW
REC_00290,2024-04-06,gujarat_vadodara_pavi,Shift_B_Evening,1.57,0.61,0.842,15.13,0.2,0.534,27.05,Dumper_KomatsuHD785,43.9,193.0,8.473,0,93.0,11,23.52,1260.0,1231.9,28.1,2.23,0,LOW
REC_00291,2024-04-06,gujarat_panchmahal_halol,Shift_C_Night,0.61,0.41,0.847,12.46,0.2,0.375,25.75,DrillRig_SandvikDR412,51.0,32.0,1.632,0,95.9,12,22.87,1275.0,1466.2,0.0,0.0,0,LOW
REC_00292,2024-04-07,rajasthan_banswara_tambesra,Shift_A_Morning,1.0,0.72,0.845,13.76,0.2,0.451,27.15,Dumper_KomatsuHD785,53.3,113.0,6.023,0,91.7,11,23.43,1300.0,1350.8,0.0,0.0,0,LOW
REC_00293,2024-04-07,odisha_keonjhar_joda,Shift_B_Evening,3.61,0.63,0.832,25.37,0.2,0.515,25.95,Dumper_KomatsuHD785,47.9,67.0,3.209,0,93.8,11,22.44,2880.0,2833.1,46.9,1.63,0,LOW
REC_00294,2024-04-07,odisha_sundargarh_bonai,Shift_C_Night,2.69,0.86,0.837,16.9,0.2,0.392,28.25,Dumper_KomatsuHD785,16.6,169.0,2.805,0,93.6,11,21.74,1950.0,2134.3,0.0,0.0,0,LOW
REC_00295,2024-04-08,odisha_sundargarh_patmunda,Shift_A_Morning,0.48,0.5,0.848,19.61,0.2,0.35,26.65,Dumper_KomatsuHD785,27.5,29.0,0.797,0,94.3,11,25.11,2250.0,2163.5,86.5,3.84,0,LOW
REC_00296,2024-04-08,jharkhand_singhbhum_chaibasa,Shift_B_Evening,0.48,0.64,0.848,20.65,0.2,0.379,23.65,Dumper_KomatsuHD785,61.4,125.0,7.675,0,94.2,11,23.23,1395.0,1422.3,0.0,0.0,0,LOW
REC_00297,2024-04-08,karnataka_sandur_kumaraswamy,Shift_C_Night,0.16,0.58,0.849,10.0,0.2,0.407,24.25,Excavator_CAT6020,36.4,56.0,2.038,0,91.7,11,25.6,2025.0,1796.9,228.1,11.26,0,LOW
REC_00298,2024-04-09,karnataka_shimoga_kumsi,Shift_A_Morning,1.63,0.6,0.842,22.16,0.2,0.498,30.55,Dumper_KomatsuHD785,34.8,50.0,1.74,0,91.8,11,23.31,1450.0,1495.2,0.0,0.0,0,LOW
REC_00299,2024-04-09,andhra_visakhapatnam_garividi,Shift_B_Evening,0.56,0.69,0.847,12.05,0.2,0.453,29.55,Dumper_KomatsuHD785,61.2,170.0,10.404,0,91.8,11,22.58,1485.0,1594.9,0.0,0.0,0,LOW
REC_00300,2024-04-09,goa_sanguem_bicholim,Shift_C_Night,1.82,0.7,0.841,18.59,0.2,0.476,24.05,Dumper_KomatsuHD785,49.6,167.0,8.283,0,90.4,11,26.34,1350.0,1159.8,190.2,14.09,0,LOW
REC_00301,2024-04-10,balaghat_bharweli,Shift_A_Morning,1.71,0.64,0.841,14.86,0.2,0.474,28.25,Excavator_CAT6020,38.9,179.0,6.963,0,93.1,11,25.31,2800.0,2702.4,97.6,3.49,0,LOW
REC_00302,2024-04-10,balaghat_ukwa,Shift_B_Evening,1.5,0.7,0.842,17.92,0.2,0.477,24.15,Dumper_KomatsuHD785,29.4,123.0,3.616,0,94.5,11,25.92,2070.0,1839.8,230.2,11.12,0,LOW
REC_00303,2024-04-10,balaghat_tirodi,Shift_C_Night,0.26,0.39,0.849,13.75,0.98,0.492,27.15,Dumper_KomatsuHD785,60.5,112.0,6.776,0,95.5,11,26.44,1800.0,1625.8,174.2,9.68,0,LOW
REC_00304,2024-04-11,bhandara_dongri_buzurg,Shift_A_Morning,0.82,0.46,0.846,16.74,0.2,0.422,27.55,Excavator_CAT6020,40.2,162.0,6.512,0,96.5,12,24.12,2200.0,2402.8,0.0,0.0,0,LOW
REC_00305,2024-04-11,bhandara_chikla_sitasawangi,Shift_B_Evening,0.32,0.61,0.848,20.05,0.2,0.523,25.65,Dumper_KomatsuHD785,43.1,63.0,2.715,0,93.9,11,23.76,1800.0,1821.2,0.0,0.0,0,LOW
REC_00306,2024-04-11,nagpur_kandri_mansar,Shift_C_Night,1.93,0.44,0.84,22.07,0.2,0.405,25.65,Excavator_CAT6020,49.6,27.0,1.339,0,91.8,11,24.99,1575.0,1532.6,42.4,2.69,0,LOW
REC_00307,2024-04-12,nagpur_gumgaon_ramdongri,Shift_A_Morning,1.91,0.72,0.84,13.45,0.2,0.453,28.35,Dumper_KomatsuHD785,44.7,164.0,7.331,0,92.2,11,22.24,1850.0,1873.8,0.0,0.0,0,LOW
REC_00308,2024-04-12,nagpur_beldongri_satak,Shift_B_Evening,0.52,0.39,0.847,21.96,0.2,0.423,30.35,DrillRig_SandvikDR412,49.0,35.0,1.715,0,93.6,11,22.83,1575.0,1700.0,0.0,0.0,0,LOW
REC_00309,2024-04-12,chhindwara_sausar_gowari,Shift_C_Night,0.68,0.44,0.847,22.41,0.2,0.472,26.65,Dumper_KomatsuHD785,42.1,191.0,8.041,0,93.2,11,27.01,1200.0,1102.7,97.3,8.11,0,LOW
REC_00310,2024-04-13,gujarat_vadodara_pavi,Shift_A_Morning,1.2,0.56,0.844,13.5,0.2,0.438,24.05,Excavator_CAT6020,47.9,143.0,6.85,0,92.5,11,23.23,1400.0,1331.1,68.9,4.92,0,LOW
REC_00311,2024-04-13,gujarat_panchmahal_halol,Shift_B_Evening,4.72,0.88,0.826,15.91,0.2,0.511,26.15,Excavator_CAT6020,35.3,52.0,1.836,0,92.3,11,22.95,1530.0,1648.7,0.0,0.0,0,LOW
REC_00312,2024-04-13,rajasthan_banswara_tambesra,Shift_C_Night,0.51,0.39,0.847,15.79,0.2,0.38,25.35,Dumper_KomatsuHD785,42.5,25.0,1.062,0,93.6,11,26.14,975.0,840.8,134.2,13.77,0,LOW
REC_00313,2024-04-14,odisha_keonjhar_joda,Shift_A_Morning,4.15,0.76,0.829,19.12,0.2,0.447,27.45,Dumper_KomatsuHD785,47.7,120.0,5.724,0,93.8,11,24.63,3200.0,2920.7,279.3,8.73,0,LOW
REC_00314,2024-04-14,odisha_sundargarh_bonai,Shift_B_Evening,1.17,0.46,0.844,21.04,0.2,0.498,25.55,Dumper_KomatsuHD785,34.8,112.0,3.898,0,95.7,11,21.09,2340.0,2691.0,0.0,0.0,0,LOW
REC_00315,2024-04-14,odisha_sundargarh_patmunda,Shift_C_Night,0.38,0.63,0.848,19.0,0.24,0.472,26.25,DrillRig_SandvikDR412,49.7,9.0,0.447,0,94.6,11,25.08,1687.5,1515.4,172.1,10.2,0,LOW
REC_00316,2024-04-15,jharkhand_singhbhum_chaibasa,Shift_A_Morning,1.45,0.53,0.843,24.11,0.2,0.389,27.25,Dumper_KomatsuHD785,40.0,51.0,2.04,0,94.8,11,25.38,1550.0,1439.1,110.9,7.16,0,LOW
REC_00317,2024-04-15,karnataka_sandur_kumaraswamy,Shift_B_Evening,0.61,0.51,0.847,19.54,0.2,0.449,27.55,Dumper_KomatsuHD785,46.8,165.0,7.722,0,93.2,11,24.69,2430.0,2302.5,127.5,5.25,0,LOW
REC_00318,2024-04-15,karnataka_shimoga_kumsi,Shift_C_Night,2.95,0.58,0.835,16.82,0.2,0.52,26.85,Dumper_KomatsuHD785,22.7,49.0,1.112,0,96.5,12,21.66,1087.5,1250.6,0.0,0.0,0,LOW
REC_00319,2024-04-16,andhra_visakhapatnam_garividi,Shift_A_Morning,1.5,0.66,0.842,20.17,0.2,0.419,23.65,Dumper_KomatsuHD785,40.0,130.0,5.2,0,92.2,11,22.41,1650.0,1681.3,0.0,0.0,0,LOW
REC_00320,2024-04-16,goa_sanguem_bicholim,Shift_B_Evening,0.08,0.68,0.85,16.96,0.2,0.427,26.95,Dumper_KomatsuHD785,40.1,100.0,4.01,0,94.3,11,25.24,1620.0,1557.9,62.1,3.83,0,LOW
REC_00321,2024-04-16,balaghat_bharweli,Shift_C_Night,3.24,0.62,0.834,19.11,0.2,0.485,30.85,DrillRig_SandvikDR412,43.1,96.0,4.138,0,95.3,11,22.71,2100.0,2164.0,0.0,0.0,0,LOW
REC_00322,2024-04-17,balaghat_ukwa,Shift_A_Morning,0.56,0.56,0.847,20.75,0.2,0.419,26.75,Dumper_KomatsuHD785,39.4,18.0,0.709,0,91.2,11,24.85,2300.0,2262.2,37.8,1.64,0,LOW
REC_00323,2024-04-17,balaghat_tirodi,Shift_B_Evening,1.86,0.86,0.841,15.6,0.2,0.426,25.25,Excavator_CAT6020,36.1,191.0,6.895,0,96.9,12,28.23,2160.0,1907.2,252.8,11.7,0,LOW
REC_00324,2024-04-17,bhandara_dongri_buzurg,Shift_C_Night,3.3,0.72,0.833,12.19,0.2,0.451,26.05,Dumper_KomatsuHD785,44.0,19.0,0.836,0,89.9,11,24.21,1650.0,1548.1,101.9,6.18,0,LOW
REC_00325,2024-04-18,bhandara_chikla_sitasawangi,Shift_A_Morning,3.14,0.78,0.834,17.06,0.2,0.4,26.05,Dumper_KomatsuHD785,48.4,35.0,1.694,0,95.3,11,23.68,2000.0,1952.7,47.3,2.36,0,LOW
REC_00326,2024-04-18,nagpur_kandri_mansar,Shift_B_Evening,0.09,0.56,0.85,14.37,0.87,0.422,29.05,Dumper_KomatsuHD785,37.7,55.0,2.074,0,94.5,11,23.03,1890.0,1867.4,22.6,1.2,0,LOW
REC_00327,2024-04-18,nagpur_gumgaon_ramdongri,Shift_C_Night,0.35,0.82,0.848,22.4,0.2,0.492,26.85,Excavator_CAT6020,32.4,4.0,0.13,0,93.0,11,22.9,1387.5,1498.8,0.0,0.0,0,LOW
REC_00328,2024-04-19,nagpur_beldongri_satak,Shift_A_Morning,2.94,0.72,0.835,19.5,0.2,0.478,26.95,Dumper_KomatsuHD785,47.7,26.0,1.24,0,93.7,11,26.37,1750.0,1420.7,329.3,18.81,1,MODERATE
REC_00329,2024-04-19,chhindwara_sausar_gowari,Shift_B_Evening,0.84,0.6,0.846,17.0,0.2,0.457,23.85,Dumper_KomatsuHD785,39.4,126.0,4.964,0,94.0,11,23.46,1440.0,1548.1,0.0,0.0,0,LOW
REC_00330,2024-04-19,gujarat_vadodara_pavi,Shift_C_Night,1.13,0.64,0.844,14.89,0.2,0.409,24.65,Dumper_KomatsuHD785,25.6,200.0,5.12,1,80.1,10,24.46,1050.0,592.8,457.2,43.54,1,CRITICAL
REC_00331,2024-04-20,gujarat_panchmahal_halol,Shift_A_Morning,0.21,0.45,0.849,13.62,0.2,0.454,29.15,Excavator_CAT6020,36.1,109.0,3.935,0,90.7,11,21.4,1700.0,1935.8,0.0,0.0,0,LOW
REC_00332,2024-04-20,rajasthan_banswara_tambesra,Shift_B_Evening,0.07,0.37,0.85,16.03,0.2,0.455,29.85,Dumper_KomatsuHD785,43.0,210.0,9.03,0,94.4,11,20.06,1170.0,1345.5,0.0,0.0,0,LOW
REC_00333,2024-04-20,odisha_keonjhar_joda,Shift_C_Night,0.67,0.74,0.847,19.44,0.2,0.45,27.65,Excavator_CAT6020,22.2,53.0,1.177,0,91.3,11,26.27,2400.0,2147.6,252.4,10.51,0,LOW
REC_00334,2024-04-21,odisha_sundargarh_bonai,Shift_A_Morning,1.2,0.49,0.844,18.44,0.2,0.437,24.55,Dumper_KomatsuHD785,40.1,82.0,3.288,0,92.2,11,25.11,2600.0,2371.4,228.6,8.79,0,LOW
REC_00335,2024-04-21,odisha_sundargarh_patmunda,Shift_B_Evening,0.28,0.61,0.849,17.21,0.2,0.35,27.45,Dumper_KomatsuHD785,30.6,171.0,5.233,0,94.2,11,24.15,2025.0,1934.2,90.8,4.48,0,LOW
REC_00336,2024-04-21,jharkhand_singhbhum_chaibasa,Shift_C_Night,0.99,0.73,0.845,21.61,0.2,0.5,27.65,Dumper_KomatsuHD785,45.6,174.0,7.934,0,93.8,11,24.96,1162.5,1118.3,44.2,3.81,0,LOW
REC_00337,2024-04-22,karnataka_sandur_kumaraswamy,Shift_A_Morning,0.8,0.67,0.846,15.91,0.2,0.463,22.45,DrillRig_SandvikDR412,55.3,135.0,7.465,0,93.0,11,24.06,2700.0,2770.8,0.0,0.0,0,LOW
REC_00338,2024-04-22,karnataka_shimoga_kumsi,Shift_B_Evening,0.09,0.63,0.85,16.41,0.29,0.484,23.55,Dumper_KomatsuHD785,47.5,37.0,1.758,0,89.4,11,23.14,1305.0,1354.9,0.0,0.0,0,LOW
REC_00339,2024-04-22,andhra_visakhapatnam_garividi,Shift_C_Night,0.56,0.52,0.847,22.78,0.53,0.407,27.35,Excavator_CAT6020,44.5,30.0,1.335,0,92.5,11,22.12,1237.5,1250.4,0.0,0.0,0,LOW
REC_00340,2024-04-23,goa_sanguem_bicholim,Shift_A_Morning,0.09,0.45,0.85,10.29,0.2,0.502,28.55,Dumper_KomatsuHD785,44.5,135.0,6.008,0,95.6,11,23.82,1800.0,1951.8,0.0,0.0,0,LOW
REC_00341,2024-04-23,balaghat_bharweli,Shift_B_Evening,0.01,0.56,0.85,20.34,0.2,0.506,24.45,Excavator_CAT6020,41.2,178.0,7.334,0,94.5,11,25.74,2520.0,2391.3,128.7,5.11,0,LOW
REC_00342,2024-04-23,balaghat_ukwa,Shift_C_Night,0.88,0.61,0.846,15.09,0.2,0.421,24.25,Excavator_CAT6020,22.1,81.0,1.79,0,94.9,11,24.54,1725.0,1658.5,66.5,3.85,0,LOW
REC_00343,2024-04-24,balaghat_tirodi,Shift_A_Morning,1.66,0.65,0.842,19.29,0.2,0.481,25.05,Dumper_KomatsuHD785,58.3,35.0,2.041,0,94.4,11,27.97,2400.0,2114.6,285.4,11.89,0,LOW
REC_00344,2024-04-24,bhandara_dongri_buzurg,Shift_B_Evening,0.2,0.7,0.849,17.26,0.2,0.425,30.55,Dumper_KomatsuHD785,37.4,103.0,3.852,0,91.8,11,22.72,1980.0,2017.1,0.0,0.0,0,LOW
REC_00345,2024-04-24,bhandara_chikla_sitasawangi,Shift_C_Night,0.66,0.55,0.847,21.24,0.2,0.459,24.55,Dumper_KomatsuHD785,38.2,94.0,3.591,0,92.8,11,26.55,1500.0,1318.5,181.5,12.1,0,LOW
REC_00346,2024-04-25,nagpur_kandri_mansar,Shift_A_Morning,1.29,0.54,0.844,21.15,0.2,0.454,25.65,Excavator_CAT6020,41.8,91.0,3.804,0,93.6,11,21.4,2100.0,2415.0,0.0,0.0,0,LOW
REC_00347,2024-04-25,nagpur_gumgaon_ramdongri,Shift_B_Evening,0.38,0.59,0.848,14.73,0.2,0.389,29.15,DrillRig_SandvikDR412,38.2,47.0,1.795,0,95.1,11,26.33,1665.0,1536.1,128.9,7.74,0,LOW
REC_00348,2024-04-25,nagpur_beldongri_satak,Shift_C_Night,1.81,0.57,0.841,20.25,0.2,0.412,24.35,Dumper_KomatsuHD785,36.9,108.0,3.985,0,96.5,12,23.32,1312.5,1443.6,0.0,0.0,0,LOW
REC_00349,2024-04-26,chhindwara_sausar_gowari,Shift_A_Morning,0.36,0.56,0.848,12.57,0.2,0.401,27.35,Excavator_CAT6020,37.8,150.0,5.67,0,96.0,12,25.58,1600.0,1603.7,0.0,0.0,0,LOW
REC_00350,2024-04-26,gujarat_vadodara_pavi,Shift_B_Evening,6.67,1.07,0.817,19.91,0.2,0.422,25.05,Dumper_KomatsuHD785,44.1,166.0,7.321,0,93.4,11,26.56,1260.0,1050.0,210.0,16.66,1,MODERATE
REC_00351,2024-04-26,gujarat_panchmahal_halol,Shift_C_Night,1.97,0.56,0.84,17.38,0.2,0.499,24.75,Dumper_KomatsuHD785,46.8,118.0,5.522,0,92.4,11,20.62,1275.0,1466.2,0.0,0.0,0,LOW
REC_00352,2024-04-27,rajasthan_banswara_tambesra,Shift_A_Morning,1.27,0.66,0.844,22.8,0.2,0.493,30.65,DrillRig_SandvikDR412,46.9,154.0,7.223,0,97.6,12,26.17,1300.0,1298.4,1.6,0.12,0,LOW
REC_00353,2024-04-27,odisha_keonjhar_joda,Shift_B_Evening,1.06,0.6,0.845,18.21,0.2,0.521,26.15,DrillRig_SandvikDR412,29.7,141.0,4.188,0,92.7,11,21.53,2880.0,3097.4,0.0,0.0,0,LOW
REC_00354,2024-04-27,odisha_sundargarh_bonai,Shift_C_Night,1.09,0.62,0.845,10.78,0.2,0.495,29.75,Excavator_CAT6020,49.9,55.0,2.744,0,94.9,11,25.62,1950.0,1917.0,33.0,1.69,0,LOW
REC_00355,2024-04-28,odisha_sundargarh_patmunda,Shift_A_Morning,0.07,0.7,0.85,16.24,0.2,0.472,26.75,Excavator_CAT6020,42.1,182.0,7.662,0,93.3,11,24.24,2250.0,2098.2,151.8,6.75,0,LOW
REC_00356,2024-04-28,jharkhand_singhbhum_chaibasa,Shift_B_Evening,1.41,0.71,0.843,22.86,0.2,0.466,26.95,Excavator_CAT6020,41.0,193.0,7.913,0,91.4,11,21.83,1395.0,1532.8,0.0,0.0,0,LOW
REC_00357,2024-04-28,karnataka_sandur_kumaraswamy,Shift_C_Night,1.47,0.82,0.843,16.32,0.27,0.512,27.35,Dumper_KomatsuHD785,48.3,122.0,5.893,0,95.3,11,25.16,2025.0,1936.7,88.3,4.36,0,LOW
REC_00358,2024-04-29,karnataka_shimoga_kumsi,Shift_A_Morning,3.89,0.71,0.831,29.18,0.2,0.46,25.65,Dumper_KomatsuHD785,55.8,155.0,8.649,0,91.0,11,25.01,1450.0,1338.3,111.7,7.7,0,LOW
REC_00359,2024-04-29,andhra_visakhapatnam_garividi,Shift_B_Evening,1.05,0.41,0.845,22.02,0.2,0.447,30.65,Excavator_CAT6020,53.6,136.0,7.29,0,92.6,11,24.63,1485.0,1384.6,100.4,6.76,0,LOW
REC_00360,2024-04-29,goa_sanguem_bicholim,Shift_C_Night,2.55,0.74,0.837,21.1,0.2,0.475,30.65,Dumper_KomatsuHD785,41.9,145.0,6.075,0,91.9,11,26.03,1350.0,1186.4,163.6,12.12,0,LOW
REC_00361,2024-04-30,balaghat_bharweli,Shift_A_Morning,7.07,1.09,0.815,19.11,0.2,0.429,26.05,Excavator_CAT6020,47.0,198.0,9.306,0,92.6,11,23.83,2800.0,2601.7,198.3,7.08,0,LOW
REC_00362,2024-04-30,balaghat_ukwa,Shift_B_Evening,0.09,0.44,0.85,15.54,0.2,0.43,29.45,DrillRig_SandvikDR412,21.3,87.0,1.853,0,93.3,11,23.73,2070.0,2058.0,12.0,0.58,0,LOW
REC_00363,2024-04-30,balaghat_tirodi,Shift_C_Night,4.34,0.68,0.828,16.9,0.2,0.402,24.65,Dumper_KomatsuHD785,30.3,62.0,1.879,0,91.5,11,23.27,1800.0,1770.7,29.3,1.63,0,LOW
REC_00364,2024-05-01,bhandara_dongri_buzurg,Shift_A_Morning,0.36,0.67,0.848,14.06,0.2,0.474,29.35,Dumper_KomatsuHD785,29.5,35.0,1.032,0,92.8,11,23.41,2200.0,2151.8,48.2,2.19,0,LOW
REC_00365,2024-05-01,bhandara_chikla_sitasawangi,Shift_B_Evening,2.4,0.5,0.838,17.76,0.2,0.436,29.05,Dumper_KomatsuHD785,19.9,200.0,3.98,0,94.2,11,24.61,1800.0,1903.3,0.0,0.0,0,LOW
REC_00366,2024-05-01,nagpur_kandri_mansar,Shift_C_Night,0.19,0.37,0.849,20.76,0.2,0.447,28.35,Dumper_KomatsuHD785,31.1,170.0,5.287,0,92.1,11,26.07,1575.0,1406.6,168.4,10.69,0,LOW
REC_00367,2024-05-02,nagpur_gumgaon_ramdongri,Shift_A_Morning,0.07,0.39,0.85,10.0,0.2,0.523,28.05,Excavator_CAT6020,22.5,28.0,0.63,0,95.6,11,25.2,1850.0,1774.4,75.6,4.08,0,LOW
REC_00368,2024-05-02,nagpur_beldongri_satak,Shift_B_Evening,0.45,0.66,0.848,18.53,1.08,0.403,27.15,Dumper_KomatsuHD785,38.4,51.0,1.958,0,92.9,11,28.7,1575.0,1300.4,274.6,17.44,1,MODERATE
REC_00369,2024-05-02,chhindwara_sausar_gowari,Shift_C_Night,0.81,0.69,0.846,17.88,0.2,0.439,29.15,Dumper_KomatsuHD785,49.9,48.0,2.395,0,95.9,12,23.19,1200.0,1233.8,0.0,0.0,0,LOW
REC_00370,2024-05-03,gujarat_vadodara_pavi,Shift_A_Morning,1.72,0.61,0.841,17.16,0.28,0.526,26.15,Dumper_KomatsuHD785,38.7,64.0,2.477,0,97.0,12,28.77,1400.0,1244.1,155.9,11.13,0,LOW
REC_00371,2024-05-03,gujarat_panchmahal_halol,Shift_B_Evening,0.31,0.32,0.848,21.06,0.2,0.459,28.85,Dumper_KomatsuHD785,34.2,18.0,0.616,0,91.7,11,23.06,1530.0,1525.3,4.7,0.31,0,LOW
REC_00372,2024-05-03,rajasthan_banswara_tambesra,Shift_C_Night,0.3,0.57,0.849,16.53,0.2,0.406,26.75,Dumper_KomatsuHD785,41.8,109.0,4.556,0,94.2,11,26.68,975.0,851.7,123.3,12.65,0,LOW
REC_00373,2024-05-04,odisha_keonjhar_joda,Shift_A_Morning,0.55,0.56,0.847,15.11,0.84,0.471,27.85,Dumper_KomatsuHD785,42.0,141.0,5.922,0,91.7,11,23.64,3200.0,3128.7,71.3,2.23,0,LOW
REC_00374,2024-05-04,odisha_sundargarh_bonai,Shift_B_Evening,2.49,0.62,0.838,15.19,0.2,0.462,28.75,Dumper_KomatsuHD785,31.4,133.0,4.176,0,94.3,11,26.95,2340.0,2094.8,245.2,10.48,0,LOW
REC_00375,2024-05-04,odisha_sundargarh_patmunda,Shift_C_Night,0.2,0.31,0.849,15.98,0.2,0.483,23.65,Dumper_KomatsuHD785,45.9,182.0,8.354,0,93.5,11,22.93,1687.5,1700.7,0.0,0.0,0,LOW
REC_00376,2024-05-05,jharkhand_singhbhum_chaibasa,Shift_A_Morning,2.87,0.51,0.836,10.92,0.2,0.448,27.35,Dumper_KomatsuHD785,18.9,9.0,0.17,0,91.3,11,28.12,1550.0,1218.8,331.2,21.37,1,MODERATE
REC_00377,2024-05-05,karnataka_sandur_kumaraswamy,Shift_B_Evening,9.27,1.19,0.804,23.97,0.27,0.456,30.75,Dumper_KomatsuHD785,31.4,209.0,6.563,0,88.7,11,25.87,2430.0,2132.7,297.3,12.23,0,LOW
REC_00378,2024-05-05,karnataka_shimoga_kumsi,Shift_C_Night,0.86,0.5,0.846,18.11,0.2,0.367,25.15,Excavator_CAT6020,48.0,181.0,8.688,0,96.9,12,23.67,1087.5,1202.3,0.0,0.0,0,LOW
REC_00379,2024-05-06,andhra_visakhapatnam_garividi,Shift_A_Morning,0.03,0.35,0.85,16.95,0.2,0.427,26.15,Excavator_CAT6020,31.4,99.0,3.109,0,94.5,11,21.21,1650.0,1897.5,0.0,0.0,0,LOW
REC_00380,2024-05-06,goa_sanguem_bicholim,Shift_B_Evening,0.23,0.64,0.849,16.32,0.2,0.429,28.45,Excavator_CAT6020,38.9,0.0,0.0,0,94.7,11,22.78,1620.0,1744.0,0.0,0.0,0,LOW
REC_00381,2024-05-06,balaghat_bharweli,Shift_C_Night,1.36,0.68,0.843,18.56,0.2,0.454,29.45,Excavator_CAT6020,50.3,33.0,1.66,0,96.4,12,22.8,2100.0,2415.0,0.0,0.0,0,LOW
REC_00382,2024-05-07,balaghat_ukwa,Shift_A_Morning,0.51,0.59,0.847,18.75,0.2,0.513,25.05,Dumper_KomatsuHD785,45.0,66.0,2.97,0,95.8,11,25.98,2300.0,2065.3,234.7,10.2,0,LOW
REC_00383,2024-05-07,balaghat_tirodi,Shift_B_Evening,3.53,0.82,0.832,20.29,0.2,0.485,27.95,Dumper_KomatsuHD785,38.0,17.0,0.646,0,96.6,12,23.03,2160.0,2364.8,0.0,0.0,0,LOW
REC_00384,2024-05-07,bhandara_dongri_buzurg,Shift_C_Night,0.7,0.47,0.846,13.7,1.3,0.431,30.15,Dumper_KomatsuHD785,20.6,130.0,2.678,0,91.5,11,23.36,1650.0,1696.0,0.0,0.0,0,LOW
REC_00385,2024-05-08,bhandara_chikla_sitasawangi,Shift_A_Morning,4.13,0.84,0.829,10.0,0.2,0.533,27.75,Dumper_KomatsuHD785,20.2,138.0,2.788,0,92.8,11,25.89,2000.0,1854.1,145.9,7.29,0,LOW
REC_00386,2024-05-08,nagpur_kandri_mansar,Shift_B_Evening,1.03,0.49,0.845,24.24,0.2,0.439,24.45,Dumper_KomatsuHD785,50.6,143.0,7.236,0,94.7,11,22.03,1890.0,2107.0,0.0,0.0,0,LOW
REC_00387,2024-05-08,nagpur_gumgaon_ramdongri,Shift_C_Night,0.25,0.47,0.849,14.33,0.2,0.459,27.35,Dumper_KomatsuHD785,34.8,87.0,3.028,0,97.3,12,24.11,1387.5,1383.1,4.4,0.32,0,LOW
REC_00388,2024-05-09,nagpur_beldongri_satak,Shift_A_Morning,0.43,0.4,0.848,25.01,0.2,0.455,24.75,Excavator_CAT6020,39.2,59.0,2.313,0,91.8,11,23.69,1750.0,1806.7,0.0,0.0,0,LOW
REC_00389,2024-05-09,chhindwara_sausar_gowari,Shift_B_Evening,1.58,0.68,0.842,18.89,0.53,0.479,24.15,Excavator_CAT6020,24.5,41.0,1.004,0,94.4,11,21.33,1440.0,1532.4,0.0,0.0,0,LOW
REC_00390,2024-05-09,gujarat_vadodara_pavi,Shift_C_Night,0.01,0.55,0.85,19.77,0.2,0.405,28.35,Excavator_CAT6020,47.0,26.0,1.222,0,98.8,12,27.27,1050.0,1025.0,25.0,2.38,0,LOW
REC_00391,2024-05-10,gujarat_panchmahal_halol,Shift_A_Morning,0.04,0.55,0.85,25.29,0.2,0.46,27.15,Dumper_KomatsuHD785,33.6,158.0,5.309,0,91.2,11,24.91,1700.0,1616.1,83.9,4.93,0,LOW
REC_00392,2024-05-10,rajasthan_banswara_tambesra,Shift_B_Evening,2.05,0.66,0.84,19.82,0.2,0.433,24.85,Excavator_CAT6020,42.6,2.0,0.085,0,97.6,12,25.35,1170.0,1121.8,48.2,4.12,0,LOW
REC_00393,2024-05-10,odisha_keonjhar_joda,Shift_C_Night,0.35,0.34,0.848,21.64,0.89,0.363,25.15,Dumper_KomatsuHD785,44.3,71.0,3.145,0,93.2,11,27.37,2400.0,2042.1,357.9,14.91,0,LOW
REC_00394,2024-05-11,odisha_sundargarh_bonai,Shift_A_Morning,0.48,0.39,0.848,10.0,0.3,0.498,27.15,Dumper_KomatsuHD785,25.6,43.0,1.101,0,93.0,11,23.54,2600.0,2746.3,0.0,0.0,0,LOW
REC_00395,2024-05-11,odisha_sundargarh_patmunda,Shift_B_Evening,0.74,0.6,0.846,17.43,0.2,0.458,25.65,Dumper_KomatsuHD785,30.4,150.0,4.56,0,94.6,11,23.22,2025.0,2072.1,0.0,0.0,0,LOW
REC_00396,2024-05-11,jharkhand_singhbhum_chaibasa,Shift_C_Night,0.77,0.45,0.846,17.0,0.2,0.452,27.65,Dumper_KomatsuHD785,48.1,198.0,9.524,0,94.4,11,23.55,1162.5,1178.8,0.0,0.0,0,LOW
REC_00397,2024-05-12,karnataka_sandur_kumaraswamy,Shift_A_Morning,0.65,0.58,0.847,14.9,0.63,0.441,26.75,Dumper_KomatsuHD785,38.1,160.0,6.096,0,92.4,11,20.39,2700.0,3105.0,0.0,0.0,0,LOW
REC_00398,2024-05-12,karnataka_shimoga_kumsi,Shift_B_Evening,2.15,0.71,0.839,22.45,0.2,0.431,28.75,Dumper_KomatsuHD785,68.6,85.0,5.831,1,78.0,9,22.1,1305.0,633.2,671.8,51.48,1,CRITICAL
REC_00399,2024-05-12,andhra_visakhapatnam_garividi,Shift_C_Night,1.35,0.55,0.843,18.88,0.2,0.435,30.55,Excavator_CAT6020,43.3,189.0,8.184,0,92.8,11,21.84,1237.5,1323.8,0.0,0.0,0,LOW
REC_00400,2024-05-13,goa_sanguem_bicholim,Shift_A_Morning,2.54,0.55,0.837,19.43,0.2,0.464,30.65,Excavator_CAT6020,33.4,128.0,4.275,0,93.1,11,26.98,1800.0,1655.3,144.7,8.04,0,LOW
REC_00401,2024-05-13,balaghat_bharweli,Shift_B_Evening,0.62,0.57,0.847,23.79,0.2,0.515,28.55,Excavator_CAT6020,33.5,146.0,4.891,0,92.7,11,23.64,2520.0,2558.6,0.0,0.0,0,LOW
REC_00402,2024-05-13,balaghat_ukwa,Shift_C_Night,2.15,0.79,0.839,18.75,0.2,0.479,30.55,DrillRig_SandvikDR412,35.6,154.0,5.482,0,93.1,11,25.55,1725.0,1558.3,166.7,9.66,0,LOW
REC_00403,2024-05-14,balaghat_tirodi,Shift_A_Morning,0.79,0.37,0.846,18.6,0.2,0.441,24.75,DrillRig_SandvikDR412,34.0,142.0,4.828,0,93.5,11,27.26,2400.0,2030.9,369.1,15.38,1,MODERATE
REC_00404,2024-05-14,bhandara_dongri_buzurg,Shift_B_Evening,0.51,0.64,0.847,20.1,0.4,0.422,24.75,Dumper_KomatsuHD785,48.6,75.0,3.645,0,95.5,11,27.78,1980.0,1765.8,214.2,10.82,0,LOW
REC_00405,2024-05-14,bhandara_chikla_sitasawangi,Shift_C_Night,1.4,0.66,0.843,14.14,0.2,0.468,27.55,Excavator_CAT6020,39.8,50.0,1.99,0,90.0,11,21.92,1500.0,1599.2,0.0,0.0,0,LOW
REC_00406,2024-05-15,nagpur_kandri_mansar,Shift_A_Morning,0.22,0.67,0.849,16.36,0.24,0.416,27.35,DrillRig_SandvikDR412,30.5,132.0,4.026,0,93.3,11,22.02,2100.0,2301.5,0.0,0.0,0,LOW
REC_00407,2024-05-15,nagpur_gumgaon_ramdongri,Shift_B_Evening,0.32,0.57,0.848,16.79,0.42,0.374,29.25,Dumper_KomatsuHD785,23.3,172.0,4.008,0,96.4,12,24.65,1665.0,1724.2,0.0,0.0,0,LOW
REC_00408,2024-05-15,nagpur_beldongri_satak,Shift_C_Night,0.01,0.43,0.85,21.52,0.2,0.381,25.05,Dumper_KomatsuHD785,17.8,31.0,0.552,0,97.0,12,24.32,1312.5,1427.8,0.0,0.0,0,LOW
REC_00409,2024-05-16,chhindwara_sausar_gowari,Shift_A_Morning,0.39,0.43,0.848,21.32,0.39,0.425,27.15,Dumper_KomatsuHD785,49.4,128.0,6.323,0,93.8,11,26.89,1600.0,1399.8,200.2,12.51,0,LOW
REC_00410,2024-05-16,gujarat_vadodara_pavi,Shift_B_Evening,1.97,0.59,0.84,15.74,1.27,0.446,26.25,Dumper_KomatsuHD785,59.0,38.0,2.242,0,91.9,11,27.2,1260.0,1074.8,185.2,14.7,0,LOW
REC_00411,2024-05-16,gujarat_panchmahal_halol,Shift_C_Night,0.1,0.58,0.849,15.3,0.2,0.35,25.65,DrillRig_SandvikDR412,44.9,107.0,4.804,0,93.0,11,22.16,1275.0,1280.8,0.0,0.0,0,LOW
REC_00412,2024-05-17,rajasthan_banswara_tambesra,Shift_A_Morning,0.91,0.6,0.845,13.96,0.77,0.443,27.85,Dumper_KomatsuHD785,41.8,19.0,0.794,0,93.5,11,23.31,1300.0,1250.7,49.3,3.79,0,LOW
REC_00413,2024-05-17,odisha_keonjhar_joda,Shift_B_Evening,0.63,0.51,0.847,18.63,0.2,0.513,30.85,Dumper_KomatsuHD785,42.1,5.0,0.21,0,92.2,11,25.29,2880.0,2580.8,299.2,10.39,0,LOW
REC_00414,2024-05-17,odisha_sundargarh_bonai,Shift_C_Night,0.36,0.43,0.848,15.41,0.2,0.48,25.15,Dumper_KomatsuHD785,44.7,73.0,3.263,0,91.5,11,25.27,1950.0,1906.3,43.7,2.24,0,LOW
REC_00415,2024-05-18,odisha_sundargarh_patmunda,Shift_A_Morning,2.09,0.56,0.84,17.09,0.2,0.506,29.65,Dumper_KomatsuHD785,30.9,58.0,1.792,0,91.5,11,23.49,2250.0,2236.0,14.0,0.62,0,LOW
REC_00416,2024-05-18,jharkhand_singhbhum_chaibasa,Shift_B_Evening,5.88,1.06,0.821,25.11,0.34,0.541,29.35,Excavator_CAT6020,35.0,157.0,5.495,0,92.0,11,21.33,1395.0,1390.4,4.6,0.33,0,LOW
REC_00417,2024-05-18,karnataka_sandur_kumaraswamy,Shift_C_Night,0.48,0.65,0.848,18.79,0.2,0.457,30.75,Dumper_KomatsuHD785,47.5,76.0,3.61,0,94.6,11,24.68,2025.0,2049.3,0.0,0.0,0,LOW
REC_00418,2024-05-19,karnataka_shimoga_kumsi,Shift_A_Morning,1.81,0.71,0.841,15.68,0.2,0.486,28.05,Dumper_KomatsuHD785,19.7,169.0,3.329,0,94.6,11,26.61,1450.0,1224.2,225.8,15.57,1,MODERATE
REC_00419,2024-05-19,andhra_visakhapatnam_garividi,Shift_B_Evening,1.08,0.75,0.845,21.34,0.2,0.384,26.15,Dumper_KomatsuHD785,40.5,213.0,8.627,0,92.4,11,22.77,1485.0,1588.9,0.0,0.0,0,LOW
REC_00420,2024-05-19,goa_sanguem_bicholim,Shift_C_Night,1.41,0.68,0.843,13.56,0.2,0.461,28.35,Dumper_KomatsuHD785,46.5,172.0,7.998,0,91.5,11,22.55,1350.0,1485.7,0.0,0.0,0,LOW
REC_00421,2024-05-20,balaghat_bharweli,Shift_A_Morning,0.78,0.54,0.846,19.96,0.2,0.407,27.45,Dumper_KomatsuHD785,41.6,140.0,5.824,0,97.5,12,21.68,2800.0,3220.0,0.0,0.0,0,LOW
REC_00422,2024-05-20,balaghat_ukwa,Shift_B_Evening,0.42,0.56,0.848,18.32,0.2,0.457,28.15,Excavator_CAT6020,41.2,223.0,9.188,0,95.4,11,24.26,2070.0,2260.7,0.0,0.0,0,LOW
REC_00423,2024-05-20,balaghat_tirodi,Shift_C_Night,0.09,0.53,0.85,15.22,0.2,0.443,25.05,Dumper_KomatsuHD785,43.5,37.0,1.609,0,95.5,11,25.12,1800.0,1656.7,143.3,7.96,0,LOW
REC_00424,2024-05-21,bhandara_dongri_buzurg,Shift_A_Morning,0.42,0.72,0.848,18.91,0.83,0.497,29.95,Dumper_KomatsuHD785,22.6,19.0,0.429,0,96.3,12,24.76,2200.0,2327.4,0.0,0.0,0,LOW
REC_00425,2024-05-21,bhandara_chikla_sitasawangi,Shift_B_Evening,0.0,0.41,0.85,15.51,0.2,0.499,30.25,Dumper_KomatsuHD785,15.8,20.0,0.316,0,97.5,12,26.57,1800.0,1673.6,126.4,7.02,0,LOW
REC_00426,2024-05-21,nagpur_kandri_mansar,Shift_C_Night,0.98,0.49,0.845,16.79,0.2,0.42,26.05,Excavator_CAT6020,35.7,138.0,4.927,0,94.2,11,27.31,1575.0,1330.5,244.5,15.52,1,MODERATE
REC_00427,2024-05-22,nagpur_gumgaon_ramdongri,Shift_A_Morning,1.82,0.55,0.841,22.96,0.2,0.451,25.25,Dumper_KomatsuHD785,44.9,135.0,6.061,0,93.0,11,25.46,1850.0,1902.7,0.0,0.0,0,LOW
REC_00428,2024-05-22,nagpur_beldongri_satak,Shift_B_Evening,0.11,0.29,0.849,21.08,0.2,0.394,25.65,Dumper_KomatsuHD785,63.4,37.0,2.346,0,92.7,11,23.67,1575.0,1545.3,29.7,1.88,0,LOW
REC_00429,2024-05-22,chhindwara_sausar_gowari,Shift_C_Night,0.12,0.65,0.849,10.0,2.37,0.501,24.35,DrillRig_SandvikDR412,39.7,34.0,1.35,0,94.6,11,24.43,1200.0,1119.6,80.4,6.7,0,LOW
REC_00430,2024-05-23,gujarat_vadodara_pavi,Shift_A_Morning,0.62,0.67,0.847,22.07,0.2,0.464,25.85,Dumper_KomatsuHD785,38.0,168.0,6.384,0,91.8,11,24.67,1400.0,1292.0,108.0,7.71,0,LOW
REC_00431,2024-05-23,gujarat_panchmahal_halol,Shift_B_Evening,1.42,0.72,0.843,21.04,0.48,0.48,29.55,Excavator_CAT6020,36.1,35.0,1.264,0,96.7,12,23.65,1530.0,1551.5,0.0,0.0,0,LOW
REC_00432,2024-05-23,rajasthan_banswara_tambesra,Shift_C_Night,1.15,0.56,0.844,19.6,0.2,0.552,27.35,Excavator_CAT6020,35.9,204.0,7.324,0,92.3,11,22.53,975.0,1027.6,0.0,0.0,0,LOW
REC_00433,2024-05-24,odisha_keonjhar_joda,Shift_A_Morning,0.07,0.53,0.85,14.84,0.2,0.476,28.75,Dumper_KomatsuHD785,39.0,214.0,8.346,1,76.0,9,28.18,3200.0,1326.9,1873.1,58.53,1,CRITICAL
REC_00434,2024-05-24,odisha_sundargarh_bonai,Shift_B_Evening,0.35,0.62,0.848,12.63,0.86,0.514,24.55,Dumper_KomatsuHD785,24.5,186.0,4.557,0,94.9,11,27.84,2340.0,1892.0,448.0,19.15,1,MODERATE
REC_00435,2024-05-24,odisha_sundargarh_patmunda,Shift_C_Night,0.75,0.62,0.846,14.87,0.2,0.478,27.45,Dumper_KomatsuHD785,47.6,75.0,3.57,0,93.3,11,22.19,1687.5,1893.3,0.0,0.0,0,LOW
REC_00436,2024-05-25,jharkhand_singhbhum_chaibasa,Shift_A_Morning,1.35,0.75,0.843,16.14,0.2,0.477,28.75,Excavator_CAT6020,47.7,20.0,0.954,1,78.6,9,23.2,1550.0,764.7,785.3,50.66,1,CRITICAL
REC_00437,2024-05-25,karnataka_sandur_kumaraswamy,Shift_B_Evening,1.05,0.58,0.845,19.31,0.2,0.453,24.85,Dumper_KomatsuHD785,36.1,73.0,2.635,0,89.5,11,25.16,2430.0,2198.0,232.0,9.55,0,LOW
REC_00438,2024-05-25,karnataka_shimoga_kumsi,Shift_C_Night,7.32,0.88,0.813,16.48,0.2,0.378,27.75,Dumper_KomatsuHD785,34.0,181.0,6.154,0,90.4,11,22.82,1087.5,1170.7,0.0,0.0,0,LOW
REC_00439,2024-05-26,andhra_visakhapatnam_garividi,Shift_A_Morning,1.25,0.62,0.844,19.94,0.27,0.548,27.05,Dumper_KomatsuHD785,23.2,210.0,4.872,0,92.6,11,20.73,1650.0,1897.5,0.0,0.0,0,LOW
REC_00440,2024-05-26,goa_sanguem_bicholim,Shift_B_Evening,0.5,0.51,0.848,14.68,0.2,0.416,26.15,Dumper_KomatsuHD785,45.8,170.0,7.786,0,94.9,11,24.4,1620.0,1534.6,85.4,5.27,0,LOW
REC_00441,2024-05-26,balaghat_bharweli,Shift_C_Night,1.09,0.61,0.845,21.72,0.2,0.457,27.35,Dumper_KomatsuHD785,30.6,213.0,6.518,0,96.4,12,24.49,2100.0,2145.0,0.0,0.0,0,LOW
REC_00442,2024-05-27,balaghat_ukwa,Shift_A_Morning,2.86,0.57,0.836,15.53,0.2,0.441,25.15,DrillRig_SandvikDR412,29.8,0.0,0.0,0,91.5,11,22.73,2300.0,2386.8,0.0,0.0,0,LOW
REC_00443,2024-05-27,balaghat_tirodi,Shift_B_Evening,3.37,0.82,0.833,23.62,0.23,0.541,26.85,Dumper_KomatsuHD785,41.4,28.0,1.159,0,92.9,11,25.26,2160.0,2042.1,117.9,5.46,0,LOW
REC_00444,2024-05-27,bhandara_dongri_buzurg,Shift_C_Night,0.39,0.59,0.848,15.2,0.2,0.467,26.55,Excavator_CAT6020,42.3,180.0,7.614,0,88.5,11,25.6,1650.0,1540.0,110.0,6.66,0,LOW
REC_00445,2024-05-28,bhandara_chikla_sitasawangi,Shift_A_Morning,1.34,0.75,0.843,17.87,0.21,0.426,23.55,Dumper_KomatsuHD785,23.9,112.0,2.677,0,95.4,11,23.9,2000.0,1893.7,106.3,5.32,0,LOW
REC_00446,2024-05-28,nagpur_kandri_mansar,Shift_B_Evening,1.24,0.54,0.844,17.63,0.2,0.441,25.65,Dumper_KomatsuHD785,33.7,143.0,4.819,0,95.3,11,23.65,1890.0,1780.6,109.4,5.79,0,LOW
REC_00447,2024-05-28,nagpur_gumgaon_ramdongri,Shift_C_Night,0.06,0.55,0.85,19.47,0.2,0.496,26.55,Dumper_KomatsuHD785,36.4,135.0,4.914,0,92.6,11,26.78,1387.5,1245.0,142.5,10.27,0,LOW
REC_00448,2024-05-29,nagpur_beldongri_satak,Shift_A_Morning,1.2,0.64,0.844,22.86,0.2,0.452,24.75,Excavator_CAT6020,13.9,82.0,1.14,0,95.0,11,21.55,1750.0,1960.2,0.0,0.0,0,LOW
REC_00449,2024-05-29,chhindwara_sausar_gowari,Shift_B_Evening,1.18,0.47,0.844,19.17,0.2,0.506,25.05,Dumper_KomatsuHD785,31.7,74.0,2.346,0,94.9,11,21.15,1440.0,1619.6,0.0,0.0,0,LOW
REC_00450,2024-05-29,gujarat_vadodara_pavi,Shift_C_Night,1.32,0.59,0.843,15.34,0.2,0.429,24.45,Dumper_KomatsuHD785,46.7,150.0,7.005,0,92.4,11,23.16,1050.0,1066.0,0.0,0.0,0,LOW
REC_00451,2024-05-30,gujarat_panchmahal_halol,Shift_A_Morning,0.61,0.26,0.847,25.26,0.2,0.442,24.45,Dumper_KomatsuHD785,20.6,37.0,0.762,0,94.3,11,22.78,1700.0,1772.4,0.0,0.0,0,LOW
REC_00452,2024-05-30,rajasthan_banswara_tambesra,Shift_B_Evening,0.09,0.68,0.85,24.65,0.53,0.457,27.55,Dumper_KomatsuHD785,31.1,27.0,0.84,0,91.3,11,23.81,1170.0,1176.8,0.0,0.0,0,LOW
REC_00453,2024-05-30,odisha_keonjhar_joda,Shift_C_Night,3.5,0.73,0.832,21.29,0.2,0.446,24.15,Dumper_KomatsuHD785,35.7,9.0,0.321,0,93.5,11,24.34,2400.0,2202.7,197.3,8.22,0,LOW
REC_00454,2024-05-31,odisha_sundargarh_bonai,Shift_A_Morning,0.34,0.56,0.848,18.5,0.2,0.489,30.85,DrillRig_SandvikDR412,31.7,206.0,6.53,0,89.4,11,26.55,2600.0,2458.6,141.4,5.44,0,LOW
REC_00455,2024-05-31,odisha_sundargarh_patmunda,Shift_B_Evening,0.63,0.29,0.847,16.94,0.2,0.41,27.55,Excavator_CAT6020,40.2,162.0,6.512,0,92.6,11,27.3,2025.0,1807.9,217.1,10.72,0,LOW
REC_00456,2024-05-31,jharkhand_singhbhum_chaibasa,Shift_C_Night,0.45,0.4,0.848,16.07,0.2,0.47,27.45,Dumper_KomatsuHD785,29.9,100.0,2.99,0,92.7,11,25.26,1162.5,1178.4,0.0,0.0,0,LOW
REC_00457,2024-06-01,karnataka_sandur_kumaraswamy,Shift_A_Morning,0.77,0.47,0.846,13.5,0.2,0.452,23.95,DrillRig_SandvikDR412,39.8,192.0,7.642,0,93.7,11,23.24,2700.0,2605.2,94.8,3.51,0,LOW
REC_00458,2024-06-01,karnataka_shimoga_kumsi,Shift_B_Evening,0.63,0.49,0.847,21.85,0.2,0.518,27.15,Dumper_KomatsuHD785,26.3,187.0,4.918,0,90.2,11,25.11,1305.0,1257.4,47.6,3.64,0,LOW
REC_00459,2024-06-01,andhra_visakhapatnam_garividi,Shift_C_Night,2.42,0.71,0.838,17.01,0.2,0.501,29.45,DrillRig_SandvikDR412,29.3,37.0,1.084,0,89.3,11,25.25,1237.5,1036.5,201.0,16.24,1,MODERATE
REC_00460,2024-06-02,goa_sanguem_bicholim,Shift_A_Morning,6.8,1.08,0.816,15.92,0.2,0.427,24.45,Dumper_KomatsuHD785,40.2,231.0,9.286,0,90.6,11,23.84,1800.0,1868.6,0.0,0.0,0,LOW
REC_00461,2024-06-02,balaghat_bharweli,Shift_B_Evening,0.65,0.67,0.847,12.01,0.2,0.446,24.35,Dumper_KomatsuHD785,24.0,195.0,4.68,0,91.2,11,28.43,2520.0,2238.4,281.6,11.18,0,LOW
REC_00462,2024-06-02,balaghat_ukwa,Shift_C_Night,0.28,0.64,0.849,15.85,0.2,0.485,31.25,Dumper_KomatsuHD785,43.1,13.0,0.56,0,91.8,11,26.99,1725.0,1539.5,185.5,10.75,0,LOW
REC_00463,2024-06-03,balaghat_tirodi,Shift_A_Morning,1.59,0.6,0.842,26.74,0.2,0.429,28.65,Dumper_KomatsuHD785,68.9,135.0,9.302,0,90.3,11,24.93,2400.0,2500.4,0.0,0.0,0,LOW
REC_00464,2024-06-03,bhandara_dongri_buzurg,Shift_B_Evening,0.41,0.53,0.848,17.25,0.2,0.476,24.45,Dumper_KomatsuHD785,42.3,27.0,1.142,0,94.2,11,24.01,1980.0,1858.4,121.6,6.14,0,LOW
REC_00465,2024-06-03,bhandara_chikla_sitasawangi,Shift_C_Night,0.12,0.59,0.849,25.44,0.2,0.488,25.45,Excavator_CAT6020,27.5,154.0,4.235,0,93.9,11,24.7,1500.0,1508.6,0.0,0.0,0,LOW
REC_00466,2024-06-04,nagpur_kandri_mansar,Shift_A_Morning,2.66,0.84,0.837,19.69,0.2,0.463,27.15,Excavator_CAT6020,48.1,119.0,5.724,0,93.9,11,21.7,2100.0,2295.8,0.0,0.0,0,LOW
REC_00467,2024-06-04,nagpur_gumgaon_ramdongri,Shift_B_Evening,0.38,0.47,0.848,15.42,0.2,0.535,23.15,Dumper_KomatsuHD785,57.7,33.0,1.904,0,96.5,12,28.08,1665.0,1462.9,202.1,12.14,0,LOW
REC_00468,2024-06-04,nagpur_beldongri_satak,Shift_C_Night,0.1,0.36,0.849,18.34,0.2,0.5,22.45,Dumper_KomatsuHD785,52.4,115.0,6.026,0,92.9,11,26.38,1312.5,1213.9,98.6,7.52,0,LOW
REC_00469,2024-06-05,chhindwara_sausar_gowari,Shift_A_Morning,3.24,0.75,0.834,21.89,0.2,0.5,25.85,DrillRig_SandvikDR412,44.9,221.0,9.923,0,95.5,11,22.29,1600.0,1744.9,0.0,0.0,0,LOW
REC_00470,2024-06-05,gujarat_vadodara_pavi,Shift_B_Evening,2.54,0.68,0.837,19.88,0.2,0.532,26.35,Excavator_CAT6020,35.9,22.0,0.79,0,93.8,11,25.8,1260.0,1109.8,150.2,11.92,0,LOW
REC_00471,2024-06-05,gujarat_panchmahal_halol,Shift_C_Night,1.71,0.56,0.841,12.28,0.2,0.451,29.15,Dumper_KomatsuHD785,33.1,156.0,5.164,0,93.8,11,23.88,1275.0,1279.3,0.0,0.0,0,LOW
REC_00472,2024-06-06,rajasthan_banswara_tambesra,Shift_A_Morning,1.83,0.72,0.841,21.91,0.4,0.465,27.25,Dumper_KomatsuHD785,29.0,52.0,1.508,0,92.1,11,25.54,1300.0,1277.6,22.4,1.72,0,LOW
REC_00473,2024-06-06,odisha_keonjhar_joda,Shift_B_Evening,0.28,0.32,0.849,18.2,0.2,0.502,27.35,Dumper_KomatsuHD785,36.2,30.0,1.086,0,95.5,11,23.24,2880.0,2781.7,98.3,3.41,0,LOW
REC_00474,2024-06-06,odisha_sundargarh_bonai,Shift_C_Night,0.38,0.59,0.848,15.83,0.38,0.467,28.75,Dumper_KomatsuHD785,45.7,119.0,5.438,0,94.2,11,23.78,1950.0,1978.5,0.0,0.0,0,LOW
REC_00475,2024-06-07,odisha_sundargarh_patmunda,Shift_A_Morning,3.76,0.65,0.831,14.4,0.2,0.41,27.35,Dumper_KomatsuHD785,43.0,78.0,3.354,0,93.5,11,22.62,2250.0,2214.2,35.8,1.59,0,LOW
REC_00476,2024-06-07,jharkhand_singhbhum_chaibasa,Shift_B_Evening,1.99,0.62,0.84,20.75,0.98,0.427,29.35,DrillRig_SandvikDR412,23.3,203.0,4.73,0,94.5,11,25.84,1395.0,1278.7,116.3,8.34,0,LOW
REC_00477,2024-06-07,karnataka_sandur_kumaraswamy,Shift_C_Night,1.38,0.61,0.843,10.86,0.2,0.408,23.95,Dumper_KomatsuHD785,39.4,171.0,6.737,0,93.6,11,26.22,2025.0,1780.6,244.4,12.07,0,LOW
REC_00478,2024-06-08,karnataka_shimoga_kumsi,Shift_A_Morning,35.57,3.47,0.672,17.87,1.7,0.483,27.15,Dumper_KomatsuHD785,36.4,0.0,0.0,0,90.3,11,26.84,1450.0,983.4,466.6,32.18,1,CRITICAL
REC_00479,2024-06-08,andhra_visakhapatnam_garividi,Shift_B_Evening,24.38,2.34,0.728,23.8,0.27,0.453,25.65,Excavator_CAT6020,37.5,75.0,2.812,0,91.6,11,26.71,1485.0,1127.3,357.7,24.09,1,MODERATE
REC_00480,2024-06-08,goa_sanguem_bicholim,Shift_C_Night,8.7,1.23,0.806,17.87,0.2,0.474,26.55,Excavator_CAT6020,32.1,88.0,2.825,0,91.5,11,29.21,1350.0,1055.0,295.0,21.85,1,MODERATE
REC_00481,2024-06-09,balaghat_bharweli,Shift_A_Morning,11.12,1.43,0.794,20.66,0.2,0.499,29.45,Dumper_KomatsuHD785,37.5,199.0,7.463,0,94.9,11,25.98,2800.0,2366.6,433.4,15.48,1,MODERATE
REC_00482,2024-06-09,balaghat_ukwa,Shift_B_Evening,23.26,2.34,0.734,17.54,0.22,0.453,29.05,Dumper_KomatsuHD785,52.1,174.0,9.065,0,92.1,11,21.49,2070.0,2037.8,32.2,1.56,0,LOW
REC_00483,2024-06-09,balaghat_tirodi,Shift_C_Night,5.15,0.9,0.824,19.69,0.2,0.409,26.25,Excavator_CAT6020,47.1,209.0,9.844,0,92.5,11,24.29,1800.0,1693.7,106.3,5.91,0,LOW
REC_00484,2024-06-10,bhandara_dongri_buzurg,Shift_A_Morning,66.97,4.5,0.515,21.43,1.7,0.35,29.15,Dumper_KomatsuHD785,37.8,59.0,2.23,0,90.4,11,36.07,2200.0,906.0,1294.0,58.82,1,CRITICAL
REC_00485,2024-06-10,bhandara_chikla_sitasawangi,Shift_B_Evening,12.76,1.5,0.786,19.16,0.2,0.388,29.45,DrillRig_SandvikDR412,27.4,79.0,2.165,0,96.4,12,27.04,1800.0,1573.9,226.1,12.56,0,LOW
REC_00486,2024-06-10,nagpur_kandri_mansar,Shift_C_Night,3.92,0.86,0.83,22.21,0.2,0.384,24.55,Dumper_KomatsuHD785,39.9,158.0,6.304,0,92.8,11,24.41,1575.0,1600.9,0.0,0.0,0,LOW
REC_00487,2024-06-11,nagpur_gumgaon_ramdongri,Shift_A_Morning,6.96,1.14,0.815,18.41,0.2,0.394,23.85,DrillRig_SandvikDR412,47.6,79.0,3.76,0,92.4,11,25.2,1850.0,1722.3,127.7,6.9,0,LOW
REC_00488,2024-06-11,nagpur_beldongri_satak,Shift_B_Evening,3.31,0.8,0.833,18.99,0.2,0.451,30.55,Dumper_KomatsuHD785,44.5,55.0,2.447,0,91.5,11,21.77,1575.0,1589.1,0.0,0.0,0,LOW
REC_00489,2024-06-11,chhindwara_sausar_gowari,Shift_C_Night,17.48,1.84,0.763,21.25,0.2,0.446,24.55,Excavator_CAT6020,39.1,108.0,4.223,0,91.5,11,23.09,1200.0,1157.1,42.9,3.57,0,LOW
REC_00490,2024-06-12,gujarat_vadodara_pavi,Shift_A_Morning,10.57,1.36,0.797,26.42,1.0,0.461,27.05,Dumper_KomatsuHD785,56.9,155.0,8.819,0,92.7,11,25.85,1400.0,1208.4,191.6,13.68,0,LOW
REC_00491,2024-06-12,gujarat_panchmahal_halol,Shift_B_Evening,25.29,2.55,0.724,15.34,2.48,0.462,29.35,Dumper_KomatsuHD785,26.4,192.0,5.069,0,90.6,11,24.13,1530.0,1255.2,274.8,17.96,1,MODERATE
REC_00492,2024-06-12,rajasthan_banswara_tambesra,Shift_C_Night,30.75,3.06,0.696,19.95,1.7,0.407,30.75,Excavator_CAT6020,34.4,137.0,4.713,0,89.7,11,26.51,975.0,676.9,298.1,30.58,1,CRITICAL
REC_00493,2024-06-13,odisha_keonjhar_joda,Shift_A_Morning,6.2,0.81,0.819,14.44,1.14,0.367,23.95,Dumper_KomatsuHD785,29.5,100.0,2.95,0,93.2,11,25.07,3200.0,2890.6,309.4,9.67,0,LOW
REC_00494,2024-06-13,odisha_sundargarh_bonai,Shift_B_Evening,6.37,0.92,0.818,17.04,0.2,0.463,30.55,Dumper_KomatsuHD785,33.8,96.0,3.245,0,91.6,11,24.6,2340.0,2293.9,46.1,1.97,0,LOW
REC_00495,2024-06-13,odisha_sundargarh_patmunda,Shift_C_Night,1.46,0.6,0.843,18.95,0.21,0.513,28.95,Excavator_CAT6020,43.4,33.0,1.432,0,93.9,11,22.97,1687.5,1673.9,13.6,0.81,0,LOW
REC_00496,2024-06-14,jharkhand_singhbhum_chaibasa,Shift_A_Morning,6.14,0.85,0.819,13.14,0.2,0.47,27.55,Dumper_KomatsuHD785,35.4,34.0,1.204,0,91.7,11,23.22,1550.0,1477.6,72.4,4.67,0,LOW
REC_00497,2024-06-14,karnataka_sandur_kumaraswamy,Shift_B_Evening,12.6,1.57,0.787,22.35,0.2,0.457,26.95,Excavator_CAT6020,56.2,127.0,7.137,0,90.2,11,23.8,2430.0,2182.8,247.2,10.17,0,LOW
REC_00498,2024-06-14,karnataka_shimoga_kumsi,Shift_C_Night,9.6,1.23,0.802,18.72,0.2,0.472,29.35,Dumper_KomatsuHD785,31.6,66.0,2.086,0,92.9,11,25.05,1087.5,953.7,133.8,12.3,0,LOW
REC_00499,2024-06-15,andhra_visakhapatnam_garividi,Shift_A_Morning,2.07,0.66,0.84,18.89,0.2,0.498,26.15,Dumper_KomatsuHD785,46.6,158.0,7.363,0,90.5,11,23.48,1650.0,1632.2,17.8,1.08,0,LOW
REC_00500,2024-06-15,goa_sanguem_bicholim,Shift_B_Evening,50.07,4.5,0.6,25.69,1.7,0.4,29.15,Dumper_KomatsuHD785,50.8,13.0,0.66,0,87.7,11,23.24,1620.0,1223.8,396.2,24.45,1,MODERATE
REC_00501,2024-06-15,balaghat_bharweli,Shift_C_Night,2.89,0.86,0.836,19.68,0.2,0.439,25.85,DrillRig_SandvikDR412,30.8,73.0,2.248,0,93.0,11,22.68,2100.0,2079.8,20.2,0.96,0,LOW
REC_00502,2024-06-16,balaghat_ukwa,Shift_A_Morning,18.53,2.14,0.757,23.12,0.2,0.431,27.45,Dumper_KomatsuHD785,53.8,103.0,5.541,0,93.3,11,27.06,2300.0,1790.0,510.0,22.17,1,MODERATE
REC_00503,2024-06-16,balaghat_tirodi,Shift_B_Evening,3.58,0.92,0.832,14.55,0.2,0.406,22.65,Dumper_KomatsuHD785,35.2,86.0,3.027,0,95.9,12,24.53,2160.0,2188.9,0.0,0.0,0,LOW
REC_00504,2024-06-16,bhandara_dongri_buzurg,Shift_C_Night,4.96,0.82,0.825,17.91,0.2,0.429,27.95,Dumper_KomatsuHD785,41.0,99.0,4.059,0,92.9,11,22.12,1650.0,1722.0,0.0,0.0,0,LOW
REC_00505,2024-06-17,bhandara_chikla_sitasawangi,Shift_A_Morning,6.62,1.06,0.817,24.58,0.52,0.394,24.55,Dumper_KomatsuHD785,24.9,17.0,0.423,0,93.8,11,22.43,2000.0,1919.9,80.1,4.0,0,LOW
REC_00506,2024-06-17,nagpur_kandri_mansar,Shift_B_Evening,25.67,2.59,0.722,20.61,1.7,0.488,26.15,Dumper_KomatsuHD785,48.2,65.0,3.133,0,92.3,11,22.97,1890.0,1645.6,244.4,12.93,0,LOW
REC_00507,2024-06-17,nagpur_gumgaon_ramdongri,Shift_C_Night,24.52,2.45,0.727,23.7,0.2,0.447,26.35,Dumper_KomatsuHD785,36.6,14.0,0.512,0,93.1,11,19.85,1387.5,1411.8,0.0,0.0,0,LOW
REC_00508,2024-06-18,nagpur_beldongri_satak,Shift_A_Morning,43.25,4.11,0.634,24.58,1.87,0.496,26.85,Excavator_CAT6020,39.0,125.0,4.875,0,89.9,11,28.63,1750.0,1054.8,695.2,39.72,1,CRITICAL
REC_00509,2024-06-18,chhindwara_sausar_gowari,Shift_B_Evening,50.94,4.5,0.595,26.6,2.45,0.428,28.35,Excavator_CAT6020,33.5,157.0,5.26,0,89.4,11,30.27,1440.0,757.5,682.5,47.4,1,CRITICAL
REC_00510,2024-06-18,gujarat_vadodara_pavi,Shift_C_Night,10.77,1.29,0.796,23.81,0.2,0.473,29.15,Excavator_CAT6020,50.8,123.0,6.248,0,91.4,11,21.41,1050.0,1102.9,0.0,0.0,0,LOW
REC_00511,2024-06-19,gujarat_panchmahal_halol,Shift_A_Morning,6.21,0.99,0.819,24.57,0.2,0.447,29.25,Excavator_CAT6020,37.2,195.0,7.254,0,94.2,11,26.14,1700.0,1488.7,211.3,12.43,0,LOW
REC_00512,2024-06-19,rajasthan_banswara_tambesra,Shift_B_Evening,13.4,1.47,0.783,22.58,0.2,0.439,28.55,Dumper_KomatsuHD785,51.1,87.0,4.446,0,92.0,11,26.16,1170.0,998.3,171.7,14.67,0,LOW
REC_00513,2024-06-19,odisha_keonjhar_joda,Shift_C_Night,14.4,1.7,0.778,17.21,0.2,0.486,25.85,Dumper_KomatsuHD785,44.1,246.0,10.849,0,93.8,11,24.36,2400.0,2178.5,221.5,9.23,0,LOW
REC_00514,2024-06-20,odisha_sundargarh_bonai,Shift_A_Morning,7.52,1.04,0.812,19.59,0.25,0.49,29.05,Excavator_CAT6020,33.2,74.0,2.457,0,92.2,11,21.01,2600.0,2985.9,0.0,0.0,0,LOW
REC_00515,2024-06-20,odisha_sundargarh_patmunda,Shift_B_Evening,11.54,1.38,0.792,22.58,0.24,0.472,24.25,Excavator_CAT6020,51.7,108.0,5.584,0,93.7,11,23.72,2025.0,1796.5,228.5,11.28,0,LOW
REC_00516,2024-06-20,jharkhand_singhbhum_chaibasa,Shift_C_Night,3.26,0.79,0.834,24.82,0.2,0.427,24.95,DrillRig_SandvikDR412,40.2,65.0,2.613,0,92.4,11,24.05,1162.5,1118.5,44.0,3.78,0,LOW
REC_00517,2024-06-21,karnataka_sandur_kumaraswamy,Shift_A_Morning,14.77,1.72,0.776,22.85,0.2,0.452,27.05,Dumper_KomatsuHD785,51.1,41.0,2.095,0,94.3,11,23.02,2700.0,2584.3,115.7,4.28,0,LOW
REC_00518,2024-06-21,karnataka_shimoga_kumsi,Shift_B_Evening,6.49,1.27,0.818,23.16,0.2,0.434,26.95,Excavator_CAT6020,33.0,34.0,1.122,0,91.2,11,24.94,1305.0,1202.9,102.1,7.82,0,LOW
REC_00519,2024-06-21,andhra_visakhapatnam_garividi,Shift_C_Night,23.41,2.38,0.733,21.24,0.2,0.473,27.85,Dumper_KomatsuHD785,54.9,69.0,3.788,0,89.8,11,26.97,1237.5,1001.8,235.7,19.04,1,MODERATE
REC_00520,2024-06-22,goa_sanguem_bicholim,Shift_A_Morning,12.11,1.26,0.789,20.7,0.2,0.472,27.35,Dumper_KomatsuHD785,46.3,173.0,8.01,0,91.5,11,28.09,1800.0,1372.5,427.5,23.75,1,MODERATE
REC_00521,2024-06-22,balaghat_bharweli,Shift_B_Evening,10.36,1.37,0.798,13.29,0.2,0.367,25.75,Excavator_CAT6020,38.5,27.0,1.04,0,93.2,11,20.08,2520.0,2768.5,0.0,0.0,0,LOW
REC_00522,2024-06-22,balaghat_ukwa,Shift_C_Night,45.58,4.15,0.622,22.52,1.7,0.415,29.85,Dumper_KomatsuHD785,20.2,137.0,2.767,0,90.2,11,26.08,1725.0,1167.1,557.9,32.34,1,CRITICAL
REC_00523,2024-06-23,balaghat_tirodi,Shift_A_Morning,17.14,1.86,0.764,14.47,0.2,0.43,30.85,DrillRig_SandvikDR412,46.6,0.0,0.0,0,93.9,11,24.29,2400.0,1994.3,405.7,16.91,1,MODERATE
REC_00524,2024-06-23,bhandara_dongri_buzurg,Shift_B_Evening,26.36,2.62,0.718,18.8,1.7,0.447,24.35,Dumper_KomatsuHD785,30.2,211.0,6.372,0,90.4,11,25.08,1980.0,1628.2,351.8,17.77,1,MODERATE
REC_00525,2024-06-23,bhandara_chikla_sitasawangi,Shift_C_Night,9.86,1.28,0.801,17.25,0.2,0.376,25.75,Dumper_KomatsuHD785,33.7,195.0,6.572,0,94.4,11,22.88,1500.0,1451.2,48.8,3.25,0,LOW
REC_00526,2024-06-24,nagpur_kandri_mansar,Shift_A_Morning,8.23,1.18,0.809,17.84,1.6,0.461,29.45,Dumper_KomatsuHD785,36.4,160.0,5.824,0,95.1,11,23.8,2100.0,2079.1,20.9,1.0,0,LOW
REC_00527,2024-06-24,nagpur_gumgaon_ramdongri,Shift_B_Evening,17.93,1.82,0.76,10.22,0.2,0.411,27.55,Excavator_CAT6020,51.3,155.0,7.952,0,89.9,11,25.99,1665.0,1361.0,304.0,18.26,1,MODERATE
REC_00528,2024-06-24,nagpur_beldongri_satak,Shift_C_Night,16.97,1.7,0.765,21.08,0.2,0.458,29.15,Dumper_KomatsuHD785,25.3,200.0,5.06,0,94.7,11,22.36,1312.5,1258.4,54.1,4.12,0,LOW
REC_00529,2024-06-25,chhindwara_sausar_gowari,Shift_A_Morning,0.29,0.51,0.849,19.41,0.2,0.459,29.05,Dumper_KomatsuHD785,50.0,51.0,2.55,0,92.8,11,24.49,1600.0,1598.6,1.4,0.09,0,LOW
REC_00530,2024-06-25,gujarat_vadodara_pavi,Shift_B_Evening,2.43,0.84,0.838,19.86,0.2,0.463,28.55,Excavator_CAT6020,26.7,33.0,0.881,0,95.4,11,24.74,1260.0,1234.8,25.2,2.0,0,LOW
REC_00531,2024-06-25,gujarat_panchmahal_halol,Shift_C_Night,2.53,0.6,0.837,16.09,0.77,0.402,25.25,Excavator_CAT6020,43.8,2.0,0.088,0,95.9,12,26.07,1275.0,1217.0,58.0,4.55,0,LOW
REC_00532,2024-06-26,rajasthan_banswara_tambesra,Shift_A_Morning,11.57,1.48,0.792,14.75,0.2,0.435,29.05,Dumper_KomatsuHD785,53.2,159.0,8.459,1,73.6,9,23.46,1300.0,595.9,704.1,54.16,1,CRITICAL
REC_00533,2024-06-26,odisha_keonjhar_joda,Shift_B_Evening,4.1,0.79,0.83,23.64,0.2,0.502,25.65,DrillRig_SandvikDR412,48.2,164.0,7.905,0,92.8,11,25.96,2880.0,2587.4,292.6,10.16,0,LOW
REC_00534,2024-06-26,odisha_sundargarh_bonai,Shift_C_Night,8.84,1.19,0.806,19.63,0.76,0.457,26.45,Dumper_KomatsuHD785,65.2,209.0,13.627,1,78.4,9,26.03,1950.0,824.4,1125.6,57.72,1,CRITICAL
REC_00535,2024-06-27,odisha_sundargarh_patmunda,Shift_A_Morning,5.8,1.09,0.821,15.08,0.2,0.476,25.75,Dumper_KomatsuHD785,51.7,64.0,3.309,0,95.0,11,23.92,2250.0,2110.0,140.0,6.22,0,LOW
REC_00536,2024-06-27,jharkhand_singhbhum_chaibasa,Shift_B_Evening,5.98,1.11,0.82,21.82,0.39,0.438,25.45,Dumper_KomatsuHD785,33.4,99.0,3.307,0,96.1,12,24.07,1395.0,1466.4,0.0,0.0,0,LOW
REC_00537,2024-06-27,karnataka_sandur_kumaraswamy,Shift_C_Night,53.11,4.5,0.584,20.54,1.7,0.512,26.95,DrillRig_SandvikDR412,49.1,33.0,1.62,0,86.6,10,29.3,2025.0,1005.1,1019.9,50.37,1,CRITICAL
REC_00538,2024-06-28,karnataka_shimoga_kumsi,Shift_A_Morning,4.67,0.86,0.827,17.44,0.2,0.432,31.05,Dumper_KomatsuHD785,53.9,142.0,7.654,0,91.2,11,23.02,1450.0,1450.9,0.0,0.0,0,LOW
REC_00539,2024-06-28,andhra_visakhapatnam_garividi,Shift_B_Evening,15.76,1.93,0.771,23.39,0.2,0.421,24.35,Excavator_CAT6020,42.4,60.0,2.544,0,95.9,12,23.75,1485.0,1471.9,13.1,0.88,0,LOW
REC_00540,2024-06-28,goa_sanguem_bicholim,Shift_C_Night,21.18,2.17,0.744,20.89,0.2,0.448,28.45,Dumper_KomatsuHD785,35.3,156.0,5.507,0,92.7,11,26.02,1350.0,1079.5,270.5,20.04,1,MODERATE
REC_00541,2024-06-29,balaghat_bharweli,Shift_A_Morning,22.74,2.45,0.736,22.02,0.44,0.356,25.75,Dumper_KomatsuHD785,45.1,101.0,4.555,0,90.9,11,23.0,2800.0,2502.0,298.0,10.64,0,LOW
REC_00542,2024-06-29,balaghat_ukwa,Shift_B_Evening,14.36,1.75,0.778,18.96,0.2,0.459,26.05,Dumper_KomatsuHD785,33.3,28.0,0.932,0,95.3,11,20.52,2070.0,2207.4,0.0,0.0,0,LOW
REC_00543,2024-06-29,balaghat_tirodi,Shift_C_Night,11.41,1.37,0.793,22.15,0.2,0.434,29.15,Dumper_KomatsuHD785,33.5,104.0,3.484,0,91.5,11,23.93,1800.0,1770.5,29.5,1.64,0,LOW
REC_00544,2024-06-30,bhandara_dongri_buzurg,Shift_A_Morning,4.65,0.82,0.827,15.18,0.37,0.45,29.55,Excavator_CAT6020,36.1,35.0,1.264,0,94.2,11,28.07,2200.0,1791.1,408.9,18.59,1,MODERATE
REC_00545,2024-06-30,bhandara_chikla_sitasawangi,Shift_B_Evening,74.11,4.5,0.479,30.33,1.7,0.431,29.25,Dumper_KomatsuHD785,51.2,163.0,8.346,1,73.4,9,40.74,1800.0,278.9,1521.1,84.51,1,CRITICAL
REC_00546,2024-06-30,nagpur_kandri_mansar,Shift_C_Night,10.07,1.29,0.8,22.49,0.2,0.355,29.35,Dumper_KomatsuHD785,53.1,126.0,6.691,0,91.9,11,26.43,1575.0,1250.7,324.3,20.59,1,MODERATE
REC_00547,2024-07-01,nagpur_gumgaon_ramdongri,Shift_A_Morning,47.09,4.27,0.615,25.61,1.7,0.46,26.25,Excavator_CAT6020,48.6,70.0,3.402,0,87.9,11,24.07,1850.0,1263.3,586.7,31.71,1,CRITICAL
REC_00548,2024-07-01,nagpur_beldongri_satak,Shift_B_Evening,9.34,1.17,0.803,19.64,0.2,0.47,30.45,Dumper_KomatsuHD785,28.7,124.0,3.559,0,87.4,10,22.53,1575.0,1365.6,209.4,13.3,0,LOW
REC_00549,2024-07-01,chhindwara_sausar_gowari,Shift_C_Night,1.64,0.62,0.842,19.7,0.2,0.452,27.75,DrillRig_SandvikDR412,35.0,90.0,3.15,0,94.8,11,27.95,1200.0,993.6,206.4,17.2,1,MODERATE
REC_00550,2024-07-02,gujarat_vadodara_pavi,Shift_A_Morning,23.78,2.6,0.731,28.84,0.2,0.45,28.75,Excavator_CAT6020,38.9,209.0,8.13,0,94.0,11,21.49,1400.0,1358.6,41.4,2.96,0,LOW
REC_00551,2024-07-02,gujarat_panchmahal_halol,Shift_B_Evening,14.13,1.65,0.779,26.46,0.58,0.501,25.85,Dumper_KomatsuHD785,31.9,51.0,1.627,0,91.6,11,23.9,1530.0,1333.2,196.8,12.86,0,LOW
REC_00552,2024-07-02,rajasthan_banswara_tambesra,Shift_C_Night,7.67,1.26,0.812,17.7,0.2,0.464,23.75,Dumper_KomatsuHD785,45.7,153.0,6.992,0,95.8,11,26.39,975.0,821.8,153.2,15.72,1,MODERATE
REC_00553,2024-07-03,odisha_keonjhar_joda,Shift_A_Morning,4.9,0.89,0.826,13.19,0.2,0.35,28.95,Excavator_CAT6020,31.6,23.0,0.727,0,94.8,11,24.38,3200.0,3093.1,106.9,3.34,0,LOW
REC_00554,2024-07-03,odisha_sundargarh_bonai,Shift_B_Evening,35.84,3.39,0.671,18.48,2.05,0.417,28.75,DrillRig_SandvikDR412,32.4,100.0,3.24,0,93.8,11,26.28,2340.0,1606.9,733.1,31.33,1,CRITICAL
REC_00555,2024-07-03,odisha_sundargarh_patmunda,Shift_C_Night,9.03,1.18,0.805,21.0,1.47,0.42,26.05,Dumper_KomatsuHD785,39.1,117.0,4.575,0,90.6,11,21.99,1687.5,1688.7,0.0,0.0,0,LOW
REC_00556,2024-07-04,jharkhand_singhbhum_chaibasa,Shift_A_Morning,13.44,1.46,0.783,22.87,0.2,0.387,26.25,Dumper_KomatsuHD785,58.2,135.0,7.857,0,90.1,11,24.05,1550.0,1299.7,250.3,16.15,1,MODERATE
REC_00557,2024-07-04,karnataka_sandur_kumaraswamy,Shift_B_Evening,6.96,1.0,0.815,15.45,0.41,0.534,27.55,Excavator_CAT6020,34.6,178.0,6.159,0,90.1,11,26.81,2430.0,2150.3,279.7,11.51,0,LOW
REC_00558,2024-07-04,karnataka_shimoga_kumsi,Shift_C_Night,16.83,1.87,0.766,17.88,0.2,0.51,25.85,Dumper_KomatsuHD785,37.5,134.0,5.025,0,93.6,11,25.26,1087.5,906.7,180.8,16.62,1,MODERATE
REC_00559,2024-07-05,andhra_visakhapatnam_garividi,Shift_A_Morning,0.55,0.53,0.847,22.28,0.2,0.498,25.75,Excavator_CAT6020,29.9,50.0,1.495,0,90.8,11,22.13,1650.0,1780.0,0.0,0.0,0,LOW
REC_00560,2024-07-05,goa_sanguem_bicholim,Shift_B_Evening,6.16,0.92,0.819,16.36,0.2,0.411,25.15,Dumper_KomatsuHD785,42.0,103.0,4.326,0,94.7,11,21.63,1620.0,1609.5,10.5,0.65,0,LOW
REC_00561,2024-07-05,balaghat_bharweli,Shift_C_Night,67.48,4.5,0.513,22.97,1.7,0.47,27.05,Excavator_CAT6020,29.4,221.0,6.497,0,89.0,11,35.22,2100.0,879.7,1220.3,58.11,1,CRITICAL
REC_00562,2024-07-06,balaghat_ukwa,Shift_A_Morning,20.92,2.13,0.745,19.92,0.2,0.449,24.35,Dumper_KomatsuHD785,30.4,178.0,5.411,0,91.8,11,26.68,2300.0,1719.3,580.7,25.25,1,MODERATE
REC_00563,2024-07-06,balaghat_tirodi,Shift_B_Evening,26.16,2.69,0.719,19.08,1.7,0.518,24.25,Excavator_CAT6020,41.9,47.0,1.969,0,91.0,11,27.4,2160.0,1510.7,649.3,30.06,1,CRITICAL
REC_00564,2024-07-06,bhandara_dongri_buzurg,Shift_C_Night,16.93,1.9,0.765,25.48,0.2,0.367,24.45,Dumper_KomatsuHD785,40.2,72.0,2.894,0,91.9,11,26.12,1650.0,1362.8,287.2,17.4,1,MODERATE
REC_00565,2024-07-07,bhandara_chikla_sitasawangi,Shift_A_Morning,15.16,1.75,0.774,27.79,0.2,0.448,24.25,Excavator_CAT6020,57.9,113.0,6.543,0,89.3,11,22.36,2000.0,1894.4,105.6,5.28,0,LOW
REC_00566,2024-07-07,nagpur_kandri_mansar,Shift_B_Evening,12.63,1.39,0.787,16.56,0.2,0.466,27.85,Dumper_KomatsuHD785,41.4,121.0,5.009,0,94.2,11,24.69,1890.0,1664.1,225.9,11.95,0,LOW
REC_00567,2024-07-07,nagpur_gumgaon_ramdongri,Shift_C_Night,29.7,2.84,0.701,22.56,1.7,0.461,23.25,Dumper_KomatsuHD785,37.5,83.0,3.112,0,93.9,11,24.85,1387.5,1185.5,202.0,14.56,0,LOW
REC_00568,2024-07-08,nagpur_beldongri_satak,Shift_A_Morning,13.54,1.59,0.782,18.49,0.2,0.38,26.95,Dumper_KomatsuHD785,29.3,71.0,2.08,0,91.7,11,22.06,1750.0,1746.8,3.2,0.18,0,LOW
REC_00569,2024-07-08,chhindwara_sausar_gowari,Shift_B_Evening,21.18,2.14,0.744,22.08,0.2,0.355,24.55,Excavator_CAT6020,35.1,9.0,0.316,0,96.4,12,24.83,1440.0,1275.4,164.6,11.43,0,LOW
REC_00570,2024-07-08,gujarat_vadodara_pavi,Shift_C_Night,36.45,3.46,0.668,26.25,1.7,0.426,25.55,Dumper_KomatsuHD785,59.1,125.0,7.388,0,89.9,11,24.67,1050.0,747.2,302.8,28.84,1,MODERATE
REC_00571,2024-07-09,gujarat_panchmahal_halol,Shift_A_Morning,51.56,4.5,0.592,25.48,1.7,0.463,28.85,Dumper_KomatsuHD785,47.8,182.0,8.7,0,88.4,11,27.72,1700.0,954.7,745.3,43.84,1,CRITICAL
REC_00572,2024-07-09,rajasthan_banswara_tambesra,Shift_B_Evening,7.51,1.13,0.812,18.32,0.2,0.493,28.35,Excavator_CAT6020,44.6,49.0,2.185,0,95.2,11,25.21,1170.0,1101.4,68.6,5.86,0,LOW
REC_00573,2024-07-09,odisha_keonjhar_joda,Shift_C_Night,18.76,2.04,0.756,17.2,1.17,0.428,25.75,Dumper_KomatsuHD785,31.1,158.0,4.914,0,92.1,11,27.57,2400.0,1807.6,592.4,24.68,1,MODERATE
REC_00574,2024-07-10,odisha_sundargarh_bonai,Shift_A_Morning,21.76,2.17,0.741,20.4,0.2,0.481,26.85,Dumper_KomatsuHD785,28.7,53.0,1.521,0,92.1,11,21.46,2600.0,2614.9,0.0,0.0,0,LOW
REC_00575,2024-07-10,odisha_sundargarh_patmunda,Shift_B_Evening,13.41,1.54,0.783,11.85,0.2,0.495,26.05,Dumper_KomatsuHD785,28.9,197.0,5.693,0,95.2,11,22.26,2025.0,2067.3,0.0,0.0,0,LOW
REC_00576,2024-07-10,jharkhand_singhbhum_chaibasa,Shift_C_Night,6.83,1.08,0.816,15.86,0.2,0.49,26.05,DrillRig_SandvikDR412,21.3,104.0,2.215,0,93.9,11,23.99,1162.5,1150.6,11.9,1.03,0,LOW
REC_00577,2024-07-11,karnataka_sandur_kumaraswamy,Shift_A_Morning,11.07,1.41,0.795,17.36,0.31,0.497,25.65,Dumper_KomatsuHD785,40.0,90.0,3.6,0,92.4,11,23.69,2700.0,2586.3,113.7,4.21,0,LOW
REC_00578,2024-07-11,karnataka_shimoga_kumsi,Shift_B_Evening,14.4,1.63,0.778,23.85,0.2,0.415,23.75,Dumper_KomatsuHD785,37.0,84.0,3.108,0,92.9,11,25.2,1305.0,1195.1,109.9,8.42,0,LOW
REC_00579,2024-07-11,andhra_visakhapatnam_garividi,Shift_C_Night,3.72,0.75,0.831,16.75,0.2,0.496,27.85,Dumper_KomatsuHD785,50.9,75.0,3.817,0,94.1,11,26.78,1237.5,1089.4,148.1,11.97,0,LOW
REC_00580,2024-07-12,goa_sanguem_bicholim,Shift_A_Morning,7.12,1.18,0.814,12.87,0.2,0.498,28.75,DrillRig_SandvikDR412,39.7,187.0,7.424,0,96.8,12,25.93,1800.0,1808.4,0.0,0.0,0,LOW
REC_00581,2024-07-12,balaghat_bharweli,Shift_B_Evening,4.15,0.75,0.829,17.3,0.2,0.484,29.35,Dumper_KomatsuHD785,40.9,170.0,6.953,0,94.2,11,24.45,2520.0,2431.9,88.1,3.5,0,LOW
REC_00582,2024-07-12,balaghat_ukwa,Shift_C_Night,3.66,0.98,0.832,22.79,0.2,0.484,23.65,Dumper_KomatsuHD785,34.7,191.0,6.628,0,94.4,11,23.32,1725.0,1776.6,0.0,0.0,0,LOW
REC_00583,2024-07-13,balaghat_tirodi,Shift_A_Morning,18.41,1.99,0.758,19.93,0.2,0.402,25.45,Dumper_KomatsuHD785,52.2,127.0,6.629,0,92.8,11,22.55,2400.0,2306.3,93.7,3.9,0,LOW
REC_00584,2024-07-13,bhandara_dongri_buzurg,Shift_B_Evening,4.83,0.97,0.826,18.54,0.2,0.467,29.25,Dumper_KomatsuHD785,38.5,142.0,5.467,0,92.2,11,26.0,1980.0,1762.3,217.7,10.99,0,LOW
REC_00585,2024-07-13,bhandara_chikla_sitasawangi,Shift_C_Night,2.85,0.6,0.836,20.71,0.2,0.484,26.85,Dumper_KomatsuHD785,33.1,65.0,2.151,0,97.0,12,22.63,1500.0,1725.0,0.0,0.0,0,LOW
REC_00586,2024-07-14,nagpur_kandri_mansar,Shift_A_Morning,10.69,1.38,0.797,19.13,0.2,0.412,24.25,Excavator_CAT6020,34.6,181.0,6.263,0,90.1,11,21.07,2100.0,2259.4,0.0,0.0,0,LOW
REC_00587,2024-07-14,nagpur_gumgaon_ramdongri,Shift_B_Evening,44.43,4.1,0.628,22.3,1.7,0.478,23.85,Dumper_KomatsuHD785,28.5,186.0,5.301,0,90.7,11,27.36,1665.0,1060.9,604.1,36.28,1,CRITICAL
REC_00588,2024-07-14,nagpur_beldongri_satak,Shift_C_Night,20.33,2.03,0.748,18.37,0.2,0.443,25.05,Excavator_CAT6020,39.9,134.0,5.347,0,90.3,11,23.41,1312.5,1189.6,122.9,9.36,0,LOW
REC_00589,2024-07-15,chhindwara_sausar_gowari,Shift_A_Morning,2.51,0.59,0.837,20.2,0.2,0.43,24.95,Dumper_KomatsuHD785,29.1,109.0,3.172,0,95.8,11,25.23,1600.0,1612.0,0.0,0.0,0,LOW
REC_00590,2024-07-15,gujarat_vadodara_pavi,Shift_B_Evening,20.35,2.23,0.748,25.58,0.2,0.448,24.95,Excavator_CAT6020,55.1,42.0,2.314,0,91.2,11,24.58,1260.0,1113.3,146.7,11.64,0,LOW
REC_00591,2024-07-15,gujarat_panchmahal_halol,Shift_C_Night,32.15,3.18,0.689,26.06,3.4,0.406,25.85,Excavator_CAT6020,32.3,64.0,2.067,0,92.9,11,27.71,1275.0,889.9,385.1,30.2,1,CRITICAL
REC_00592,2024-07-16,rajasthan_banswara_tambesra,Shift_A_Morning,27.31,2.66,0.713,23.96,1.7,0.381,28.75,Excavator_CAT6020,37.6,70.0,2.632,0,87.8,11,28.18,1300.0,890.9,409.1,31.47,1,CRITICAL
REC_00593,2024-07-16,odisha_keonjhar_joda,Shift_B_Evening,49.53,4.5,0.602,25.99,1.7,0.445,23.85,Dumper_KomatsuHD785,33.3,155.0,5.162,0,89.3,11,26.51,2880.0,1872.5,1007.5,34.98,1,CRITICAL
REC_00594,2024-07-16,odisha_sundargarh_bonai,Shift_C_Night,22.98,2.43,0.735,17.38,0.2,0.508,26.95,Dumper_KomatsuHD785,33.4,186.0,6.212,0,89.0,11,24.8,1950.0,1596.1,353.9,18.15,1,MODERATE
REC_00595,2024-07-17,odisha_sundargarh_patmunda,Shift_A_Morning,4.82,0.78,0.826,24.6,0.2,0.44,24.25,Dumper_KomatsuHD785,33.4,176.0,5.878,0,94.2,11,22.87,2250.0,2200.4,49.6,2.21,0,LOW
REC_00596,2024-07-17,jharkhand_singhbhum_chaibasa,Shift_B_Evening,19.57,2.21,0.752,20.4,0.2,0.43,24.25,Excavator_CAT6020,46.2,95.0,4.389,0,90.5,11,23.67,1395.0,1214.9,180.1,12.91,0,LOW
REC_00597,2024-07-17,karnataka_sandur_kumaraswamy,Shift_C_Night,30.47,2.86,0.698,20.88,1.7,0.451,29.55,Dumper_KomatsuHD785,44.2,17.0,0.751,0,91.7,11,23.67,2025.0,1646.6,378.4,18.69,1,MODERATE
REC_00598,2024-07-18,karnataka_shimoga_kumsi,Shift_A_Morning,77.07,4.5,0.465,30.16,1.7,0.479,28.45,Dumper_KomatsuHD785,51.2,132.0,6.758,0,87.8,11,38.5,1450.0,482.4,967.6,66.73,1,CRITICAL
REC_00599,2024-07-18,andhra_visakhapatnam_garividi,Shift_B_Evening,10.63,1.45,0.797,22.49,0.2,0.505,26.85,Excavator_CAT6020,39.7,162.0,6.431,0,90.1,11,23.85,1485.0,1355.6,129.4,8.71,0,LOW
REC_00600,2024-07-18,goa_sanguem_bicholim,Shift_C_Night,13.78,1.6,0.781,20.21,0.43,0.467,28.65,Excavator_CAT6020,52.3,56.0,2.929,0,95.4,11,24.08,1350.0,1271.7,78.3,5.8,0,LOW
REC_00601,2024-07-19,balaghat_bharweli,Shift_A_Morning,16.69,1.72,0.767,26.41,0.2,0.436,23.65,Dumper_KomatsuHD785,37.6,126.0,4.738,0,93.4,11,25.61,2800.0,2265.9,534.1,19.07,1,MODERATE
REC_00602,2024-07-19,balaghat_ukwa,Shift_B_Evening,6.94,0.93,0.815,18.91,0.96,0.439,24.35,Dumper_KomatsuHD785,48.6,27.0,1.312,0,95.5,11,24.03,2070.0,2000.4,69.6,3.36,0,LOW
REC_00603,2024-07-19,balaghat_tirodi,Shift_C_Night,0.16,0.52,0.849,16.93,0.2,0.44,28.05,Dumper_KomatsuHD785,39.7,20.0,0.794,0,94.0,11,27.55,1800.0,1519.2,280.8,15.6,1,MODERATE
REC_00604,2024-07-20,bhandara_dongri_buzurg,Shift_A_Morning,10.52,1.25,0.797,21.96,0.56,0.423,24.55,Dumper_KomatsuHD785,34.2,114.0,3.899,0,91.5,11,26.86,2200.0,1860.1,339.9,15.45,1,MODERATE
REC_00605,2024-07-20,bhandara_chikla_sitasawangi,Shift_B_Evening,9.67,1.33,0.802,17.78,0.2,0.423,26.05,Dumper_KomatsuHD785,33.2,156.0,5.179,0,87.1,10,25.29,1800.0,1381.9,418.1,23.23,1,MODERATE
REC_00606,2024-07-20,nagpur_kandri_mansar,Shift_C_Night,8.0,1.14,0.81,19.58,0.2,0.483,27.05,Dumper_KomatsuHD785,54.8,39.0,2.137,0,93.5,11,23.79,1575.0,1585.7,0.0,0.0,0,LOW
REC_00607,2024-07-21,nagpur_gumgaon_ramdongri,Shift_A_Morning,22.83,2.3,0.736,29.97,0.2,0.385,24.45,Dumper_KomatsuHD785,27.7,13.0,0.36,0,91.7,11,23.74,1850.0,1642.8,207.2,11.2,0,LOW
REC_00608,2024-07-21,nagpur_beldongri_satak,Shift_B_Evening,54.76,4.5,0.576,26.52,1.7,0.437,24.25,Dumper_KomatsuHD785,46.2,188.0,8.686,0,87.3,10,26.53,1575.0,835.9,739.1,46.93,1,CRITICAL
REC_00609,2024-07-21,chhindwara_sausar_gowari,Shift_C_Night,10.66,1.28,0.797,21.69,0.2,0.479,27.55,Excavator_CAT6020,53.9,150.0,8.085,0,92.4,11,22.96,1200.0,1243.8,0.0,0.0,0,LOW
REC_00610,2024-07-22,gujarat_vadodara_pavi,Shift_A_Morning,13.11,1.43,0.784,22.92,0.2,0.469,26.85,Dumper_KomatsuHD785,38.7,185.0,7.16,0,90.5,11,25.89,1400.0,1141.9,258.1,18.44,1,MODERATE
REC_00611,2024-07-22,gujarat_panchmahal_halol,Shift_B_Evening,27.0,2.76,0.715,26.71,1.73,0.403,25.95,Excavator_CAT6020,38.5,166.0,6.391,0,89.9,11,27.87,1530.0,1145.9,384.1,25.11,1,MODERATE
REC_00612,2024-07-22,rajasthan_banswara_tambesra,Shift_C_Night,4.29,0.76,0.829,15.19,0.2,0.399,24.15,Excavator_CAT6020,29.4,148.0,4.351,0,90.9,11,23.65,975.0,967.6,7.4,0.76,0,LOW
REC_00613,2024-07-23,odisha_keonjhar_joda,Shift_A_Morning,3.13,0.8,0.834,22.83,0.2,0.39,29.15,Dumper_KomatsuHD785,54.2,198.0,10.732,0,95.1,11,26.81,3200.0,2721.3,478.7,14.96,0,LOW
REC_00614,2024-07-23,odisha_sundargarh_bonai,Shift_B_Evening,29.98,2.96,0.7,21.15,1.7,0.446,27.95,Excavator_CAT6020,48.8,103.0,5.026,0,94.5,11,27.02,2340.0,1729.8,610.2,26.08,1,MODERATE
REC_00615,2024-07-23,odisha_sundargarh_patmunda,Shift_C_Night,4.04,0.86,0.83,19.73,0.2,0.455,24.95,Dumper_KomatsuHD785,35.1,38.0,1.334,0,91.3,11,27.99,1687.5,1457.1,230.4,13.65,0,LOW
REC_00616,2024-07-24,jharkhand_singhbhum_chaibasa,Shift_A_Morning,0.31,0.6,0.848,18.43,0.2,0.369,30.65,Dumper_KomatsuHD785,36.6,134.0,4.904,0,98.0,12,22.66,1550.0,1775.0,0.0,0.0,0,LOW
REC_00617,2024-07-24,karnataka_sandur_kumaraswamy,Shift_B_Evening,20.76,2.32,0.746,20.56,0.2,0.466,27.65,Dumper_KomatsuHD785,41.1,171.0,7.028,0,90.1,11,24.51,2430.0,2058.8,371.2,15.28,1,MODERATE
REC_00618,2024-07-24,karnataka_shimoga_kumsi,Shift_C_Night,17.09,1.79,0.765,20.17,0.2,0.481,28.95,Dumper_KomatsuHD785,42.8,98.0,4.194,0,91.2,11,18.04,1087.5,1250.6,0.0,0.0,0,LOW
REC_00619,2024-07-25,andhra_visakhapatnam_garividi,Shift_A_Morning,25.21,2.53,0.724,17.22,1.7,0.443,25.25,Excavator_CAT6020,37.6,188.0,7.069,0,90.0,11,27.21,1650.0,1208.5,441.5,26.76,1,MODERATE
REC_00620,2024-07-25,goa_sanguem_bicholim,Shift_B_Evening,2.48,0.65,0.838,19.33,0.2,0.497,28.25,Excavator_CAT6020,45.3,183.0,8.29,0,92.2,11,25.56,1620.0,1412.6,207.4,12.8,0,LOW
REC_00621,2024-07-25,balaghat_bharweli,Shift_C_Night,4.84,0.95,0.826,19.93,0.2,0.46,24.75,Dumper_KomatsuHD785,50.2,130.0,6.526,0,95.3,11,23.84,2100.0,1954.6,145.4,6.93,0,LOW
REC_00622,2024-07-26,balaghat_ukwa,Shift_A_Morning,3.16,0.86,0.834,21.17,0.2,0.504,28.15,Dumper_KomatsuHD785,22.6,161.0,3.639,0,93.6,11,24.29,2300.0,2279.7,20.3,0.88,0,LOW
REC_00623,2024-07-26,balaghat_tirodi,Shift_B_Evening,54.02,4.5,0.58,27.22,1.97,0.406,25.05,Excavator_CAT6020,54.4,75.0,4.08,0,83.1,10,26.92,2160.0,1188.5,971.5,44.98,1,CRITICAL
REC_00624,2024-07-26,bhandara_dongri_buzurg,Shift_C_Night,9.3,1.23,0.803,11.79,0.2,0.479,24.95,Dumper_KomatsuHD785,45.3,70.0,3.171,0,91.8,11,20.06,1650.0,1838.4,0.0,0.0,0,LOW
REC_00625,2024-07-27,bhandara_chikla_sitasawangi,Shift_A_Morning,2.03,0.57,0.84,16.42,0.2,0.469,27.35,Excavator_CAT6020,37.0,181.0,6.697,0,89.6,11,20.14,2000.0,2300.0,0.0,0.0,0,LOW
REC_00626,2024-07-27,nagpur_kandri_mansar,Shift_B_Evening,10.67,1.34,0.797,20.6,0.2,0.439,24.95,Excavator_CAT6020,47.3,206.0,9.744,0,89.5,11,22.76,1890.0,1900.6,0.0,0.0,0,LOW
REC_00627,2024-07-27,nagpur_gumgaon_ramdongri,Shift_C_Night,22.24,2.27,0.739,19.49,0.2,0.48,24.85,DrillRig_SandvikDR412,53.8,73.0,3.927,0,88.2,11,25.56,1387.5,1085.1,302.4,21.79,1,MODERATE
REC_00628,2024-07-28,nagpur_beldongri_satak,Shift_A_Morning,0.97,0.54,0.845,19.57,0.37,0.412,27.25,Excavator_CAT6020,34.0,6.0,0.204,0,96.2,12,24.39,1750.0,1756.1,0.0,0.0,0,LOW
REC_00629,2024-07-28,chhindwara_sausar_gowari,Shift_B_Evening,1.54,0.62,0.842,19.03,0.51,0.487,27.15,Dumper_KomatsuHD785,35.2,196.0,6.899,0,91.4,11,26.36,1440.0,1229.0,211.0,14.66,0,LOW
REC_00630,2024-07-28,gujarat_vadodara_pavi,Shift_C_Night,0.96,0.58,0.845,23.33,0.2,0.431,27.15,Excavator_CAT6020,62.8,118.0,7.41,0,92.0,11,26.94,1050.0,899.4,150.6,14.35,0,LOW
REC_00631,2024-07-29,gujarat_panchmahal_halol,Shift_A_Morning,13.96,1.6,0.78,16.59,0.61,0.444,26.45,DrillRig_SandvikDR412,41.3,0.0,0.0,0,95.7,11,23.1,1700.0,1588.4,111.6,6.56,0,LOW
REC_00632,2024-07-29,rajasthan_banswara_tambesra,Shift_B_Evening,37.56,3.45,0.662,24.19,1.7,0.544,26.75,DrillRig_SandvikDR412,41.8,153.0,6.395,0,90.2,11,26.26,1170.0,842.8,327.2,27.96,1,MODERATE
REC_00633,2024-07-29,odisha_keonjhar_joda,Shift_C_Night,13.99,1.71,0.78,23.0,0.2,0.439,27.45,DrillRig_SandvikDR412,45.3,175.0,7.927,0,93.0,11,22.15,2400.0,2287.6,112.4,4.68,0,LOW
REC_00634,2024-07-30,odisha_sundargarh_bonai,Shift_A_Morning,8.38,1.16,0.808,13.11,0.2,0.429,27.55,Dumper_KomatsuHD785,40.7,82.0,3.337,0,93.5,11,24.33,2600.0,2540.5,59.5,2.29,0,LOW
REC_00635,2024-07-30,odisha_sundargarh_patmunda,Shift_B_Evening,13.48,1.45,0.783,20.43,0.2,0.485,26.65,DrillRig_SandvikDR412,44.6,116.0,5.174,0,89.3,11,23.61,2025.0,1861.0,164.0,8.1,0,LOW
REC_00636,2024-07-30,jharkhand_singhbhum_chaibasa,Shift_C_Night,63.19,4.5,0.534,28.97,1.7,0.468,25.75,Dumper_KomatsuHD785,8.8,142.0,1.25,1,72.3,9,38.45,1162.5,225.0,937.5,80.65,1,CRITICAL
REC_00637,2024-07-31,karnataka_sandur_kumaraswamy,Shift_A_Morning,49.9,4.41,0.6,25.65,1.7,0.433,29.65,Dumper_KomatsuHD785,29.8,42.0,1.252,0,90.9,11,26.44,2700.0,1676.2,1023.8,37.92,1,CRITICAL
REC_00638,2024-07-31,karnataka_shimoga_kumsi,Shift_B_Evening,9.27,1.26,0.804,21.34,0.2,0.409,27.65,Excavator_CAT6020,50.7,219.0,11.103,0,89.3,11,24.23,1305.0,1180.4,124.6,9.55,0,LOW
REC_00639,2024-07-31,andhra_visakhapatnam_garividi,Shift_C_Night,2.37,0.52,0.838,14.36,0.2,0.433,29.45,Excavator_CAT6020,31.2,154.0,4.805,0,94.3,11,21.49,1237.5,1274.6,0.0,0.0,0,LOW
REC_00640,2024-08-01,goa_sanguem_bicholim,Shift_A_Morning,2.96,0.8,0.835,21.6,0.2,0.418,24.65,Excavator_CAT6020,58.7,129.0,7.572,0,92.8,11,22.45,1800.0,1900.0,0.0,0.0,0,LOW
REC_00641,2024-08-01,balaghat_bharweli,Shift_B_Evening,76.75,4.5,0.466,31.85,1.7,0.455,26.15,Dumper_KomatsuHD785,28.0,6.0,0.168,0,89.6,11,35.2,2520.0,878.9,1641.1,65.12,1,CRITICAL
REC_00642,2024-08-01,balaghat_ukwa,Shift_C_Night,33.34,3.3,0.683,26.53,2.6,0.517,30.95,Excavator_CAT6020,38.4,72.0,2.765,0,91.8,11,28.29,1725.0,1228.2,496.8,28.8,1,MODERATE
REC_00643,2024-08-02,balaghat_tirodi,Shift_A_Morning,3.28,0.83,0.834,21.48,0.2,0.398,28.05,Dumper_KomatsuHD785,50.1,141.0,7.064,0,93.1,11,26.43,2400.0,1935.4,464.6,19.36,1,MODERATE
REC_00644,2024-08-02,bhandara_dongri_buzurg,Shift_B_Evening,17.4,1.99,0.763,21.74,0.2,0.45,27.45,Dumper_KomatsuHD785,13.4,215.0,2.881,0,94.9,11,26.21,1980.0,1522.5,457.5,23.11,1,MODERATE
REC_00645,2024-08-02,bhandara_chikla_sitasawangi,Shift_C_Night,7.75,1.34,0.811,23.13,0.2,0.42,24.25,Dumper_KomatsuHD785,53.7,68.0,3.652,0,90.5,11,23.47,1500.0,1477.7,22.3,1.49,0,LOW
REC_00646,2024-08-03,nagpur_kandri_mansar,Shift_A_Morning,31.57,3.18,0.692,23.07,1.7,0.463,26.05,Dumper_KomatsuHD785,50.8,195.0,9.906,0,88.2,11,25.65,2100.0,1648.9,451.1,21.48,1,MODERATE
REC_00647,2024-08-03,nagpur_gumgaon_ramdongri,Shift_B_Evening,61.18,4.5,0.544,24.81,1.7,0.445,25.75,Dumper_KomatsuHD785,46.5,122.0,5.673,0,89.4,11,34.73,1665.0,716.4,948.6,56.97,1,CRITICAL
REC_00648,2024-08-03,nagpur_beldongri_satak,Shift_C_Night,23.21,2.46,0.734,18.37,0.2,0.511,28.85,Excavator_CAT6020,52.3,54.0,2.824,0,91.8,11,22.22,1312.5,1110.5,202.0,15.39,1,MODERATE
REC_00649,2024-08-04,chhindwara_sausar_gowari,Shift_A_Morning,8.49,1.22,0.808,11.16,0.38,0.532,25.25,Excavator_CAT6020,46.0,203.0,9.338,0,93.4,11,22.6,1600.0,1539.6,60.4,3.77,0,LOW
REC_00650,2024-08-04,gujarat_vadodara_pavi,Shift_B_Evening,48.77,4.46,0.606,29.58,1.7,0.453,27.25,Excavator_CAT6020,39.8,184.0,7.323,0,89.1,11,32.07,1260.0,679.0,581.0,46.11,1,CRITICAL
REC_00651,2024-08-04,gujarat_panchmahal_halol,Shift_C_Night,8.02,1.13,0.81,20.95,0.2,0.463,27.65,Excavator_CAT6020,59.0,190.0,11.21,0,96.4,12,20.98,1275.0,1466.2,0.0,0.0,0,LOW
REC_00652,2024-08-05,rajasthan_banswara_tambesra,Shift_A_Morning,24.58,2.42,0.727,19.36,0.2,0.411,27.55,Excavator_CAT6020,37.0,33.0,1.221,0,90.3,11,26.93,1300.0,1031.6,268.4,20.64,1,MODERATE
REC_00653,2024-08-05,odisha_keonjhar_joda,Shift_B_Evening,31.32,2.93,0.693,21.26,1.7,0.452,25.15,Dumper_KomatsuHD785,45.5,63.0,2.866,0,91.9,11,24.93,2880.0,2237.9,642.1,22.3,1,MODERATE
REC_00654,2024-08-05,odisha_sundargarh_bonai,Shift_C_Night,15.16,1.5,0.774,26.97,0.65,0.448,28.95,Dumper_KomatsuHD785,34.8,177.0,6.16,0,91.0,11,24.41,1950.0,1620.3,329.7,16.91,1,MODERATE
REC_00655,2024-08-06,odisha_sundargarh_patmunda,Shift_A_Morning,10.94,1.19,0.795,22.98,0.2,0.502,26.75,Excavator_CAT6020,41.2,109.0,4.491,0,92.9,11,21.77,2250.0,2417.3,0.0,0.0,0,LOW
REC_00656,2024-08-06,jharkhand_singhbhum_chaibasa,Shift_B_Evening,49.35,4.47,0.603,27.08,1.7,0.537,27.55,Dumper_KomatsuHD785,35.5,191.0,6.78,0,88.3,11,29.29,1395.0,811.3,583.7,41.84,1,CRITICAL
REC_00657,2024-08-06,karnataka_sandur_kumaraswamy,Shift_C_Night,5.91,0.89,0.82,19.17,0.2,0.483,28.55,Excavator_CAT6020,31.6,137.0,4.329,0,95.5,11,20.09,2025.0,2315.0,0.0,0.0,0,LOW
REC_00658,2024-08-07,karnataka_shimoga_kumsi,Shift_A_Morning,10.46,1.38,0.798,22.17,0.29,0.437,25.85,Dumper_KomatsuHD785,19.3,15.0,0.289,0,94.6,11,24.61,1450.0,1211.7,238.3,16.43,1,MODERATE
REC_00659,2024-08-07,andhra_visakhapatnam_garividi,Shift_B_Evening,50.85,4.5,0.596,22.62,1.9,0.437,23.75,Excavator_CAT6020,24.6,91.0,2.239,0,87.1,10,27.77,1485.0,798.6,686.4,46.23,1,CRITICAL
REC_00660,2024-08-07,goa_sanguem_bicholim,Shift_C_Night,25.83,2.6,0.721,21.11,1.7,0.403,23.45,Excavator_CAT6020,27.0,50.0,1.35,0,91.4,11,27.26,1350.0,935.3,414.7,30.72,1,CRITICAL
REC_00661,2024-08-08,balaghat_bharweli,Shift_A_Morning,23.01,2.49,0.735,21.06,0.2,0.41,25.75,Excavator_CAT6020,41.4,20.0,0.828,0,92.4,11,24.41,2800.0,2255.8,544.2,19.44,1,MODERATE
REC_00662,2024-08-08,balaghat_ukwa,Shift_B_Evening,5.64,0.96,0.822,17.19,0.2,0.449,24.35,Dumper_KomatsuHD785,44.8,24.0,1.075,0,94.5,11,24.41,2070.0,1897.1,172.9,8.35,0,LOW
REC_00663,2024-08-08,balaghat_tirodi,Shift_C_Night,33.11,3.21,0.684,21.0,1.7,0.394,26.35,Dumper_KomatsuHD785,42.3,149.0,6.303,0,94.4,11,25.81,1800.0,1313.5,486.5,27.03,1,MODERATE
REC_00664,2024-08-09,bhandara_dongri_buzurg,Shift_A_Morning,5.55,0.98,0.822,19.12,0.2,0.419,29.25,DrillRig_SandvikDR412,43.7,81.0,3.54,0,93.5,11,26.3,2200.0,1966.2,233.8,10.63,0,LOW
REC_00665,2024-08-09,bhandara_chikla_sitasawangi,Shift_B_Evening,18.77,2.0,0.756,23.07,0.2,0.407,26.55,Dumper_KomatsuHD785,44.1,60.0,2.646,0,92.5,11,23.28,1800.0,1801.5,0.0,0.0,0,LOW
REC_00666,2024-08-09,nagpur_kandri_mansar,Shift_C_Night,17.54,1.97,0.762,20.06,0.2,0.517,27.55,Dumper_KomatsuHD785,46.8,56.0,2.621,0,91.3,11,21.08,1575.0,1645.8,0.0,0.0,0,LOW
REC_00667,2024-08-10,nagpur_gumgaon_ramdongri,Shift_A_Morning,9.52,1.23,0.802,15.86,0.2,0.478,25.45,Excavator_CAT6020,31.5,7.0,0.221,0,91.9,11,23.69,1850.0,1753.7,96.3,5.21,0,LOW
REC_00668,2024-08-10,nagpur_beldongri_satak,Shift_B_Evening,1.59,0.69,0.842,20.53,0.97,0.437,28.55,Excavator_CAT6020,41.4,108.0,4.471,0,93.9,11,26.21,1575.0,1442.9,132.1,8.39,0,LOW
REC_00669,2024-08-10,chhindwara_sausar_gowari,Shift_C_Night,28.89,2.65,0.706,21.64,2.22,0.422,30.35,DrillRig_SandvikDR412,52.9,80.0,4.232,0,90.2,11,25.52,1200.0,946.5,253.5,21.12,1,MODERATE
REC_00670,2024-08-11,gujarat_vadodara_pavi,Shift_A_Morning,1.24,0.56,0.844,21.85,0.52,0.482,31.05,Excavator_CAT6020,18.4,139.0,2.558,0,91.4,11,24.42,1400.0,1409.7,0.0,0.0,0,LOW
REC_00671,2024-08-11,gujarat_panchmahal_halol,Shift_B_Evening,16.81,1.9,0.766,18.16,0.33,0.415,24.25,DrillRig_SandvikDR412,46.9,199.0,9.333,0,92.2,11,24.66,1530.0,1484.5,45.5,2.98,0,LOW
REC_00672,2024-08-11,rajasthan_banswara_tambesra,Shift_C_Night,2.81,0.53,0.836,15.98,0.2,0.446,30.85,DrillRig_SandvikDR412,46.6,0.0,0.0,0,93.8,11,25.83,975.0,918.9,56.1,5.75,0,LOW
REC_00673,2024-08-12,odisha_keonjhar_joda,Shift_A_Morning,8.21,1.06,0.809,17.05,0.2,0.433,27.35,Dumper_KomatsuHD785,35.9,110.0,3.949,0,91.2,11,25.34,3200.0,3067.7,132.3,4.13,0,LOW
REC_00674,2024-08-12,odisha_sundargarh_bonai,Shift_B_Evening,8.79,1.36,0.806,12.07,0.2,0.459,26.85,Excavator_CAT6020,25.7,123.0,3.161,0,92.2,11,23.84,2340.0,2248.6,91.4,3.91,0,LOW
REC_00675,2024-08-12,odisha_sundargarh_patmunda,Shift_C_Night,8.33,1.27,0.808,19.63,0.74,0.46,26.15,Excavator_CAT6020,43.1,186.0,8.017,0,91.7,11,23.28,1687.5,1480.0,207.5,12.3,0,LOW
REC_00676,2024-08-13,jharkhand_singhbhum_chaibasa,Shift_A_Morning,0.91,0.63,0.845,16.04,0.2,0.414,28.95,Excavator_CAT6020,34.1,215.0,7.332,0,90.5,11,25.11,1550.0,1499.4,50.6,3.26,0,LOW
REC_00677,2024-08-13,karnataka_sandur_kumaraswamy,Shift_B_Evening,5.72,0.92,0.821,16.9,0.55,0.545,28.45,Dumper_KomatsuHD785,43.4,100.0,4.34,0,95.0,11,26.98,2430.0,2031.1,398.9,16.42,1,MODERATE
REC_00678,2024-08-13,karnataka_shimoga_kumsi,Shift_C_Night,13.34,1.64,0.783,19.81,0.2,0.464,27.75,Dumper_KomatsuHD785,51.0,142.0,7.242,0,93.6,11,24.82,1087.5,941.2,146.3,13.46,0,LOW
REC_00679,2024-08-14,andhra_visakhapatnam_garividi,Shift_A_Morning,4.01,0.82,0.83,10.33,0.2,0.441,25.65,Dumper_KomatsuHD785,46.7,105.0,4.904,0,91.6,11,30.11,1650.0,1219.9,430.1,26.07,1,MODERATE
REC_00680,2024-08-14,goa_sanguem_bicholim,Shift_B_Evening,30.7,3.0,0.696,20.03,1.7,0.522,30.75,Excavator_CAT6020,42.8,97.0,4.152,0,92.3,11,23.93,1620.0,1302.8,317.2,19.58,1,MODERATE
REC_00681,2024-08-14,balaghat_bharweli,Shift_C_Night,19.73,2.3,0.751,21.74,0.2,0.457,24.95,Dumper_KomatsuHD785,42.9,171.0,7.336,0,93.7,11,24.04,2100.0,1774.0,326.0,15.53,1,MODERATE
REC_00682,2024-08-15,balaghat_ukwa,Shift_A_Morning,25.42,2.53,0.723,26.15,1.82,0.485,26.05,Dumper_KomatsuHD785,32.6,142.0,4.629,0,91.3,11,26.81,2300.0,1778.7,521.3,22.67,1,MODERATE
REC_00683,2024-08-15,balaghat_tirodi,Shift_B_Evening,35.26,3.22,0.674,20.35,1.7,0.389,25.15,Dumper_KomatsuHD785,36.1,168.0,6.065,0,89.9,11,24.41,2160.0,1636.2,523.8,24.25,1,MODERATE
REC_00684,2024-08-15,bhandara_dongri_buzurg,Shift_C_Night,6.32,0.84,0.818,25.84,0.2,0.468,28.95,Excavator_CAT6020,35.1,57.0,2.001,0,94.0,11,22.71,1650.0,1743.9,0.0,0.0,0,LOW
REC_00685,2024-08-16,bhandara_chikla_sitasawangi,Shift_A_Morning,24.56,2.57,0.727,19.03,0.2,0.464,22.45,Dumper_KomatsuHD785,52.4,115.0,6.026,0,93.7,11,24.96,2000.0,1523.3,476.7,23.84,1,MODERATE
REC_00686,2024-08-16,nagpur_kandri_mansar,Shift_B_Evening,13.5,1.46,0.783,22.07,0.35,0.391,27.35,Dumper_KomatsuHD785,37.2,7.0,0.26,0,90.4,11,22.87,1890.0,1816.1,73.9,3.91,0,LOW
REC_00687,2024-08-16,nagpur_gumgaon_ramdongri,Shift_C_Night,28.1,2.82,0.709,17.59,2.03,0.483,26.55,DrillRig_SandvikDR412,32.8,142.0,4.658,0,94.0,11,28.68,1387.5,938.6,448.9,32.36,1,CRITICAL
REC_00688,2024-08-17,nagpur_beldongri_satak,Shift_A_Morning,6.28,1.16,0.819,20.35,0.2,0.435,28.75,DrillRig_SandvikDR412,39.7,187.0,7.424,0,89.4,11,28.27,1750.0,1451.8,298.2,17.04,1,MODERATE
REC_00689,2024-08-17,chhindwara_sausar_gowari,Shift_B_Evening,42.05,3.84,0.64,21.95,1.7,0.461,27.05,Dumper_KomatsuHD785,31.5,23.0,0.725,0,91.1,11,24.4,1440.0,1044.7,395.3,27.45,1,MODERATE
REC_00690,2024-08-17,gujarat_vadodara_pavi,Shift_C_Night,10.37,1.25,0.798,15.82,0.2,0.526,30.75,Dumper_KomatsuHD785,48.3,10.0,0.483,0,90.3,11,23.72,1050.0,963.4,86.6,8.24,0,LOW
REC_00691,2024-08-18,gujarat_panchmahal_halol,Shift_A_Morning,1.69,0.48,0.842,17.43,0.37,0.459,28.95,DrillRig_SandvikDR412,26.2,46.0,1.205,0,91.4,11,26.61,1700.0,1519.8,180.2,10.6,0,LOW
REC_00692,2024-08-18,rajasthan_banswara_tambesra,Shift_B_Evening,11.67,1.27,0.792,16.96,0.2,0.428,24.25,Dumper_KomatsuHD785,4.2,118.0,0.496,1,77.5,9,24.75,1170.0,538.9,631.1,53.94,1,CRITICAL
REC_00693,2024-08-18,odisha_keonjhar_joda,Shift_C_Night,110.0,4.5,0.35,27.78,1.7,0.429,27.15,Dumper_KomatsuHD785,47.3,15.0,0.71,0,83.6,10,35.35,2400.0,682.4,1717.6,71.56,1,CRITICAL
REC_00694,2024-08-19,odisha_sundargarh_bonai,Shift_A_Morning,2.16,0.71,0.839,21.46,0.2,0.382,24.55,Dumper_KomatsuHD785,28.4,104.0,2.954,0,92.6,11,23.58,2600.0,2767.6,0.0,0.0,0,LOW
REC_00695,2024-08-19,odisha_sundargarh_patmunda,Shift_B_Evening,81.64,4.5,0.442,26.09,1.7,0.37,26.45,Dumper_KomatsuHD785,42.5,164.0,6.97,0,87.2,10,37.27,2025.0,609.6,1415.4,69.9,1,CRITICAL
REC_00696,2024-08-19,jharkhand_singhbhum_chaibasa,Shift_C_Night,50.26,4.5,0.599,25.27,1.7,0.428,25.35,Excavator_CAT6020,48.2,107.0,5.157,0,91.5,11,22.78,1162.5,818.9,343.6,29.56,1,MODERATE
REC_00697,2024-08-20,karnataka_sandur_kumaraswamy,Shift_A_Morning,11.34,1.34,0.793,18.34,0.2,0.442,29.15,Excavator_CAT6020,41.3,182.0,7.517,0,89.7,11,26.97,2700.0,2196.9,503.1,18.63,1,MODERATE
REC_00698,2024-08-20,karnataka_shimoga_kumsi,Shift_B_Evening,24.21,2.25,0.729,18.05,0.2,0.406,29.95,Dumper_KomatsuHD785,49.1,140.0,6.874,0,91.6,11,25.1,1305.0,1090.3,214.7,16.45,1,MODERATE
REC_00699,2024-08-20,andhra_visakhapatnam_garividi,Shift_C_Night,11.85,1.49,0.791,19.49,0.3,0.429,24.75,Dumper_KomatsuHD785,36.1,15.0,0.541,0,94.1,11,25.68,1237.5,1021.2,216.3,17.48,1,MODERATE
REC_00700,2024-08-21,goa_sanguem_bicholim,Shift_A_Morning,9.35,1.33,0.803,19.2,0.27,0.504,28.95,Excavator_CAT6020,23.1,51.0,1.178,0,90.2,11,21.66,1800.0,1706.7,93.3,5.19,0,LOW
REC_00701,2024-08-21,balaghat_bharweli,Shift_B_Evening,16.45,1.93,0.768,14.81,0.2,0.46,25.25,Dumper_KomatsuHD785,32.4,194.0,6.286,0,93.8,11,20.45,2520.0,2679.5,0.0,0.0,0,LOW
REC_00702,2024-08-21,balaghat_ukwa,Shift_C_Night,8.98,1.25,0.805,14.69,0.48,0.458,28.35,DrillRig_SandvikDR412,35.7,161.0,5.748,0,91.5,11,26.39,1725.0,1449.7,275.3,15.96,1,MODERATE
REC_00703,2024-08-22,balaghat_tirodi,Shift_A_Morning,10.27,1.27,0.799,17.4,0.2,0.485,27.95,Dumper_KomatsuHD785,34.1,52.0,1.773,0,91.5,11,22.97,2400.0,2238.9,161.1,6.71,0,LOW
REC_00704,2024-08-22,bhandara_dongri_buzurg,Shift_B_Evening,11.28,1.34,0.794,15.23,0.2,0.35,24.95,Dumper_KomatsuHD785,30.0,53.0,1.59,0,94.6,11,23.9,1980.0,1663.8,316.2,15.97,1,MODERATE
REC_00705,2024-08-22,bhandara_chikla_sitasawangi,Shift_C_Night,40.78,3.69,0.646,16.68,1.7,0.397,26.85,DrillRig_SandvikDR412,24.9,70.0,1.743,0,92.2,11,26.88,1500.0,1019.1,480.9,32.06,1,CRITICAL
REC_00706,2024-08-23,nagpur_kandri_mansar,Shift_A_Morning,11.88,1.48,0.791,19.22,0.2,0.422,27.15,Dumper_KomatsuHD785,43.5,160.0,6.96,0,90.8,11,23.41,2100.0,1896.2,203.8,9.71,0,LOW
REC_00707,2024-08-23,nagpur_gumgaon_ramdongri,Shift_B_Evening,43.51,3.85,0.632,29.41,1.72,0.463,25.25,Dumper_KomatsuHD785,39.9,184.0,7.342,0,87.3,10,25.18,1665.0,1063.4,601.6,36.14,1,CRITICAL
REC_00708,2024-08-23,nagpur_beldongri_satak,Shift_C_Night,9.29,1.38,0.804,22.64,0.2,0.425,27.45,DrillRig_SandvikDR412,47.6,246.0,11.71,1,77.1,9,22.17,1312.5,648.8,663.7,50.57,1,CRITICAL
REC_00709,2024-08-24,chhindwara_sausar_gowari,Shift_A_Morning,53.09,4.5,0.585,23.43,1.7,0.371,30.45,Dumper_KomatsuHD785,31.7,97.0,3.075,0,89.6,11,26.63,1600.0,985.7,614.3,38.39,1,CRITICAL
REC_00710,2024-08-24,gujarat_vadodara_pavi,Shift_B_Evening,20.12,2.12,0.749,18.36,0.2,0.435,24.25,DrillRig_SandvikDR412,43.6,169.0,7.368,0,91.0,11,23.9,1260.0,1177.1,82.9,6.58,0,LOW
REC_00711,2024-08-24,gujarat_panchmahal_halol,Shift_C_Night,10.66,1.41,0.797,11.82,0.2,0.453,27.75,Dumper_KomatsuHD785,44.1,141.0,6.218,0,92.9,11,19.47,1275.0,1466.2,0.0,0.0,0,LOW
REC_00712,2024-08-25,rajasthan_banswara_tambesra,Shift_A_Morning,55.31,4.5,0.573,28.02,1.7,0.434,29.05,Dumper_KomatsuHD785,33.2,9.0,0.299,0,91.6,11,25.28,1300.0,887.0,413.0,31.77,1,CRITICAL
REC_00713,2024-08-25,odisha_keonjhar_joda,Shift_B_Evening,3.99,0.76,0.83,18.99,0.2,0.362,24.75,DrillRig_SandvikDR412,39.6,45.0,1.782,0,96.8,12,25.65,2880.0,2910.6,0.0,0.0,0,LOW
REC_00714,2024-08-25,odisha_sundargarh_bonai,Shift_C_Night,26.55,2.7,0.717,21.4,2.44,0.425,24.65,Dumper_KomatsuHD785,56.3,174.0,9.796,0,87.9,11,24.49,1950.0,1588.8,361.2,18.52,1,MODERATE
REC_00715,2024-08-26,odisha_sundargarh_patmunda,Shift_A_Morning,0.57,0.52,0.847,17.57,0.55,0.476,30.75,Dumper_KomatsuHD785,42.5,194.0,8.245,0,94.1,11,27.05,2250.0,1855.8,394.2,17.52,1,MODERATE
REC_00716,2024-08-26,jharkhand_singhbhum_chaibasa,Shift_B_Evening,0.71,0.6,0.846,16.62,0.2,0.4,27.85,Excavator_CAT6020,25.0,142.0,3.55,0,90.8,11,22.75,1395.0,1416.8,0.0,0.0,0,LOW
REC_00717,2024-08-26,karnataka_sandur_kumaraswamy,Shift_C_Night,5.19,0.85,0.824,21.64,0.2,0.495,27.95,Excavator_CAT6020,53.3,8.0,0.426,0,93.6,11,23.88,2025.0,1949.4,75.6,3.73,0,LOW
REC_00718,2024-08-27,karnataka_shimoga_kumsi,Shift_A_Morning,7.93,1.17,0.81,24.62,1.48,0.468,26.05,DrillRig_SandvikDR412,48.9,30.0,1.467,0,95.9,12,24.62,1450.0,1457.6,0.0,0.0,0,LOW
REC_00719,2024-08-27,andhra_visakhapatnam_garividi,Shift_B_Evening,74.8,4.5,0.476,25.74,1.7,0.476,29.25,Excavator_CAT6020,45.7,144.0,6.581,1,69.4,8,33.37,1485.0,276.9,1208.1,81.35,1,CRITICAL
REC_00720,2024-08-27,goa_sanguem_bicholim,Shift_C_Night,32.56,3.07,0.687,16.06,1.7,0.495,27.35,DrillRig_SandvikDR412,51.5,166.0,8.549,0,92.3,11,29.32,1350.0,841.3,508.7,37.68,1,CRITICAL
REC_00721,2024-08-28,balaghat_bharweli,Shift_A_Morning,2.94,0.72,0.835,20.59,0.2,0.492,24.85,DrillRig_SandvikDR412,40.5,53.0,2.147,0,93.6,11,25.78,2800.0,2547.8,252.2,9.01,0,LOW
REC_00722,2024-08-28,balaghat_ukwa,Shift_B_Evening,11.9,1.35,0.79,19.34,0.31,0.451,27.55,DrillRig_SandvikDR412,46.5,186.0,8.649,0,94.0,11,26.55,2070.0,1773.1,296.9,14.34,0,LOW
REC_00723,2024-08-28,balaghat_tirodi,Shift_C_Night,2.53,0.66,0.837,18.63,0.2,0.436,24.35,Dumper_KomatsuHD785,47.4,187.0,8.864,0,92.6,11,22.28,1800.0,1747.8,52.2,2.9,0,LOW
REC_00724,2024-08-29,bhandara_dongri_buzurg,Shift_A_Morning,17.57,1.91,0.762,17.3,0.2,0.526,27.95,Dumper_KomatsuHD785,47.6,10.0,0.476,0,94.6,11,27.53,2200.0,1730.7,469.3,21.33,1,MODERATE
REC_00725,2024-08-29,bhandara_chikla_sitasawangi,Shift_B_Evening,7.36,1.05,0.813,24.15,0.2,0.497,24.35,Excavator_CAT6020,51.5,21.0,1.081,0,96.4,12,23.13,1800.0,1914.0,0.0,0.0,0,LOW
REC_00726,2024-08-29,nagpur_kandri_mansar,Shift_C_Night,1.72,0.66,0.841,19.96,0.2,0.495,25.65,Excavator_CAT6020,37.0,47.0,1.739,0,90.3,11,25.06,1575.0,1466.1,108.9,6.91,0,LOW
REC_00727,2024-08-30,nagpur_gumgaon_ramdongri,Shift_A_Morning,0.17,0.37,0.849,20.42,0.2,0.441,29.75,Excavator_CAT6020,53.7,200.0,10.74,1,80.4,10,25.08,1850.0,966.5,883.5,47.76,1,CRITICAL
REC_00728,2024-08-30,nagpur_beldongri_satak,Shift_B_Evening,9.44,1.26,0.803,14.29,0.85,0.457,29.45,Excavator_CAT6020,10.8,84.0,0.907,1,77.4,9,26.74,1575.0,654.1,920.9,58.47,1,CRITICAL
REC_00729,2024-08-30,chhindwara_sausar_gowari,Shift_C_Night,2.35,0.79,0.838,18.61,0.2,0.419,27.55,Excavator_CAT6020,51.6,211.0,10.888,0,93.2,11,22.37,1200.0,1200.9,0.0,0.0,0,LOW
REC_00730,2024-08-31,gujarat_vadodara_pavi,Shift_A_Morning,52.25,4.5,0.589,18.04,1.7,0.448,26.25,Excavator_CAT6020,42.7,183.0,7.814,0,86.9,10,27.26,1400.0,775.9,624.1,44.58,1,CRITICAL
REC_00731,2024-08-31,gujarat_panchmahal_halol,Shift_B_Evening,17.72,1.84,0.761,21.41,0.26,0.42,26.55,Excavator_CAT6020,43.9,126.0,5.531,0,94.0,11,24.61,1530.0,1340.0,190.0,12.42,0,LOW
REC_00732,2024-08-31,rajasthan_banswara_tambesra,Shift_C_Night,25.23,2.49,0.724,15.91,1.7,0.436,24.55,Dumper_KomatsuHD785,53.0,156.0,8.268,0,92.0,11,27.61,975.0,698.2,276.8,28.39,1,MODERATE
REC_00733,2024-09-01,odisha_keonjhar_joda,Shift_A_Morning,13.15,1.36,0.784,18.19,0.2,0.426,26.85,Excavator_CAT6020,28.6,112.0,3.203,0,95.9,12,27.14,3200.0,2930.2,269.8,8.43,0,LOW
REC_00734,2024-09-01,odisha_sundargarh_bonai,Shift_B_Evening,22.35,2.12,0.738,19.65,0.2,0.49,27.95,Dumper_KomatsuHD785,24.5,7.0,0.172,0,92.1,11,27.0,2340.0,1740.7,599.3,25.61,1,MODERATE
REC_00735,2024-09-01,odisha_sundargarh_patmunda,Shift_C_Night,1.83,0.67,0.841,18.18,0.2,0.45,28.15,Excavator_CAT6020,18.7,190.0,3.553,0,90.7,11,23.26,1687.5,1611.5,76.0,4.5,0,LOW
REC_00736,2024-09-02,jharkhand_singhbhum_chaibasa,Shift_A_Morning,27.26,2.61,0.714,23.81,2.06,0.452,28.85,Excavator_CAT6020,52.3,54.0,2.824,0,86.9,10,28.83,1550.0,1055.0,495.0,31.94,1,CRITICAL
REC_00737,2024-09-02,karnataka_sandur_kumaraswamy,Shift_B_Evening,11.99,1.33,0.79,19.51,0.51,0.464,24.85,Excavator_CAT6020,19.0,143.0,2.717,0,91.9,11,22.71,2430.0,2334.1,95.9,3.95,0,LOW
REC_00738,2024-09-02,karnataka_shimoga_kumsi,Shift_C_Night,13.15,1.49,0.784,17.0,0.2,0.5,24.85,Excavator_CAT6020,30.7,106.0,3.254,0,91.8,11,21.7,1087.5,1092.6,0.0,0.0,0,LOW
REC_00739,2024-09-03,andhra_visakhapatnam_garividi,Shift_A_Morning,5.6,0.83,0.822,18.78,0.2,0.518,26.45,Excavator_CAT6020,44.3,67.0,2.968,0,94.5,11,23.44,1650.0,1573.0,77.0,4.67,0,LOW
REC_00740,2024-09-03,goa_sanguem_bicholim,Shift_B_Evening,40.58,3.73,0.647,22.78,1.7,0.452,27.45,Dumper_KomatsuHD785,47.3,118.0,5.581,0,89.3,11,25.35,1620.0,1055.9,564.1,34.82,1,CRITICAL
REC_00741,2024-09-03,balaghat_bharweli,Shift_C_Night,17.1,1.91,0.765,23.03,0.2,0.453,29.25,Dumper_KomatsuHD785,33.1,161.0,5.329,0,90.3,11,25.95,2100.0,1758.2,341.8,16.28,1,MODERATE
REC_00742,2024-09-04,balaghat_ukwa,Shift_A_Morning,3.2,0.79,0.834,19.5,0.32,0.439,25.85,Dumper_KomatsuHD785,32.4,161.0,5.216,0,94.8,11,23.13,2300.0,2330.9,0.0,0.0,0,LOW
REC_00743,2024-09-04,balaghat_tirodi,Shift_B_Evening,0.81,0.52,0.846,24.12,0.2,0.473,28.65,Dumper_KomatsuHD785,52.3,68.0,3.556,0,91.7,11,23.6,2160.0,1962.0,198.0,9.17,0,LOW
REC_00744,2024-09-04,bhandara_dongri_buzurg,Shift_C_Night,7.89,1.15,0.811,18.76,0.2,0.448,25.45,Excavator_CAT6020,43.8,138.0,6.044,0,92.3,11,23.48,1650.0,1641.1,8.9,0.54,0,LOW
REC_00745,2024-09-05,bhandara_chikla_sitasawangi,Shift_A_Morning,1.79,0.7,0.841,23.16,0.2,0.4,25.65,Dumper_KomatsuHD785,36.7,147.0,5.395,0,94.6,11,30.42,2000.0,1567.5,432.5,21.62,1,MODERATE
REC_00746,2024-09-05,nagpur_kandri_mansar,Shift_B_Evening,6.0,0.94,0.82,19.43,0.2,0.4,30.25,Excavator_CAT6020,24.7,125.0,3.087,0,93.3,11,19.7,1890.0,2173.5,0.0,0.0,0,LOW
REC_00747,2024-09-05,nagpur_gumgaon_ramdongri,Shift_C_Night,18.36,1.95,0.758,16.56,0.2,0.489,25.95,Dumper_KomatsuHD785,61.3,94.0,5.762,0,90.9,11,20.43,1387.5,1455.2,0.0,0.0,0,LOW
REC_00748,2024-09-06,nagpur_beldongri_satak,Shift_A_Morning,8.11,1.16,0.809,17.86,0.2,0.388,25.75,Dumper_KomatsuHD785,24.1,213.0,5.133,0,98.8,12,23.46,1750.0,1858.8,0.0,0.0,0,LOW
REC_00749,2024-09-06,chhindwara_sausar_gowari,Shift_B_Evening,3.88,0.88,0.831,15.54,0.2,0.394,25.05,Dumper_KomatsuHD785,57.3,28.0,1.604,0,94.3,11,19.87,1440.0,1656.0,0.0,0.0,0,LOW
REC_00750,2024-09-06,gujarat_vadodara_pavi,Shift_C_Night,4.8,0.93,0.826,25.92,0.4,0.446,25.45,DrillRig_SandvikDR412,27.5,54.0,1.485,0,97.4,12,20.99,1050.0,1207.5,0.0,0.0,0,LOW
REC_00751,2024-09-07,gujarat_panchmahal_halol,Shift_A_Morning,10.92,1.56,0.795,18.39,0.36,0.45,27.55,Dumper_KomatsuHD785,48.3,70.0,3.381,0,91.8,11,21.92,1700.0,1739.0,0.0,0.0,0,LOW
REC_00752,2024-09-07,rajasthan_banswara_tambesra,Shift_B_Evening,25.72,2.59,0.721,20.25,1.7,0.527,27.45,Dumper_KomatsuHD785,49.6,29.0,1.438,0,87.5,11,25.9,1170.0,953.7,216.3,18.49,1,MODERATE
REC_00753,2024-09-07,odisha_keonjhar_joda,Shift_C_Night,8.41,1.44,0.808,18.2,0.2,0.462,28.55,Excavator_CAT6020,34.5,139.0,4.795,0,94.4,11,22.68,2400.0,2419.9,0.0,0.0,0,LOW
REC_00754,2024-09-08,odisha_sundargarh_bonai,Shift_A_Morning,16.68,1.59,0.767,22.4,0.2,0.444,24.85,Dumper_KomatsuHD785,35.2,31.0,1.091,0,90.9,11,27.91,2600.0,2045.9,554.1,21.31,1,MODERATE
REC_00755,2024-09-08,odisha_sundargarh_patmunda,Shift_B_Evening,7.09,1.01,0.815,12.99,0.2,0.379,28.35,Dumper_KomatsuHD785,54.4,7.0,0.381,0,94.0,11,24.87,2025.0,1907.8,117.2,5.79,0,LOW
REC_00756,2024-09-08,jharkhand_singhbhum_chaibasa,Shift_C_Night,5.18,0.93,0.824,17.15,0.2,0.381,27.25,Excavator_CAT6020,40.3,149.0,6.005,0,90.9,11,25.56,1162.5,1003.7,158.8,13.66,0,LOW
REC_00757,2024-09-09,karnataka_sandur_kumaraswamy,Shift_A_Morning,63.52,4.5,0.532,21.43,1.7,0.385,25.35,Dumper_KomatsuHD785,42.5,25.0,1.062,0,88.2,11,35.92,2700.0,1166.7,1533.3,56.79,1,CRITICAL
REC_00758,2024-09-09,karnataka_shimoga_kumsi,Shift_B_Evening,14.11,1.54,0.779,17.71,0.2,0.414,28.95,Dumper_KomatsuHD785,50.8,164.0,8.331,0,93.7,11,22.43,1305.0,1349.3,0.0,0.0,0,LOW
REC_00759,2024-09-09,andhra_visakhapatnam_garividi,Shift_C_Night,9.67,1.05,0.802,17.35,0.2,0.493,23.85,Dumper_KomatsuHD785,22.8,118.0,2.69,0,90.6,11,21.76,1237.5,1325.6,0.0,0.0,0,LOW
REC_00760,2024-09-10,goa_sanguem_bicholim,Shift_A_Morning,11.09,1.33,0.795,17.23,0.2,0.444,27.95,Excavator_CAT6020,22.7,38.0,0.863,0,93.5,11,22.74,1800.0,1695.6,104.4,5.8,0,LOW
REC_00761,2024-09-10,balaghat_bharweli,Shift_B_Evening,2.45,0.63,0.838,19.02,0.2,0.396,29.35,Dumper_KomatsuHD785,44.9,203.0,9.115,0,95.8,11,25.22,2520.0,2512.7,7.3,0.29,0,LOW
REC_00762,2024-09-10,balaghat_ukwa,Shift_C_Night,5.32,0.84,0.823,19.76,0.2,0.384,24.85,Dumper_KomatsuHD785,39.8,87.0,3.463,0,92.5,11,26.2,1725.0,1535.6,189.4,10.98,0,LOW
REC_00763,2024-09-11,balaghat_tirodi,Shift_A_Morning,110.0,4.5,0.35,37.05,1.7,0.444,24.85,Dumper_KomatsuHD785,37.1,92.0,3.413,0,81.7,10,37.47,2400.0,464.1,1935.9,80.66,1,CRITICAL
REC_00764,2024-09-11,bhandara_dongri_buzurg,Shift_B_Evening,8.27,1.02,0.809,13.67,0.62,0.387,24.05,Excavator_CAT6020,37.8,3.0,0.113,0,95.5,11,24.82,1980.0,1885.9,94.1,4.75,0,LOW
REC_00765,2024-09-11,bhandara_chikla_sitasawangi,Shift_C_Night,9.14,1.44,0.804,18.97,0.2,0.444,24.25,Excavator_CAT6020,31.0,89.0,2.759,0,95.3,11,22.45,1500.0,1481.6,18.4,1.23,0,LOW
REC_00766,2024-09-12,nagpur_kandri_mansar,Shift_A_Morning,10.42,1.08,0.798,18.91,0.2,0.47,27.35,Dumper_KomatsuHD785,26.7,28.0,0.748,0,93.0,11,26.76,2100.0,1782.2,317.8,15.13,1,MODERATE
REC_00767,2024-09-12,nagpur_gumgaon_ramdongri,Shift_B_Evening,2.08,0.5,0.84,14.61,0.2,0.476,28.25,Dumper_KomatsuHD785,53.7,176.0,9.451,0,91.2,11,26.74,1665.0,1474.7,190.3,11.43,0,LOW
REC_00768,2024-09-12,nagpur_beldongri_satak,Shift_C_Night,2.41,0.71,0.838,14.57,0.41,0.49,27.25,Dumper_KomatsuHD785,29.0,52.0,1.508,0,90.5,11,25.0,1312.5,1188.7,123.8,9.43,0,LOW
REC_00769,2024-09-13,chhindwara_sausar_gowari,Shift_A_Morning,30.92,2.88,0.695,18.92,1.7,0.444,27.85,Dumper_KomatsuHD785,37.3,6.0,0.224,0,90.4,11,31.82,1600.0,986.8,613.2,38.32,1,CRITICAL
REC_00770,2024-09-13,gujarat_vadodara_pavi,Shift_B_Evening,23.48,2.5,0.733,15.28,0.2,0.534,25.05,Excavator_CAT6020,31.0,84.0,2.604,0,93.4,11,23.54,1260.0,1087.1,172.9,13.72,0,LOW
REC_00771,2024-09-13,gujarat_panchmahal_halol,Shift_C_Night,2.29,0.68,0.839,12.87,0.68,0.426,29.05,Excavator_CAT6020,47.0,187.0,8.789,0,95.7,11,21.49,1275.0,1311.5,0.0,0.0,0,LOW
REC_00772,2024-09-14,rajasthan_banswara_tambesra,Shift_A_Morning,3.83,0.82,0.831,16.19,0.27,0.478,25.05,Dumper_KomatsuHD785,35.2,199.0,7.005,0,92.3,11,24.84,1300.0,1224.3,75.7,5.83,0,LOW
REC_00773,2024-09-14,odisha_keonjhar_joda,Shift_B_Evening,9.46,1.21,0.803,26.32,0.2,0.396,30.15,Dumper_KomatsuHD785,32.5,2.0,0.065,0,92.8,11,30.72,2880.0,2182.9,697.1,24.2,1,MODERATE
REC_00774,2024-09-14,odisha_sundargarh_bonai,Shift_C_Night,29.95,2.98,0.7,25.88,1.7,0.45,24.25,Dumper_KomatsuHD785,46.0,124.0,5.704,0,94.9,11,25.82,1950.0,1454.0,496.0,25.44,1,MODERATE
REC_00775,2024-09-15,odisha_sundargarh_patmunda,Shift_A_Morning,14.07,1.67,0.78,17.45,0.2,0.462,26.55,Dumper_KomatsuHD785,38.0,137.0,5.206,0,90.2,11,25.15,2250.0,1970.7,279.3,12.41,0,LOW
REC_00776,2024-09-15,jharkhand_singhbhum_chaibasa,Shift_B_Evening,22.0,2.16,0.74,26.32,0.2,0.454,23.45,Dumper_KomatsuHD785,28.0,175.0,4.9,0,89.9,11,22.58,1395.0,1368.2,26.8,1.92,0,LOW
REC_00777,2024-09-15,karnataka_sandur_kumaraswamy,Shift_C_Night,23.61,2.31,0.732,20.98,0.2,0.47,27.35,Dumper_KomatsuHD785,31.2,57.0,1.778,0,93.5,11,26.12,2025.0,1508.5,516.5,25.51,1,MODERATE
REC_00778,2024-09-16,karnataka_shimoga_kumsi,Shift_A_Morning,3.5,0.87,0.833,19.02,0.2,0.409,31.15,Excavator_CAT6020,32.1,53.0,1.701,0,94.8,11,21.24,1450.0,1665.5,0.0,0.0,0,LOW
REC_00779,2024-09-16,andhra_visakhapatnam_garividi,Shift_B_Evening,4.27,0.75,0.829,16.59,0.4,0.437,25.45,Dumper_KomatsuHD785,51.4,52.0,2.673,0,90.4,11,26.76,1485.0,1245.4,239.6,16.13,1,MODERATE
REC_00780,2024-09-16,goa_sanguem_bicholim,Shift_C_Night,63.87,4.5,0.531,25.0,1.7,0.469,28.75,Dumper_KomatsuHD785,55.7,204.0,11.363,1,71.6,9,40.4,1350.0,243.0,1107.0,82.0,1,CRITICAL
REC_00781,2024-09-17,balaghat_bharweli,Shift_A_Morning,39.68,3.76,0.652,22.29,1.7,0.55,28.15,Dumper_KomatsuHD785,44.7,92.0,4.112,0,90.1,11,25.4,2800.0,2010.8,789.2,28.19,1,MODERATE
REC_00782,2024-09-17,balaghat_ukwa,Shift_B_Evening,7.12,1.01,0.814,19.39,0.2,0.371,23.95,DrillRig_SandvikDR412,30.3,128.0,3.878,0,92.1,11,20.97,2070.0,2213.7,0.0,0.0,0,LOW
REC_00783,2024-09-17,balaghat_tirodi,Shift_C_Night,3.24,0.77,0.834,25.26,0.2,0.485,24.95,Excavator_CAT6020,30.7,145.0,4.452,0,90.1,11,25.88,1800.0,1678.5,121.5,6.75,0,LOW
REC_00784,2024-09-18,bhandara_dongri_buzurg,Shift_A_Morning,22.68,2.29,0.737,27.91,0.2,0.454,30.95,Excavator_CAT6020,41.1,129.0,5.302,0,91.1,11,24.24,2200.0,1983.0,217.0,9.86,0,LOW
REC_00785,2024-09-18,bhandara_chikla_sitasawangi,Shift_B_Evening,7.96,1.22,0.81,14.25,0.2,0.435,29.55,Dumper_KomatsuHD785,35.9,6.0,0.215,0,95.1,11,24.92,1800.0,1737.5,62.5,3.47,0,LOW
REC_00786,2024-09-18,nagpur_kandri_mansar,Shift_C_Night,38.6,3.76,0.657,32.38,1.7,0.452,25.75,Excavator_CAT6020,55.3,166.0,9.18,0,91.9,11,25.31,1575.0,936.4,638.6,40.55,1,CRITICAL
REC_00787,2024-09-19,nagpur_gumgaon_ramdongri,Shift_A_Morning,1.77,0.72,0.841,21.1,0.2,0.485,27.05,Dumper_KomatsuHD785,30.8,191.0,5.883,0,92.6,11,25.39,1850.0,1614.3,235.7,12.74,0,LOW
REC_00788,2024-09-19,nagpur_beldongri_satak,Shift_B_Evening,49.48,4.37,0.603,30.02,1.7,0.399,25.95,Dumper_KomatsuHD785,35.2,240.0,8.448,0,87.8,11,23.37,1575.0,1189.9,385.1,24.45,1,MODERATE
REC_00789,2024-09-19,chhindwara_sausar_gowari,Shift_C_Night,0.91,0.58,0.845,16.44,0.2,0.499,27.85,Excavator_CAT6020,30.9,177.0,5.469,0,93.9,11,24.05,1200.0,1167.0,33.0,2.75,0,LOW
REC_00790,2024-09-20,gujarat_vadodara_pavi,Shift_A_Morning,4.87,0.81,0.826,18.25,0.3,0.445,24.95,Dumper_KomatsuHD785,43.4,68.0,2.951,0,95.0,11,24.43,1400.0,1342.0,58.0,4.14,0,LOW
REC_00791,2024-09-20,gujarat_panchmahal_halol,Shift_B_Evening,48.08,4.33,0.61,20.72,2.01,0.404,25.05,Dumper_KomatsuHD785,44.1,166.0,7.321,0,90.0,11,26.88,1530.0,937.5,592.5,38.73,1,CRITICAL
REC_00792,2024-09-20,rajasthan_banswara_tambesra,Shift_C_Night,44.29,4.11,0.629,19.46,1.7,0.405,28.55,Excavator_CAT6020,44.0,187.0,8.228,0,90.7,11,24.25,975.0,733.5,241.5,24.77,1,MODERATE
REC_00793,2024-09-21,odisha_keonjhar_joda,Shift_A_Morning,11.2,1.28,0.794,20.59,0.2,0.492,26.75,Excavator_CAT6020,44.4,20.0,0.888,0,90.5,11,25.2,3200.0,2724.3,475.7,14.87,0,LOW
REC_00794,2024-09-21,odisha_sundargarh_bonai,Shift_B_Evening,2.47,0.54,0.838,16.71,0.2,0.472,28.45,Dumper_KomatsuHD785,43.9,129.0,5.663,0,92.8,11,24.01,2340.0,2301.8,38.2,1.63,0,LOW
REC_00795,2024-09-21,odisha_sundargarh_patmunda,Shift_C_Night,17.13,1.85,0.764,17.35,0.2,0.497,28.95,Dumper_KomatsuHD785,30.3,186.0,5.636,0,95.3,11,22.61,1687.5,1503.3,184.2,10.92,0,LOW
REC_00796,2024-09-22,jharkhand_singhbhum_chaibasa,Shift_A_Morning,1.96,0.66,0.84,24.59,0.2,0.418,28.15,Excavator_CAT6020,39.7,85.0,3.375,0,91.4,11,26.42,1550.0,1350.3,199.7,12.89,0,LOW
REC_00797,2024-09-22,karnataka_sandur_kumaraswamy,Shift_B_Evening,40.97,3.49,0.645,26.97,1.7,0.449,28.45,Dumper_KomatsuHD785,40.4,13.0,0.525,0,92.1,11,27.22,2430.0,1590.5,839.5,34.55,1,CRITICAL
REC_00798,2024-09-22,karnataka_shimoga_kumsi,Shift_C_Night,0.44,0.67,0.848,25.79,0.2,0.526,27.55,Excavator_CAT6020,49.8,165.0,8.217,0,91.8,11,22.69,1087.5,1099.4,0.0,0.0,0,LOW
REC_00799,2024-09-23,andhra_visakhapatnam_garividi,Shift_A_Morning,0.69,0.48,0.847,16.88,0.2,0.479,29.25,Excavator_CAT6020,34.3,149.0,5.111,0,94.6,11,23.92,1650.0,1576.9,73.1,4.43,0,LOW
REC_00800,2024-09-23,goa_sanguem_bicholim,Shift_B_Evening,4.7,0.71,0.826,18.94,1.15,0.372,27.55,Dumper_KomatsuHD785,48.3,70.0,3.381,0,95.2,11,22.75,1620.0,1532.6,87.4,5.39,0,LOW
REC_00801,2024-09-23,balaghat_bharweli,Shift_C_Night,23.41,2.49,0.733,20.27,0.36,0.415,28.15,Excavator_CAT6020,17.8,176.0,3.133,0,92.2,11,23.67,2100.0,1721.3,378.7,18.03,1,MODERATE
REC_00802,2024-09-24,balaghat_ukwa,Shift_A_Morning,4.16,1.06,0.829,15.21,0.2,0.489,27.75,Dumper_KomatsuHD785,36.2,208.0,7.53,0,92.7,11,20.78,2300.0,2645.0,0.0,0.0,0,LOW
REC_00803,2024-09-24,balaghat_tirodi,Shift_B_Evening,1.25,0.73,0.844,17.64,0.2,0.449,25.15,Excavator_CAT6020,26.0,96.0,2.496,0,96.3,12,26.41,2160.0,2019.9,140.1,6.49,0,LOW
REC_00804,2024-09-24,bhandara_dongri_buzurg,Shift_C_Night,28.11,2.75,0.709,14.75,1.7,0.393,28.55,Excavator_CAT6020,34.5,139.0,4.795,0,90.6,11,25.44,1650.0,1266.5,383.5,23.24,1,MODERATE
REC_00805,2024-09-25,bhandara_chikla_sitasawangi,Shift_A_Morning,1.02,0.43,0.845,21.7,0.29,0.399,28.25,Dumper_KomatsuHD785,51.2,112.0,5.734,0,90.9,11,24.52,2000.0,2007.3,0.0,0.0,0,LOW
REC_00806,2024-09-25,nagpur_kandri_mansar,Shift_B_Evening,14.12,1.51,0.779,25.23,0.2,0.536,24.75,Dumper_KomatsuHD785,37.8,120.0,4.536,0,88.9,11,23.23,1890.0,1814.4,75.6,4.0,0,LOW
REC_00807,2024-09-25,nagpur_gumgaon_ramdongri,Shift_C_Night,9.02,1.13,0.805,13.34,0.2,0.507,26.95,Dumper_KomatsuHD785,47.6,28.0,1.333,0,93.2,11,23.31,1387.5,1186.9,200.6,14.46,0,LOW
REC_00808,2024-09-26,nagpur_beldongri_satak,Shift_A_Morning,34.0,3.21,0.68,28.66,1.7,0.458,26.85,Dumper_KomatsuHD785,33.6,181.0,6.082,0,92.9,11,24.59,1750.0,1302.8,447.2,25.55,1,MODERATE
REC_00809,2024-09-26,chhindwara_sausar_gowari,Shift_B_Evening,29.25,2.87,0.704,20.24,1.7,0.492,29.15,DrillRig_SandvikDR412,33.8,43.0,1.453,0,91.5,11,28.08,1440.0,912.2,527.8,36.65,1,CRITICAL
REC_00810,2024-09-26,gujarat_vadodara_pavi,Shift_C_Night,0.91,0.5,0.845,19.37,0.2,0.521,27.75,Excavator_CAT6020,40.4,92.0,3.717,0,91.6,11,22.53,1050.0,1129.3,0.0,0.0,0,LOW
REC_00811,2024-09-27,gujarat_panchmahal_halol,Shift_A_Morning,0.1,0.45,0.85,19.75,0.79,0.382,27.05,Excavator_CAT6020,43.0,137.0,5.891,0,95.7,11,23.8,1700.0,1676.7,23.3,1.37,0,LOW
REC_00812,2024-09-27,rajasthan_banswara_tambesra,Shift_B_Evening,0.86,0.39,0.846,21.93,0.2,0.506,24.15,Dumper_KomatsuHD785,39.3,187.0,7.349,0,90.9,11,22.23,1170.0,1231.2,0.0,0.0,0,LOW
REC_00813,2024-09-27,odisha_keonjhar_joda,Shift_C_Night,1.18,0.62,0.844,18.63,0.2,0.426,25.85,Excavator_CAT6020,28.0,178.0,4.984,0,93.9,11,24.39,2400.0,2419.2,0.0,0.0,0,LOW
REC_00814,2024-09-28,odisha_sundargarh_bonai,Shift_A_Morning,1.33,0.58,0.843,19.08,0.2,0.436,29.05,Excavator_CAT6020,37.4,37.0,1.384,0,95.3,11,24.06,2600.0,2444.8,155.2,5.97,0,LOW
REC_00815,2024-09-28,odisha_sundargarh_patmunda,Shift_B_Evening,1.09,0.58,0.845,16.53,1.82,0.408,24.65,DrillRig_SandvikDR412,48.2,10.0,0.482,0,94.7,11,26.26,2025.0,1892.4,132.6,6.55,0,LOW
REC_00816,2024-09-28,jharkhand_singhbhum_chaibasa,Shift_C_Night,0.2,0.53,0.849,18.67,0.2,0.413,27.55,Excavator_CAT6020,46.7,36.0,1.681,0,95.2,11,25.57,1162.5,1038.0,124.5,10.71,0,LOW
REC_00817,2024-09-29,karnataka_sandur_kumaraswamy,Shift_A_Morning,0.3,0.67,0.849,16.93,0.2,0.507,27.65,Dumper_KomatsuHD785,45.1,51.0,2.3,0,93.4,11,25.14,2700.0,2655.7,44.3,1.64,0,LOW
REC_00818,2024-09-29,karnataka_shimoga_kumsi,Shift_B_Evening,0.31,0.43,0.848,14.07,0.2,0.415,25.65,Dumper_KomatsuHD785,27.7,143.0,3.961,0,92.4,11,26.0,1305.0,1189.3,115.7,8.86,0,LOW
REC_00819,2024-09-29,andhra_visakhapatnam_garividi,Shift_C_Night,0.13,0.61,0.849,21.96,0.2,0.455,25.75,Dumper_KomatsuHD785,24.9,35.0,0.872,0,95.5,11,26.84,1237.5,1067.5,170.0,13.74,0,LOW
REC_00820,2024-09-30,goa_sanguem_bicholim,Shift_A_Morning,0.36,0.52,0.848,18.14,0.44,0.4,28.45,Dumper_KomatsuHD785,45.2,155.0,7.006,0,94.8,11,26.73,1800.0,1647.5,152.5,8.47,0,LOW
REC_00821,2024-09-30,balaghat_bharweli,Shift_B_Evening,0.77,0.48,0.846,25.81,0.48,0.466,25.75,Dumper_KomatsuHD785,40.6,145.0,5.887,0,94.6,11,21.72,2520.0,2700.6,0.0,0.0,0,LOW
REC_00822,2024-09-30,balaghat_ukwa,Shift_C_Night,0.63,0.5,0.847,20.24,0.2,0.428,28.85,Dumper_KomatsuHD785,45.9,144.0,6.61,0,95.9,12,21.67,1725.0,1983.7,0.0,0.0,0,LOW
REC_00823,2024-10-01,balaghat_tirodi,Shift_A_Morning,0.14,0.5,0.849,18.31,0.2,0.434,28.05,DrillRig_SandvikDR412,47.8,90.0,4.302,0,95.6,11,23.38,2400.0,2621.7,0.0,0.0,0,LOW
REC_00824,2024-10-01,bhandara_dongri_buzurg,Shift_B_Evening,0.13,0.5,0.849,17.44,0.67,0.433,29.05,Dumper_KomatsuHD785,38.3,35.0,1.341,0,96.5,12,22.47,1980.0,2223.5,0.0,0.0,0,LOW
REC_00825,2024-10-01,bhandara_chikla_sitasawangi,Shift_C_Night,0.79,0.77,0.846,20.97,0.2,0.367,24.65,Dumper_KomatsuHD785,49.0,181.0,8.869,0,93.0,11,28.53,1500.0,1170.0,330.0,22.0,1,MODERATE
REC_00826,2024-10-02,nagpur_kandri_mansar,Shift_A_Morning,0.69,0.71,0.847,16.07,0.2,0.429,27.65,Dumper_KomatsuHD785,45.5,141.0,6.415,0,95.0,11,27.02,2100.0,1976.6,123.4,5.88,0,LOW
REC_00827,2024-10-02,nagpur_gumgaon_ramdongri,Shift_B_Evening,0.55,0.35,0.847,17.55,0.2,0.44,30.25,Excavator_CAT6020,32.8,79.0,2.591,0,93.5,11,26.48,1665.0,1569.9,95.1,5.71,0,LOW
REC_00828,2024-10-02,nagpur_beldongri_satak,Shift_C_Night,3.61,1.0,0.832,13.58,0.5,0.44,28.35,Excavator_CAT6020,36.8,50.0,1.84,0,90.9,11,27.12,1312.5,1143.7,168.8,12.86,0,LOW
REC_00829,2024-10-03,chhindwara_sausar_gowari,Shift_A_Morning,5.33,0.88,0.823,18.2,0.57,0.449,27.15,Excavator_CAT6020,39.5,4.0,0.158,0,90.7,11,26.37,1600.0,1442.1,157.9,9.87,0,LOW
REC_00830,2024-10-03,gujarat_vadodara_pavi,Shift_B_Evening,0.83,0.47,0.846,24.15,0.2,0.414,25.95,Dumper_KomatsuHD785,47.2,218.0,10.29,0,95.0,11,24.47,1260.0,1158.1,101.9,8.08,0,LOW
REC_00831,2024-10-03,gujarat_panchmahal_halol,Shift_C_Night,0.41,0.44,0.848,19.09,0.2,0.435,30.15,Dumper_KomatsuHD785,45.1,219.0,9.877,1,79.5,10,25.28,1275.0,688.9,586.1,45.97,1,CRITICAL
REC_00832,2024-10-04,rajasthan_banswara_tambesra,Shift_A_Morning,4.24,0.99,0.829,14.9,0.2,0.468,25.95,Excavator_CAT6020,48.4,220.0,10.648,0,92.9,11,20.63,1300.0,1482.8,0.0,0.0,0,LOW
REC_00833,2024-10-04,odisha_keonjhar_joda,Shift_B_Evening,0.15,0.61,0.849,22.77,0.2,0.47,30.55,Excavator_CAT6020,33.8,63.0,2.129,0,93.4,11,21.97,2880.0,3019.3,0.0,0.0,0,LOW
REC_00834,2024-10-04,odisha_sundargarh_bonai,Shift_C_Night,0.92,0.63,0.845,15.1,0.2,0.504,24.85,Dumper_KomatsuHD785,28.7,38.0,1.091,0,92.9,11,22.98,1950.0,1800.4,149.6,7.67,0,LOW
REC_00835,2024-10-05,odisha_sundargarh_patmunda,Shift_A_Morning,0.57,0.5,0.847,17.54,0.2,0.396,26.95,Excavator_CAT6020,46.1,120.0,5.532,0,93.1,11,25.25,2250.0,2161.2,88.8,3.95,0,LOW
REC_00836,2024-10-05,jharkhand_singhbhum_chaibasa,Shift_B_Evening,0.8,0.66,0.846,13.21,0.2,0.481,25.75,Dumper_KomatsuHD785,18.7,27.0,0.505,0,92.1,11,22.71,1395.0,1430.2,0.0,0.0,0,LOW
REC_00837,2024-10-05,karnataka_sandur_kumaraswamy,Shift_C_Night,0.33,0.53,0.848,20.61,0.2,0.439,28.85,Excavator_CAT6020,26.0,10.0,0.26,0,95.9,12,22.04,2025.0,2324.7,0.0,0.0,0,LOW
REC_00838,2024-10-06,karnataka_shimoga_kumsi,Shift_A_Morning,0.57,0.66,0.847,13.94,0.2,0.422,27.65,Excavator_CAT6020,25.7,150.0,3.855,0,94.0,11,23.48,1450.0,1392.4,57.6,3.97,0,LOW
REC_00839,2024-10-06,andhra_visakhapatnam_garividi,Shift_B_Evening,3.32,0.92,0.833,14.44,0.2,0.416,30.35,Excavator_CAT6020,30.1,98.0,2.95,0,92.6,11,25.3,1485.0,1334.6,150.4,10.13,0,LOW
REC_00840,2024-10-06,goa_sanguem_bicholim,Shift_C_Night,0.02,0.29,0.85,21.48,0.2,0.377,25.95,Excavator_CAT6020,41.0,209.0,8.569,0,94.8,11,26.31,1350.0,1178.1,171.9,12.74,0,LOW
REC_00841,2024-10-07,balaghat_bharweli,Shift_A_Morning,2.46,0.67,0.838,20.93,0.2,0.415,27.15,Dumper_KomatsuHD785,40.2,194.0,7.799,0,92.7,11,25.65,2800.0,2819.9,0.0,0.0,0,LOW
REC_00842,2024-10-07,balaghat_ukwa,Shift_B_Evening,0.27,0.66,0.849,17.23,0.2,0.454,28.35,Dumper_KomatsuHD785,22.4,149.0,3.338,0,92.0,11,26.16,2070.0,1933.1,136.9,6.61,0,LOW
REC_00843,2024-10-07,balaghat_tirodi,Shift_C_Night,1.19,0.64,0.844,15.41,0.2,0.447,25.25,Excavator_CAT6020,41.8,203.0,8.485,0,92.8,11,26.69,1800.0,1518.4,281.6,15.65,1,MODERATE
REC_00844,2024-10-08,bhandara_dongri_buzurg,Shift_A_Morning,0.29,0.6,0.849,18.65,0.2,0.493,26.85,Dumper_KomatsuHD785,49.1,131.0,6.432,0,93.1,11,26.78,2200.0,1993.1,206.9,9.4,0,LOW
REC_00845,2024-10-08,bhandara_chikla_sitasawangi,Shift_B_Evening,0.11,0.57,0.849,15.58,0.2,0.401,28.35,DrillRig_SandvikDR412,39.0,143.0,5.577,0,96.6,12,27.34,1800.0,1770.9,29.1,1.62,0,LOW
REC_00846,2024-10-08,nagpur_kandri_mansar,Shift_C_Night,0.5,0.6,0.847,26.95,0.2,0.35,27.25,DrillRig_SandvikDR412,38.9,185.0,7.197,0,94.3,11,23.54,1575.0,1584.8,0.0,0.0,0,LOW
REC_00847,2024-10-09,nagpur_gumgaon_ramdongri,Shift_A_Morning,0.49,0.63,0.848,11.97,0.43,0.47,28.15,Dumper_KomatsuHD785,21.9,189.0,4.139,0,93.8,11,23.62,1850.0,1876.2,0.0,0.0,0,LOW
REC_00848,2024-10-09,nagpur_beldongri_satak,Shift_B_Evening,0.25,0.58,0.849,19.64,0.2,0.441,24.25,DrillRig_SandvikDR412,52.0,131.0,6.812,0,93.8,11,25.21,1575.0,1519.7,55.3,3.51,0,LOW
REC_00849,2024-10-09,chhindwara_sausar_gowari,Shift_C_Night,0.36,0.43,0.848,20.48,0.2,0.429,25.35,DrillRig_SandvikDR412,36.1,174.0,6.281,0,92.7,11,22.43,1200.0,1180.7,19.3,1.61,0,LOW
REC_00850,2024-10-10,gujarat_vadodara_pavi,Shift_A_Morning,0.85,0.39,0.846,17.48,0.2,0.388,28.45,Excavator_CAT6020,44.9,161.0,7.229,0,96.7,12,25.72,1400.0,1385.2,14.8,1.06,0,LOW
REC_00851,2024-10-10,gujarat_panchmahal_halol,Shift_B_Evening,1.65,0.63,0.842,22.25,0.2,0.411,29.25,Dumper_KomatsuHD785,46.4,125.0,5.8,0,94.9,11,22.81,1530.0,1576.7,0.0,0.0,0,LOW
REC_00852,2024-10-10,rajasthan_banswara_tambesra,Shift_C_Night,2.09,0.66,0.84,22.14,0.2,0.499,28.25,Dumper_KomatsuHD785,33.9,208.0,7.051,0,94.4,11,27.08,975.0,836.0,139.0,14.26,0,LOW
REC_00853,2024-10-11,odisha_keonjhar_joda,Shift_A_Morning,0.74,0.56,0.846,20.56,0.2,0.473,29.35,Dumper_KomatsuHD785,29.2,49.0,1.431,0,94.9,11,21.65,3200.0,3537.9,0.0,0.0,0,LOW
REC_00854,2024-10-11,odisha_sundargarh_bonai,Shift_B_Evening,0.76,0.77,0.846,16.45,0.22,0.456,26.05,DrillRig_SandvikDR412,47.1,9.0,0.424,0,96.2,12,23.05,2340.0,2521.9,0.0,0.0,0,LOW
REC_00855,2024-10-11,odisha_sundargarh_patmunda,Shift_C_Night,0.4,0.47,0.848,18.2,0.2,0.438,26.95,Excavator_CAT6020,34.1,135.0,4.604,0,94.2,11,23.7,1687.5,1588.4,99.1,5.87,0,LOW
REC_00856,2024-10-12,jharkhand_singhbhum_chaibasa,Shift_A_Morning,0.87,0.54,0.846,23.51,0.2,0.415,27.85,Dumper_KomatsuHD785,42.0,141.0,5.922,0,94.2,11,23.81,1550.0,1470.8,79.2,5.11,0,LOW
REC_00857,2024-10-12,karnataka_sandur_kumaraswamy,Shift_B_Evening,0.61,0.6,0.847,23.5,0.2,0.43,26.15,Excavator_CAT6020,46.0,42.0,1.932,0,92.6,11,20.71,2430.0,2794.5,0.0,0.0,0,LOW
REC_00858,2024-10-12,karnataka_shimoga_kumsi,Shift_C_Night,0.87,0.62,0.846,14.62,0.32,0.468,27.45,Dumper_KomatsuHD785,32.8,53.0,1.738,0,93.8,11,26.32,1087.5,913.0,174.5,16.05,1,MODERATE
REC_00859,2024-10-13,andhra_visakhapatnam_garividi,Shift_A_Morning,0.11,0.43,0.849,18.73,0.7,0.477,25.05,Dumper_KomatsuHD785,35.0,137.0,4.795,0,95.7,11,22.39,1650.0,1897.5,0.0,0.0,0,LOW
REC_00860,2024-10-13,goa_sanguem_bicholim,Shift_B_Evening,2.35,0.69,0.838,20.38,0.55,0.361,24.35,Dumper_KomatsuHD785,37.5,20.0,0.75,0,97.5,12,24.78,1620.0,1566.9,53.1,3.28,0,LOW
REC_00861,2024-10-13,balaghat_bharweli,Shift_C_Night,0.57,0.58,0.847,17.93,0.2,0.406,25.65,Dumper_KomatsuHD785,48.1,159.0,7.648,0,93.3,11,27.27,2100.0,1859.1,240.9,11.47,0,LOW
REC_00862,2024-10-14,balaghat_ukwa,Shift_A_Morning,0.19,0.36,0.849,19.62,0.2,0.422,29.65,Dumper_KomatsuHD785,19.9,199.0,3.96,0,93.1,11,23.69,2300.0,2280.1,19.9,0.87,0,LOW
REC_00863,2024-10-14,balaghat_tirodi,Shift_B_Evening,1.06,0.55,0.845,17.98,0.2,0.387,27.35,Dumper_KomatsuHD785,30.0,158.0,4.74,0,92.5,11,25.43,2160.0,1919.7,240.3,11.12,0,LOW
REC_00864,2024-10-14,bhandara_dongri_buzurg,Shift_C_Night,0.65,0.61,0.847,14.8,0.2,0.476,25.65,Excavator_CAT6020,38.5,77.0,2.965,0,96.0,12,24.93,1650.0,1666.9,0.0,0.0,0,LOW
REC_00865,2024-10-15,bhandara_chikla_sitasawangi,Shift_A_Morning,0.7,0.43,0.847,23.46,0.36,0.483,25.65,Dumper_KomatsuHD785,41.6,62.0,2.579,0,92.6,11,26.16,2000.0,1617.9,382.1,19.1,1,MODERATE
REC_00866,2024-10-15,nagpur_kandri_mansar,Shift_B_Evening,0.42,0.49,0.848,12.0,0.2,0.465,24.05,Dumper_KomatsuHD785,23.8,61.0,1.452,0,95.3,11,24.72,1890.0,1769.1,120.9,6.4,0,LOW
REC_00867,2024-10-15,nagpur_gumgaon_ramdongri,Shift_C_Night,1.27,0.62,0.844,17.86,0.71,0.439,25.85,Dumper_KomatsuHD785,35.3,102.0,3.601,0,94.1,11,21.7,1387.5,1516.9,0.0,0.0,0,LOW
REC_00868,2024-10-16,nagpur_beldongri_satak,Shift_A_Morning,0.24,0.49,0.849,18.97,0.2,0.4,25.25,Dumper_KomatsuHD785,34.4,160.0,5.504,0,94.1,11,22.78,1750.0,1698.3,51.7,2.96,0,LOW
REC_00869,2024-10-16,chhindwara_sausar_gowari,Shift_B_Evening,0.44,0.58,0.848,15.59,0.2,0.481,25.35,Dumper_KomatsuHD785,27.8,113.0,3.141,0,94.2,11,22.5,1440.0,1485.7,0.0,0.0,0,LOW
REC_00870,2024-10-16,gujarat_vadodara_pavi,Shift_C_Night,1.27,0.7,0.844,22.1,0.2,0.447,25.15,Dumper_KomatsuHD785,52.7,151.0,7.958,0,95.1,11,23.91,1050.0,1087.8,0.0,0.0,0,LOW
REC_00871,2024-10-17,gujarat_panchmahal_halol,Shift_A_Morning,0.66,0.53,0.847,14.01,0.2,0.448,25.95,Dumper_KomatsuHD785,46.9,87.0,4.08,0,93.0,11,25.61,1700.0,1643.3,56.7,3.34,0,LOW
REC_00872,2024-10-17,rajasthan_banswara_tambesra,Shift_B_Evening,1.21,0.74,0.844,19.14,0.2,0.417,27.45,DrillRig_SandvikDR412,42.8,124.0,5.307,0,92.8,11,24.09,1170.0,1195.2,0.0,0.0,0,LOW
REC_00873,2024-10-17,odisha_keonjhar_joda,Shift_C_Night,2.53,0.88,0.837,21.31,0.63,0.463,24.75,DrillRig_SandvikDR412,34.0,142.0,4.828,0,88.6,11,23.76,2400.0,2484.6,0.0,0.0,0,LOW
REC_00874,2024-10-18,odisha_sundargarh_bonai,Shift_A_Morning,0.59,0.57,0.847,15.61,0.2,0.517,26.95,Excavator_CAT6020,42.4,190.0,8.056,0,91.8,11,24.53,2600.0,2448.2,151.8,5.84,0,LOW
REC_00875,2024-10-18,odisha_sundargarh_patmunda,Shift_B_Evening,1.77,0.6,0.841,19.54,0.63,0.448,27.35,Dumper_KomatsuHD785,37.7,90.0,3.393,0,95.8,11,26.4,2025.0,1814.6,210.4,10.39,0,LOW
REC_00876,2024-10-18,jharkhand_singhbhum_chaibasa,Shift_C_Night,2.76,0.55,0.836,16.96,0.2,0.39,27.35,DrillRig_SandvikDR412,47.7,24.0,1.145,0,92.1,11,25.56,1162.5,1048.0,114.5,9.85,0,LOW
REC_00877,2024-10-19,karnataka_sandur_kumaraswamy,Shift_A_Morning,0.09,0.41,0.85,19.82,0.2,0.446,26.75,Dumper_KomatsuHD785,20.4,165.0,3.366,0,93.5,11,25.07,2700.0,2595.5,104.5,3.87,0,LOW
REC_00878,2024-10-19,karnataka_shimoga_kumsi,Shift_B_Evening,0.3,0.33,0.848,10.0,0.78,0.533,26.15,Dumper_KomatsuHD785,48.2,65.0,3.133,0,94.1,11,26.57,1305.0,1159.3,145.7,11.16,0,LOW
REC_00879,2024-10-19,andhra_visakhapatnam_garividi,Shift_C_Night,1.62,0.8,0.842,26.85,0.2,0.535,26.45,Dumper_KomatsuHD785,30.7,129.0,3.96,0,94.2,11,27.54,1237.5,1033.8,203.7,16.46,1,MODERATE
REC_00880,2024-10-20,goa_sanguem_bicholim,Shift_A_Morning,2.37,0.67,0.838,14.12,0.2,0.406,28.95,Excavator_CAT6020,59.1,88.0,5.201,1,80.2,10,25.98,1800.0,899.2,900.8,50.04,1,CRITICAL
REC_00881,2024-10-20,balaghat_bharweli,Shift_B_Evening,0.65,0.53,0.847,16.79,1.47,0.45,27.25,Dumper_KomatsuHD785,30.3,42.0,1.273,0,91.2,11,22.72,2520.0,2708.8,0.0,0.0,0,LOW
REC_00882,2024-10-20,balaghat_ukwa,Shift_C_Night,2.38,0.79,0.838,14.32,0.2,0.385,28.15,Dumper_KomatsuHD785,35.6,202.0,7.191,0,92.1,11,25.32,1725.0,1636.3,88.7,5.14,0,LOW
REC_00883,2024-10-21,balaghat_tirodi,Shift_A_Morning,0.73,0.71,0.846,23.59,0.42,0.412,26.95,Dumper_KomatsuHD785,50.9,111.0,5.65,0,91.8,11,19.8,2400.0,2760.0,0.0,0.0,0,LOW
REC_00884,2024-10-21,bhandara_dongri_buzurg,Shift_B_Evening,0.7,0.58,0.847,16.39,0.2,0.435,27.85,Dumper_KomatsuHD785,42.9,165.0,7.079,0,91.0,11,25.12,1980.0,1763.2,216.8,10.95,0,LOW
REC_00885,2024-10-21,bhandara_chikla_sitasawangi,Shift_C_Night,0.56,0.71,0.847,10.0,0.2,0.371,24.45,Dumper_KomatsuHD785,42.6,116.0,4.942,0,90.7,11,24.24,1500.0,1438.2,61.8,4.12,0,LOW
REC_00886,2024-10-22,nagpur_kandri_mansar,Shift_A_Morning,0.97,0.75,0.845,19.87,0.2,0.48,28.75,Dumper_KomatsuHD785,37.6,69.0,2.594,0,92.6,11,21.25,2100.0,2340.6,0.0,0.0,0,LOW
REC_00887,2024-10-22,nagpur_gumgaon_ramdongri,Shift_B_Evening,0.07,0.42,0.85,16.53,0.2,0.404,26.55,Dumper_KomatsuHD785,38.0,137.0,5.206,0,94.0,11,25.01,1665.0,1511.2,153.8,9.24,0,LOW
REC_00888,2024-10-22,nagpur_beldongri_satak,Shift_C_Night,0.49,0.37,0.848,20.85,0.2,0.425,27.15,Excavator_CAT6020,38.4,54.0,2.074,0,92.7,11,27.98,1312.5,1076.7,235.8,17.97,1,MODERATE
REC_00889,2024-10-23,chhindwara_sausar_gowari,Shift_A_Morning,0.37,0.53,0.848,16.97,0.2,0.454,30.65,Dumper_KomatsuHD785,27.8,181.0,5.032,0,94.7,11,29.3,1600.0,1247.0,353.0,22.06,1,MODERATE
REC_00890,2024-10-23,gujarat_vadodara_pavi,Shift_B_Evening,3.16,0.7,0.834,21.71,0.2,0.451,27.15,DrillRig_SandvikDR412,18.5,204.0,3.774,0,90.1,11,24.28,1260.0,1295.4,0.0,0.0,0,LOW
REC_00891,2024-10-23,gujarat_panchmahal_halol,Shift_C_Night,0.08,0.59,0.85,20.18,0.2,0.417,28.25,Dumper_KomatsuHD785,33.9,208.0,7.051,0,97.3,12,28.11,1275.0,1190.9,84.1,6.59,0,LOW
REC_00892,2024-10-24,rajasthan_banswara_tambesra,Shift_A_Morning,2.58,0.51,0.837,18.15,0.2,0.429,29.15,Dumper_KomatsuHD785,54.2,198.0,10.732,0,90.6,11,25.06,1300.0,1249.8,50.2,3.86,0,LOW
REC_00893,2024-10-24,odisha_keonjhar_joda,Shift_B_Evening,0.62,0.49,0.847,13.89,0.2,0.472,25.65,Dumper_KomatsuHD785,35.2,47.0,1.654,0,92.4,11,23.64,2880.0,2704.6,175.4,6.09,0,LOW
REC_00894,2024-10-24,odisha_sundargarh_bonai,Shift_C_Night,0.59,0.54,0.847,18.81,0.2,0.457,25.65,Dumper_KomatsuHD785,44.0,136.0,5.984,0,92.0,11,21.29,1950.0,2242.5,0.0,0.0,0,LOW
REC_00895,2024-10-25,odisha_sundargarh_patmunda,Shift_A_Morning,0.68,0.56,0.847,15.73,0.2,0.4,25.65,Excavator_CAT6020,61.9,79.0,4.89,0,94.6,11,22.82,2250.0,2289.4,0.0,0.0,0,LOW
REC_00896,2024-10-25,jharkhand_singhbhum_chaibasa,Shift_B_Evening,3.8,0.76,0.831,20.35,0.2,0.448,27.55,Dumper_KomatsuHD785,65.3,66.0,4.31,1,75.5,9,26.13,1395.0,611.6,783.4,56.15,1,CRITICAL
REC_00897,2024-10-25,karnataka_sandur_kumaraswamy,Shift_C_Night,0.22,0.57,0.849,20.11,0.2,0.403,25.65,Dumper_KomatsuHD785,35.0,55.0,1.925,0,93.2,11,22.52,2025.0,2064.0,0.0,0.0,0,LOW
REC_00898,2024-10-26,karnataka_shimoga_kumsi,Shift_A_Morning,0.97,0.64,0.845,17.71,0.2,0.423,25.35,DrillRig_SandvikDR412,33.6,143.0,4.805,0,96.0,12,26.38,1450.0,1347.8,102.2,7.05,0,LOW
REC_00899,2024-10-26,andhra_visakhapatnam_garividi,Shift_B_Evening,1.0,0.53,0.845,10.0,0.2,0.46,26.15,Dumper_KomatsuHD785,47.6,156.0,7.426,0,92.3,11,25.1,1485.0,1361.1,123.9,8.34,0,LOW
REC_00900,2024-10-26,goa_sanguem_bicholim,Shift_C_Night,0.69,0.45,0.847,17.12,0.2,0.447,25.75,Dumper_KomatsuHD785,25.7,51.0,1.311,0,91.7,11,22.68,1350.0,1461.3,0.0,0.0,0,LOW
REC_00901,2024-10-27,balaghat_bharweli,Shift_A_Morning,0.79,0.53,0.846,22.12,0.2,0.433,25.85,Excavator_CAT6020,34.5,168.0,5.796,0,91.0,11,23.38,2800.0,2950.2,0.0,0.0,0,LOW
REC_00902,2024-10-27,balaghat_ukwa,Shift_B_Evening,1.28,0.67,0.844,23.92,0.2,0.376,27.55,DrillRig_SandvikDR412,45.4,86.0,3.904,0,95.5,11,23.5,2070.0,2141.4,0.0,0.0,0,LOW
REC_00903,2024-10-27,balaghat_tirodi,Shift_C_Night,1.26,0.5,0.844,12.53,0.2,0.41,25.25,Excavator_CAT6020,45.3,122.0,5.527,0,90.1,11,24.43,1800.0,1868.7,0.0,0.0,0,LOW
REC_00904,2024-10-28,bhandara_dongri_buzurg,Shift_A_Morning,3.45,0.78,0.833,16.34,0.2,0.495,27.55,Dumper_KomatsuHD785,49.9,124.0,6.188,0,93.9,11,25.24,2200.0,2006.7,193.3,8.79,0,LOW
REC_00905,2024-10-28,bhandara_chikla_sitasawangi,Shift_B_Evening,0.02,0.52,0.85,18.43,0.2,0.427,27.65,Dumper_KomatsuHD785,45.8,6.0,0.275,0,93.8,11,24.12,1800.0,1836.9,0.0,0.0,0,LOW
REC_00906,2024-10-28,nagpur_kandri_mansar,Shift_C_Night,0.04,0.48,0.85,24.85,0.2,0.526,27.55,Dumper_KomatsuHD785,45.3,155.0,7.021,0,96.0,12,26.94,1575.0,1521.3,53.7,3.41,0,LOW
REC_00907,2024-10-29,nagpur_gumgaon_ramdongri,Shift_A_Morning,2.37,0.62,0.838,24.27,0.2,0.397,25.85,Dumper_KomatsuHD785,37.8,42.0,1.588,0,96.4,12,23.69,1850.0,1948.1,0.0,0.0,0,LOW
REC_00908,2024-10-29,nagpur_beldongri_satak,Shift_B_Evening,0.56,0.59,0.847,13.24,0.2,0.449,28.45,Dumper_KomatsuHD785,55.8,70.0,3.906,1,78.6,9,25.42,1575.0,750.4,824.6,52.36,1,CRITICAL
REC_00909,2024-10-29,chhindwara_sausar_gowari,Shift_C_Night,1.55,0.52,0.842,22.12,0.2,0.481,30.25,Dumper_KomatsuHD785,41.9,137.0,5.74,0,92.5,11,24.23,1200.0,1188.1,11.9,1.0,0,LOW
REC_00910,2024-10-30,gujarat_vadodara_pavi,Shift_A_Morning,0.01,0.46,0.85,15.06,0.2,0.479,26.05,Dumper_KomatsuHD785,50.8,195.0,9.906,0,93.0,11,25.65,1400.0,1340.9,59.1,4.22,0,LOW
REC_00911,2024-10-30,gujarat_panchmahal_halol,Shift_B_Evening,1.12,0.74,0.844,22.83,0.2,0.462,29.15,Dumper_KomatsuHD785,50.9,157.0,7.991,0,93.6,11,25.99,1530.0,1434.7,95.3,6.23,0,LOW
REC_00912,2024-10-30,rajasthan_banswara_tambesra,Shift_C_Night,2.47,0.92,0.838,10.0,0.43,0.489,24.55,Dumper_KomatsuHD785,22.9,68.0,1.557,0,98.9,12,24.74,975.0,992.2,0.0,0.0,0,LOW
REC_00913,2024-10-31,odisha_keonjhar_joda,Shift_A_Morning,2.11,0.7,0.839,14.31,0.2,0.448,26.15,Dumper_KomatsuHD785,44.7,78.0,3.487,0,94.2,11,23.02,3200.0,3205.1,0.0,0.0,0,LOW
REC_00914,2024-10-31,odisha_sundargarh_bonai,Shift_B_Evening,1.32,0.77,0.843,22.44,0.2,0.44,26.85,Dumper_KomatsuHD785,26.0,37.0,0.962,0,95.6,11,23.46,2340.0,2176.4,163.6,6.99,0,LOW
REC_00915,2024-10-31,odisha_sundargarh_patmunda,Shift_C_Night,0.59,0.62,0.847,16.62,0.2,0.385,26.05,Dumper_KomatsuHD785,41.9,196.0,8.212,0,94.7,11,20.42,1687.5,1940.6,0.0,0.0,0,LOW
REC_00916,2024-11-01,jharkhand_singhbhum_chaibasa,Shift_A_Morning,0.47,0.63,0.848,19.45,0.2,0.432,29.15,DrillRig_SandvikDR412,48.7,114.0,5.552,0,95.0,11,18.67,1550.0,1782.5,0.0,0.0,0,LOW
REC_00917,2024-11-01,karnataka_sandur_kumaraswamy,Shift_B_Evening,0.01,0.7,0.85,20.41,0.2,0.469,24.95,Excavator_CAT6020,29.3,35.0,1.026,0,97.2,12,21.13,2430.0,2794.5,0.0,0.0,0,LOW
REC_00918,2024-11-01,karnataka_shimoga_kumsi,Shift_C_Night,0.1,0.67,0.85,10.73,0.2,0.485,27.15,Dumper_KomatsuHD785,51.1,147.0,7.512,0,96.3,12,26.59,1087.5,1029.8,57.7,5.3,0,LOW
REC_00919,2024-11-02,andhra_visakhapatnam_garividi,Shift_A_Morning,1.26,0.68,0.844,25.36,0.2,0.413,29.45,Dumper_KomatsuHD785,36.2,139.0,5.032,0,96.6,12,21.22,1650.0,1897.5,0.0,0.0,0,LOW
REC_00920,2024-11-02,goa_sanguem_bicholim,Shift_B_Evening,0.27,0.49,0.849,10.67,0.2,0.399,27.05,Dumper_KomatsuHD785,55.1,42.0,2.314,0,94.0,11,27.78,1620.0,1398.7,221.3,13.66,0,LOW
REC_00921,2024-11-02,balaghat_bharweli,Shift_C_Night,0.69,0.41,0.847,22.25,0.2,0.447,27.55,Dumper_KomatsuHD785,43.6,240.0,10.464,0,98.9,12,20.92,2100.0,2415.0,0.0,0.0,0,LOW
REC_00922,2024-11-03,balaghat_ukwa,Shift_A_Morning,0.55,0.52,0.847,17.62,0.2,0.4,25.75,DrillRig_SandvikDR412,32.7,75.0,2.453,0,95.6,11,24.15,2300.0,2360.6,0.0,0.0,0,LOW
REC_00923,2024-11-03,balaghat_tirodi,Shift_B_Evening,0.44,0.3,0.848,19.29,0.2,0.375,27.75,Dumper_KomatsuHD785,40.1,79.0,3.168,0,92.0,11,22.43,2160.0,2416.7,0.0,0.0,0,LOW
REC_00924,2024-11-03,bhandara_dongri_buzurg,Shift_C_Night,2.15,0.85,0.839,16.98,0.2,0.469,27.15,Dumper_KomatsuHD785,52.3,2.0,0.105,0,95.2,11,23.31,1650.0,1640.1,9.9,0.6,0,LOW
REC_00925,2024-11-04,bhandara_chikla_sitasawangi,Shift_A_Morning,0.46,0.49,0.848,17.9,0.2,0.473,27.15,Dumper_KomatsuHD785,37.9,42.0,1.592,0,94.1,11,26.91,2000.0,1771.3,228.7,11.44,0,LOW
REC_00926,2024-11-04,nagpur_kandri_mansar,Shift_B_Evening,0.95,0.57,0.845,17.47,0.2,0.421,22.45,DrillRig_SandvikDR412,62.3,142.0,8.847,0,92.1,11,25.06,1890.0,1824.8,65.2,3.45,0,LOW
REC_00927,2024-11-04,nagpur_gumgaon_ramdongri,Shift_C_Night,0.6,0.23,0.847,19.46,0.2,0.43,27.45,DrillRig_SandvikDR412,37.0,91.0,3.367,0,93.8,11,23.3,1387.5,1500.7,0.0,0.0,0,LOW
REC_00928,2024-11-05,nagpur_beldongri_satak,Shift_A_Morning,0.87,0.71,0.846,15.52,0.2,0.481,28.65,Dumper_KomatsuHD785,27.2,162.0,4.406,0,95.6,11,23.03,1750.0,1722.0,28.0,1.6,0,LOW
REC_00929,2024-11-05,chhindwara_sausar_gowari,Shift_B_Evening,0.76,0.68,0.846,15.38,0.2,0.438,26.85,Excavator_CAT6020,51.2,190.0,9.728,0,91.4,11,21.86,1440.0,1656.0,0.0,0.0,0,LOW
REC_00930,2024-11-05,gujarat_vadodara_pavi,Shift_C_Night,0.09,0.7,0.85,17.61,0.2,0.434,27.85,Dumper_KomatsuHD785,40.6,154.0,6.252,0,95.1,11,26.61,1050.0,868.7,181.3,17.26,1,MODERATE
REC_00931,2024-11-06,gujarat_panchmahal_halol,Shift_A_Morning,1.88,0.77,0.841,14.85,0.2,0.42,28.35,Dumper_KomatsuHD785,41.9,204.0,8.548,0,92.5,11,23.11,1700.0,1777.9,0.0,0.0,0,LOW
REC_00932,2024-11-06,rajasthan_banswara_tambesra,Shift_B_Evening,1.52,0.63,0.842,20.59,0.2,0.371,24.15,Dumper_KomatsuHD785,40.2,112.0,4.502,0,92.8,11,29.09,1170.0,927.9,242.1,20.69,1,MODERATE
REC_00933,2024-11-06,odisha_keonjhar_joda,Shift_C_Night,5.12,0.9,0.824,22.08,0.2,0.441,30.75,Dumper_KomatsuHD785,48.5,174.0,8.439,0,94.9,11,24.06,2400.0,2350.0,50.0,2.08,0,LOW
REC_00934,2024-11-07,odisha_sundargarh_bonai,Shift_A_Morning,1.1,0.6,0.844,18.36,0.2,0.456,22.35,Dumper_KomatsuHD785,35.1,129.0,4.528,0,97.0,12,25.99,2600.0,2507.7,92.3,3.55,0,LOW
REC_00935,2024-11-07,odisha_sundargarh_patmunda,Shift_B_Evening,0.96,0.45,0.845,22.16,0.2,0.395,23.05,Dumper_KomatsuHD785,48.3,162.0,7.825,0,96.9,12,27.72,2025.0,1894.9,130.1,6.43,0,LOW
REC_00936,2024-11-07,jharkhand_singhbhum_chaibasa,Shift_C_Night,0.64,0.44,0.847,11.99,0.2,0.531,29.25,Dumper_KomatsuHD785,28.0,164.0,4.592,0,97.8,12,22.0,1162.5,1336.9,0.0,0.0,0,LOW
REC_00937,2024-11-08,karnataka_sandur_kumaraswamy,Shift_A_Morning,0.82,0.56,0.846,17.92,0.57,0.408,24.75,Dumper_KomatsuHD785,39.7,10.0,0.397,0,97.3,12,25.18,2700.0,2855.3,0.0,0.0,0,LOW
REC_00938,2024-11-08,karnataka_shimoga_kumsi,Shift_B_Evening,1.76,0.68,0.841,17.81,0.97,0.428,27.45,Dumper_KomatsuHD785,47.0,63.0,2.961,0,92.2,11,23.17,1305.0,1278.7,26.3,2.02,0,LOW
REC_00939,2024-11-08,andhra_visakhapatnam_garividi,Shift_C_Night,2.32,0.6,0.838,16.03,0.2,0.462,26.95,Excavator_CAT6020,48.4,36.0,1.742,0,96.5,12,24.22,1237.5,1306.0,0.0,0.0,0,LOW
REC_00940,2024-11-09,goa_sanguem_bicholim,Shift_A_Morning,0.63,0.58,0.847,15.5,0.2,0.489,24.95,Dumper_KomatsuHD785,29.6,20.0,0.592,0,95.8,11,25.11,1800.0,1729.1,70.9,3.94,0,LOW
REC_00941,2024-11-09,balaghat_bharweli,Shift_B_Evening,0.12,0.58,0.849,24.38,0.43,0.427,28.05,Excavator_CAT6020,45.2,68.0,3.074,0,98.7,12,28.49,2520.0,2299.4,220.6,8.75,0,LOW
REC_00942,2024-11-09,balaghat_ukwa,Shift_C_Night,1.88,0.73,0.841,18.82,0.23,0.437,27.35,Excavator_CAT6020,30.5,34.0,1.037,0,93.7,11,25.14,1725.0,1487.2,237.8,13.78,0,LOW
REC_00943,2024-11-10,balaghat_tirodi,Shift_A_Morning,2.9,0.75,0.835,15.43,0.2,0.469,25.15,Dumper_KomatsuHD785,39.9,143.0,5.706,0,92.9,11,23.92,2400.0,2416.4,0.0,0.0,0,LOW
REC_00944,2024-11-10,bhandara_dongri_buzurg,Shift_B_Evening,2.65,0.86,0.837,15.85,0.2,0.517,25.95,Dumper_KomatsuHD785,36.6,62.0,2.269,0,93.0,11,24.08,1980.0,1927.0,53.0,2.68,0,LOW
REC_00945,2024-11-10,bhandara_chikla_sitasawangi,Shift_C_Night,0.13,0.71,0.849,17.88,0.2,0.494,24.65,Dumper_KomatsuHD785,51.2,107.0,5.478,0,95.9,12,24.1,1500.0,1725.0,0.0,0.0,0,LOW
REC_00946,2024-11-11,nagpur_kandri_mansar,Shift_A_Morning,2.96,0.44,0.835,16.11,0.2,0.444,30.55,Dumper_KomatsuHD785,51.0,152.0,7.752,0,93.2,11,21.59,2100.0,2341.3,0.0,0.0,0,LOW
REC_00947,2024-11-11,nagpur_gumgaon_ramdongri,Shift_B_Evening,0.44,0.46,0.848,21.98,0.2,0.47,29.35,Excavator_CAT6020,57.5,57.0,3.277,0,92.6,11,23.97,1665.0,1580.2,84.8,5.1,0,LOW
REC_00948,2024-11-11,nagpur_beldongri_satak,Shift_C_Night,0.85,0.67,0.846,23.13,0.22,0.408,25.25,Excavator_CAT6020,41.0,191.0,7.831,0,91.6,11,23.36,1312.5,1291.9,20.6,1.57,0,LOW
REC_00949,2024-11-12,chhindwara_sausar_gowari,Shift_A_Morning,0.44,0.74,0.848,19.03,0.2,0.413,24.15,Excavator_CAT6020,29.4,141.0,4.145,0,96.2,12,24.95,1600.0,1542.5,57.5,3.59,0,LOW
REC_00950,2024-11-12,gujarat_vadodara_pavi,Shift_B_Evening,0.03,0.49,0.85,15.3,0.71,0.478,27.65,Dumper_KomatsuHD785,21.8,209.0,4.556,0,96.7,12,24.13,1260.0,1423.7,0.0,0.0,0,LOW
REC_00951,2024-11-12,gujarat_panchmahal_halol,Shift_C_Night,0.3,0.82,0.848,20.57,0.2,0.475,27.45,Excavator_CAT6020,52.3,49.0,2.563,0,94.0,11,23.7,1275.0,1256.3,18.7,1.47,0,LOW
REC_00952,2024-11-13,rajasthan_banswara_tambesra,Shift_A_Morning,0.82,0.57,0.846,22.34,0.2,0.434,28.65,Excavator_CAT6020,37.8,59.0,2.23,0,92.6,11,22.75,1300.0,1382.9,0.0,0.0,0,LOW
REC_00953,2024-11-13,odisha_keonjhar_joda,Shift_B_Evening,0.52,0.46,0.847,13.56,0.2,0.485,27.55,Dumper_KomatsuHD785,35.9,10.0,0.359,0,89.8,11,27.14,2880.0,2393.1,486.9,16.91,1,MODERATE
REC_00954,2024-11-13,odisha_sundargarh_bonai,Shift_C_Night,1.55,0.65,0.842,17.38,0.2,0.399,25.35,Excavator_CAT6020,31.8,23.0,0.731,0,93.3,11,23.01,1950.0,1912.5,37.5,1.92,0,LOW
REC_00955,2024-11-14,odisha_sundargarh_patmunda,Shift_A_Morning,1.99,0.76,0.84,20.91,0.2,0.419,24.35,Excavator_CAT6020,44.3,25.0,1.107,0,96.8,12,25.36,2250.0,2167.3,82.7,3.68,0,LOW
REC_00956,2024-11-14,jharkhand_singhbhum_chaibasa,Shift_B_Evening,4.48,0.82,0.828,11.85,0.2,0.498,25.75,Dumper_KomatsuHD785,39.8,202.0,8.04,0,93.5,11,24.99,1395.0,1341.4,53.6,3.84,0,LOW
REC_00957,2024-11-14,karnataka_sandur_kumaraswamy,Shift_C_Night,2.33,0.65,0.838,15.49,0.29,0.437,24.85,Dumper_KomatsuHD785,27.2,193.0,5.25,0,94.2,11,25.23,2025.0,1949.3,75.7,3.74,0,LOW
REC_00958,2024-11-15,karnataka_shimoga_kumsi,Shift_A_Morning,0.88,0.54,0.846,22.33,0.2,0.452,24.35,DrillRig_SandvikDR412,23.9,28.0,0.669,0,90.2,11,27.02,1450.0,1279.6,170.4,11.75,0,LOW
REC_00959,2024-11-15,andhra_visakhapatnam_garividi,Shift_B_Evening,1.88,0.79,0.841,19.65,0.2,0.446,27.55,Dumper_KomatsuHD785,36.8,11.0,0.405,0,93.5,11,22.7,1485.0,1644.6,0.0,0.0,0,LOW
REC_00960,2024-11-15,goa_sanguem_bicholim,Shift_C_Night,2.51,0.77,0.837,12.3,0.2,0.492,25.65,Excavator_CAT6020,19.0,133.0,2.527,0,93.9,11,23.79,1350.0,1353.6,0.0,0.0,0,LOW
REC_00961,2024-11-16,balaghat_bharweli,Shift_A_Morning,0.74,0.62,0.846,18.33,0.31,0.419,27.05,Dumper_KomatsuHD785,22.6,86.0,1.944,0,96.7,12,22.58,2800.0,2821.1,0.0,0.0,0,LOW
REC_00962,2024-11-16,balaghat_ukwa,Shift_B_Evening,0.03,0.39,0.85,21.61,0.2,0.415,28.95,Excavator_CAT6020,38.4,28.0,1.075,0,92.9,11,21.39,2070.0,2260.3,0.0,0.0,0,LOW
REC_00963,2024-11-16,balaghat_tirodi,Shift_C_Night,0.92,0.58,0.845,13.13,0.2,0.496,24.15,Dumper_KomatsuHD785,34.4,193.0,6.639,0,95.2,11,24.08,1800.0,1701.9,98.1,5.45,0,LOW
REC_00964,2024-11-17,bhandara_dongri_buzurg,Shift_A_Morning,0.09,0.36,0.85,20.22,0.2,0.482,26.05,Dumper_KomatsuHD785,35.0,201.0,7.035,0,93.7,11,28.66,2200.0,1924.3,275.7,12.53,0,LOW
REC_00965,2024-11-17,bhandara_chikla_sitasawangi,Shift_B_Evening,0.62,0.63,0.847,16.38,0.2,0.466,24.25,Dumper_KomatsuHD785,27.2,76.0,2.067,0,94.7,11,25.43,1800.0,1619.0,181.0,10.06,0,LOW
REC_00966,2024-11-17,nagpur_kandri_mansar,Shift_C_Night,0.41,0.43,0.848,14.37,0.2,0.417,27.35,Dumper_KomatsuHD785,41.6,217.0,9.027,0,94.6,11,23.74,1575.0,1553.6,21.4,1.36,0,LOW
REC_00967,2024-11-18,nagpur_gumgaon_ramdongri,Shift_A_Morning,0.57,0.49,0.847,17.96,0.7,0.403,27.55,Dumper_KomatsuHD785,45.3,100.0,4.53,0,91.4,11,29.07,1850.0,1459.6,390.4,21.1,1,MODERATE
REC_00968,2024-11-18,nagpur_beldongri_satak,Shift_B_Evening,0.19,0.55,0.849,16.99,0.2,0.488,27.35,Excavator_CAT6020,36.6,205.0,7.503,0,93.0,11,21.77,1575.0,1810.4,0.0,0.0,0,LOW
REC_00969,2024-11-18,chhindwara_sausar_gowari,Shift_C_Night,1.38,0.75,0.843,17.97,1.24,0.451,28.45,Excavator_CAT6020,38.9,0.0,0.0,0,95.7,11,24.41,1200.0,1061.5,138.5,11.54,0,LOW
REC_00970,2024-11-19,gujarat_vadodara_pavi,Shift_A_Morning,1.41,0.59,0.843,19.2,0.88,0.428,27.85,Dumper_KomatsuHD785,35.9,67.0,2.405,0,93.1,11,24.37,1400.0,1323.3,76.7,5.48,0,LOW
REC_00971,2024-11-19,gujarat_panchmahal_halol,Shift_B_Evening,1.14,0.59,0.844,10.17,0.2,0.408,26.65,Dumper_KomatsuHD785,53.8,167.0,8.985,0,92.5,11,23.21,1530.0,1693.1,0.0,0.0,0,LOW
REC_00972,2024-11-19,rajasthan_banswara_tambesra,Shift_C_Night,0.82,0.62,0.846,17.79,0.2,0.519,27.15,Excavator_CAT6020,62.8,118.0,7.41,0,93.8,11,25.75,975.0,901.7,73.3,7.52,0,LOW
REC_00973,2024-11-20,odisha_keonjhar_joda,Shift_A_Morning,0.57,0.46,0.847,17.8,0.2,0.418,28.35,Dumper_KomatsuHD785,39.0,204.0,7.956,0,92.6,11,27.73,3200.0,3004.6,195.4,6.11,0,LOW
REC_00974,2024-11-20,odisha_sundargarh_bonai,Shift_B_Evening,0.09,0.6,0.85,23.19,0.2,0.521,24.65,Dumper_KomatsuHD785,38.0,29.0,1.102,0,93.4,11,19.48,2340.0,2691.0,0.0,0.0,0,LOW
REC_00975,2024-11-20,odisha_sundargarh_patmunda,Shift_C_Night,0.47,0.6,0.848,18.59,0.2,0.447,30.65,DrillRig_SandvikDR412,45.6,184.0,8.39,0,92.0,11,26.27,1687.5,1501.9,185.6,11.0,0,LOW
REC_00976,2024-11-21,jharkhand_singhbhum_chaibasa,Shift_A_Morning,0.65,0.75,0.847,14.95,0.2,0.454,29.05,Dumper_KomatsuHD785,39.6,97.0,3.841,0,92.9,11,23.18,1550.0,1519.0,31.0,2.0,0,LOW
REC_00977,2024-11-21,karnataka_sandur_kumaraswamy,Shift_B_Evening,0.51,0.34,0.847,16.72,0.2,0.474,29.75,Excavator_CAT6020,53.7,200.0,10.74,1,78.3,9,25.83,2430.0,1156.5,1273.5,52.41,1,CRITICAL
REC_00978,2024-11-21,karnataka_shimoga_kumsi,Shift_C_Night,1.24,0.79,0.844,18.31,0.2,0.464,25.15,Dumper_KomatsuHD785,38.1,146.0,5.563,0,97.5,12,21.19,1087.5,1250.6,0.0,0.0,0,LOW
REC_00979,2024-11-22,andhra_visakhapatnam_garividi,Shift_A_Morning,1.16,0.59,0.844,21.61,0.41,0.444,27.35,Dumper_KomatsuHD785,48.3,122.0,5.893,0,92.6,11,26.99,1650.0,1392.9,257.1,15.58,1,MODERATE
REC_00980,2024-11-22,goa_sanguem_bicholim,Shift_B_Evening,1.63,0.67,0.842,12.17,0.2,0.429,29.15,Excavator_CAT6020,45.7,175.0,7.998,0,94.4,11,20.77,1620.0,1758.0,0.0,0.0,0,LOW
REC_00981,2024-11-22,balaghat_bharweli,Shift_C_Night,1.88,0.54,0.841,18.33,0.2,0.39,24.55,Excavator_CAT6020,43.7,142.0,6.205,0,92.2,11,24.16,2100.0,1855.5,244.5,11.64,0,LOW
REC_00982,2024-11-23,balaghat_ukwa,Shift_A_Morning,0.5,0.48,0.847,13.06,0.2,0.426,24.45,Dumper_KomatsuHD785,32.7,83.0,2.714,0,94.8,11,24.49,2300.0,2198.6,101.4,4.41,0,LOW
REC_00983,2024-11-23,balaghat_tirodi,Shift_B_Evening,1.78,0.64,0.841,22.99,0.2,0.486,26.75,DrillRig_SandvikDR412,35.8,175.0,6.265,0,95.7,11,24.98,2160.0,2019.6,140.4,6.5,0,LOW
REC_00984,2024-11-23,bhandara_dongri_buzurg,Shift_C_Night,0.13,0.55,0.849,18.61,0.2,0.44,25.65,Dumper_KomatsuHD785,32.4,189.0,6.124,0,91.0,11,23.89,1650.0,1600.1,49.9,3.02,0,LOW
REC_00985,2024-11-24,bhandara_chikla_sitasawangi,Shift_A_Morning,1.62,0.47,0.842,14.51,0.2,0.407,25.35,Excavator_CAT6020,48.5,33.0,1.601,0,93.1,11,22.96,2000.0,2082.1,0.0,0.0,0,LOW
REC_00986,2024-11-24,nagpur_kandri_mansar,Shift_B_Evening,1.31,0.52,0.843,15.93,0.21,0.435,24.95,Excavator_CAT6020,54.5,17.0,0.926,0,93.8,11,24.72,1890.0,1541.2,348.8,18.46,1,MODERATE
REC_00987,2024-11-24,nagpur_gumgaon_ramdongri,Shift_C_Night,0.47,0.51,0.848,14.72,0.2,0.457,27.35,Excavator_CAT6020,19.3,143.0,2.76,0,96.8,12,21.61,1387.5,1595.6,0.0,0.0,0,LOW
REC_00988,2024-11-25,nagpur_beldongri_satak,Shift_A_Morning,0.41,0.48,0.848,15.72,0.2,0.559,24.55,Dumper_KomatsuHD785,43.9,172.0,7.551,0,95.3,11,26.44,1750.0,1604.4,145.6,8.32,0,LOW
REC_00989,2024-11-25,chhindwara_sausar_gowari,Shift_B_Evening,0.99,0.49,0.845,15.01,0.2,0.493,27.25,Excavator_CAT6020,37.7,156.0,5.881,0,91.9,11,26.17,1440.0,1340.4,99.6,6.92,0,LOW
REC_00990,2024-11-25,gujarat_vadodara_pavi,Shift_C_Night,0.73,0.47,0.846,23.49,0.2,0.507,25.95,Dumper_KomatsuHD785,39.8,145.0,5.771,0,90.0,11,20.1,1050.0,1207.5,0.0,0.0,0,LOW
REC_00991,2024-11-26,gujarat_panchmahal_halol,Shift_A_Morning,0.85,0.59,0.846,22.64,0.2,0.41,27.75,Excavator_CAT6020,35.3,153.0,5.401,0,91.5,11,26.45,1700.0,1500.7,199.3,11.72,0,LOW
REC_00992,2024-11-26,rajasthan_banswara_tambesra,Shift_B_Evening,4.1,0.62,0.829,14.36,0.42,0.389,28.25,Dumper_KomatsuHD785,33.9,208.0,7.051,0,93.9,11,24.95,1170.0,1163.2,6.8,0.58,0,LOW
REC_00993,2024-11-26,odisha_keonjhar_joda,Shift_C_Night,1.99,0.59,0.84,20.56,0.2,0.427,27.85,Dumper_KomatsuHD785,33.0,109.0,3.597,0,95.9,12,20.14,2400.0,2760.0,0.0,0.0,0,LOW
REC_00994,2024-11-27,odisha_sundargarh_bonai,Shift_A_Morning,0.97,0.61,0.845,17.1,0.2,0.446,27.35,Dumper_KomatsuHD785,42.4,163.0,6.911,0,90.5,11,21.24,2600.0,2899.7,0.0,0.0,0,LOW
REC_00995,2024-11-27,odisha_sundargarh_patmunda,Shift_B_Evening,0.38,0.58,0.848,15.23,0.2,0.522,28.95,Dumper_KomatsuHD785,30.3,186.0,5.636,0,93.1,11,22.96,2025.0,2132.5,0.0,0.0,0,LOW
REC_00996,2024-11-27,jharkhand_singhbhum_chaibasa,Shift_C_Night,4.06,0.78,0.83,20.39,0.2,0.442,24.95,Dumper_KomatsuHD785,27.6,145.0,4.002,0,96.8,12,25.65,1162.5,1186.9,0.0,0.0,0,LOW
REC_00997,2024-11-28,karnataka_sandur_kumaraswamy,Shift_A_Morning,1.11,0.69,0.844,13.2,0.2,0.405,25.25,Dumper_KomatsuHD785,53.5,168.0,8.988,0,95.2,11,26.27,2700.0,2496.8,203.2,7.53,0,LOW
REC_00998,2024-11-28,karnataka_shimoga_kumsi,Shift_B_Evening,0.44,0.46,0.848,17.0,0.2,0.421,30.55,Dumper_KomatsuHD785,51.1,161.0,8.227,0,95.0,11,22.43,1305.0,1338.2,0.0,0.0,0,LOW
REC_00999,2024-11-28,andhra_visakhapatnam_garividi,Shift_C_Night,5.75,0.99,0.821,14.02,0.26,0.44,28.55,Dumper_KomatsuHD785,50.5,38.0,1.919,0,94.1,11,26.91,1237.5,1086.3,151.2,12.22,0,LOW
REC_01000,2024-11-29,goa_sanguem_bicholim,Shift_A_Morning,5.12,0.96,0.824,16.3,0.2,0.438,25.55,Excavator_CAT6020,44.7,48.0,2.146,0,91.0,11,23.9,1800.0,1840.2,0.0,0.0,0,LOW
REC_01001,2024-11-29,balaghat_bharweli,Shift_B_Evening,0.93,0.42,0.845,22.75,0.2,0.465,25.75,Excavator_CAT6020,39.5,30.0,1.185,0,94.2,11,27.33,2520.0,2207.0,313.0,12.42,0,LOW
REC_01002,2024-11-29,balaghat_ukwa,Shift_C_Night,0.11,0.51,0.849,12.83,0.2,0.455,30.15,Excavator_CAT6020,49.4,64.0,3.162,0,90.5,11,29.66,1725.0,1414.0,311.0,18.03,1,MODERATE
REC_01003,2024-11-30,balaghat_tirodi,Shift_A_Morning,3.12,0.64,0.834,24.67,0.81,0.436,26.35,Dumper_KomatsuHD785,19.3,177.0,3.416,0,93.0,11,26.26,2400.0,2298.4,101.6,4.23,0,LOW
REC_01004,2024-11-30,bhandara_dongri_buzurg,Shift_B_Evening,1.87,0.72,0.841,23.1,0.51,0.482,27.45,Excavator_CAT6020,48.1,88.0,4.233,0,92.2,11,24.71,1980.0,1897.5,82.5,4.17,0,LOW
REC_01005,2024-11-30,bhandara_chikla_sitasawangi,Shift_C_Night,1.09,0.37,0.845,15.92,0.2,0.503,29.05,Dumper_KomatsuHD785,31.4,89.0,2.795,0,95.2,11,22.19,1500.0,1639.6,0.0,0.0,0,LOW
REC_01006,2024-12-01,nagpur_kandri_mansar,Shift_A_Morning,0.82,0.55,0.846,23.2,0.2,0.478,26.75,Excavator_CAT6020,51.2,185.0,9.472,0,95.8,11,26.02,2100.0,1898.2,201.8,9.61,0,LOW
REC_01007,2024-12-01,nagpur_gumgaon_ramdongri,Shift_B_Evening,0.21,0.6,0.849,14.84,0.98,0.425,24.15,Excavator_CAT6020,44.8,21.0,0.941,0,94.6,11,27.39,1665.0,1429.7,235.3,14.13,0,LOW
REC_01008,2024-12-01,nagpur_beldongri_satak,Shift_C_Night,0.55,0.55,0.847,27.19,0.2,0.493,24.35,Dumper_KomatsuHD785,44.6,140.0,6.244,0,94.1,11,22.59,1312.5,1378.0,0.0,0.0,0,LOW
REC_01009,2024-12-02,chhindwara_sausar_gowari,Shift_A_Morning,0.99,0.49,0.845,16.54,0.49,0.396,28.65,Dumper_KomatsuHD785,41.4,63.0,2.608,0,93.2,11,24.88,1600.0,1411.7,188.3,11.77,0,LOW
REC_01010,2024-12-02,gujarat_vadodara_pavi,Shift_B_Evening,0.37,0.57,0.848,13.41,0.2,0.444,26.75,Excavator_CAT6020,35.7,97.0,3.463,0,92.7,11,25.1,1260.0,1276.3,0.0,0.0,0,LOW
REC_01011,2024-12-02,gujarat_panchmahal_halol,Shift_C_Night,0.66,0.36,0.847,21.45,0.22,0.479,29.25,Dumper_KomatsuHD785,32.9,132.0,4.343,0,94.4,11,23.22,1275.0,1329.6,0.0,0.0,0,LOW
REC_01012,2024-12-03,rajasthan_banswara_tambesra,Shift_A_Morning,0.42,0.49,0.848,18.87,0.71,0.43,29.05,Excavator_CAT6020,43.6,63.0,2.747,0,94.4,11,26.77,1300.0,1208.1,91.9,7.07,0,LOW
REC_01013,2024-12-03,odisha_keonjhar_joda,Shift_B_Evening,2.13,0.57,0.839,16.97,0.2,0.442,25.65,Excavator_CAT6020,47.3,141.0,6.669,0,95.0,11,25.52,2880.0,2626.1,253.9,8.81,0,LOW
REC_01014,2024-12-03,odisha_sundargarh_bonai,Shift_C_Night,0.12,0.41,0.849,25.69,0.25,0.383,28.55,Dumper_KomatsuHD785,34.7,181.0,6.281,0,92.7,11,24.86,1950.0,1941.6,8.4,0.43,0,LOW
REC_01015,2024-12-04,odisha_sundargarh_patmunda,Shift_A_Morning,1.14,0.5,0.844,18.38,0.2,0.441,24.45,Excavator_CAT6020,38.3,39.0,1.494,0,93.2,11,24.1,2250.0,2122.7,127.3,5.66,0,LOW
REC_01016,2024-12-04,jharkhand_singhbhum_chaibasa,Shift_B_Evening,1.36,0.64,0.843,20.06,0.22,0.41,26.15,Excavator_CAT6020,31.4,99.0,3.109,0,92.0,11,21.85,1395.0,1455.5,0.0,0.0,0,LOW
REC_01017,2024-12-04,karnataka_sandur_kumaraswamy,Shift_C_Night,0.86,0.63,0.846,10.0,0.2,0.393,28.45,Excavator_CAT6020,49.5,140.0,6.93,0,92.3,11,23.32,2025.0,1974.9,50.1,2.47,0,LOW
REC_01018,2024-12-05,karnataka_shimoga_kumsi,Shift_A_Morning,1.62,0.71,0.842,22.3,0.2,0.511,27.75,Dumper_KomatsuHD785,34.2,45.0,1.539,0,97.6,12,29.97,1450.0,1200.7,249.3,17.19,1,MODERATE
REC_01019,2024-12-05,andhra_visakhapatnam_garividi,Shift_B_Evening,0.81,0.74,0.846,19.91,0.2,0.427,25.55,Dumper_KomatsuHD785,33.4,2.0,0.067,0,94.7,11,21.6,1485.0,1615.0,0.0,0.0,0,LOW
REC_01020,2024-12-05,goa_sanguem_bicholim,Shift_C_Night,0.8,0.42,0.846,22.65,0.2,0.473,23.95,Dumper_KomatsuHD785,53.5,153.0,8.185,0,93.0,11,24.57,1350.0,1358.3,0.0,0.0,0,LOW
REC_01021,2024-12-06,balaghat_bharweli,Shift_A_Morning,0.47,0.52,0.848,22.68,0.2,0.503,24.95,Dumper_KomatsuHD785,41.8,48.0,2.006,0,93.6,11,21.56,2800.0,3026.6,0.0,0.0,0,LOW
REC_01022,2024-12-06,balaghat_ukwa,Shift_B_Evening,0.56,0.44,0.847,16.26,0.2,0.495,26.55,Excavator_CAT6020,34.5,6.0,0.207,0,93.8,11,24.41,2070.0,1991.8,78.2,3.78,0,LOW
REC_01023,2024-12-06,balaghat_tirodi,Shift_C_Night,1.73,0.68,0.841,19.26,0.2,0.442,26.55,Excavator_CAT6020,37.8,146.0,5.519,0,94.7,11,23.56,1800.0,1801.8,0.0,0.0,0,LOW
REC_01024,2024-12-07,bhandara_dongri_buzurg,Shift_A_Morning,0.01,0.46,0.85,17.16,0.2,0.422,26.55,Dumper_KomatsuHD785,49.2,85.0,4.182,0,94.7,11,26.86,2200.0,2043.3,156.7,7.12,0,LOW
REC_01025,2024-12-07,bhandara_chikla_sitasawangi,Shift_B_Evening,0.01,0.53,0.85,20.6,0.2,0.437,26.25,Dumper_KomatsuHD785,35.9,68.0,2.441,0,95.1,11,22.43,1800.0,1923.6,0.0,0.0,0,LOW
REC_01026,2024-12-07,nagpur_kandri_mansar,Shift_C_Night,3.06,0.71,0.835,16.61,0.2,0.474,27.25,DrillRig_SandvikDR412,29.0,137.0,3.973,0,96.2,12,23.89,1575.0,1774.1,0.0,0.0,0,LOW
REC_01027,2024-12-08,nagpur_gumgaon_ramdongri,Shift_A_Morning,2.81,0.79,0.836,10.0,0.2,0.51,27.75,Dumper_KomatsuHD785,43.3,201.0,8.703,0,92.8,11,20.3,1850.0,2127.5,0.0,0.0,0,LOW
REC_01028,2024-12-08,nagpur_beldongri_satak,Shift_B_Evening,0.36,0.54,0.848,16.32,0.2,0.466,26.45,Dumper_KomatsuHD785,37.2,131.0,4.873,0,91.8,11,26.48,1575.0,1460.0,115.0,7.3,0,LOW
REC_01029,2024-12-08,chhindwara_sausar_gowari,Shift_C_Night,0.84,0.62,0.846,22.14,0.2,0.439,28.75,Excavator_CAT6020,38.9,209.0,8.13,0,90.7,11,26.94,1200.0,1144.8,55.2,4.6,0,LOW
REC_01030,2024-12-09,gujarat_vadodara_pavi,Shift_A_Morning,1.28,0.55,0.844,18.14,0.2,0.425,30.35,Dumper_KomatsuHD785,70.6,94.0,6.636,1,81.8,10,22.68,1400.0,819.7,580.3,41.45,1,CRITICAL
REC_01031,2024-12-09,gujarat_panchmahal_halol,Shift_B_Evening,0.3,0.48,0.848,14.31,0.9,0.504,25.25,Dumper_KomatsuHD785,37.9,110.0,4.169,0,90.2,11,23.2,1530.0,1619.7,0.0,0.0,0,LOW
REC_01032,2024-12-09,rajasthan_banswara_tambesra,Shift_C_Night,0.22,0.53,0.849,19.15,0.36,0.41,27.05,Dumper_KomatsuHD785,30.5,176.0,5.368,0,95.2,11,24.61,975.0,878.3,96.7,9.92,0,LOW
REC_01033,2024-12-10,odisha_keonjhar_joda,Shift_A_Morning,0.46,0.48,0.848,15.49,0.2,0.447,27.45,Dumper_KomatsuHD785,47.7,22.0,1.049,0,97.7,12,24.72,3200.0,3244.0,0.0,0.0,0,LOW
REC_01034,2024-12-10,odisha_sundargarh_bonai,Shift_B_Evening,0.12,0.56,0.849,16.98,0.2,0.498,26.05,Dumper_KomatsuHD785,47.2,0.0,0.0,0,93.9,11,27.52,2340.0,2098.8,241.2,10.31,0,LOW
REC_01035,2024-12-10,odisha_sundargarh_patmunda,Shift_C_Night,6.04,1.04,0.82,14.11,0.2,0.463,26.05,Dumper_KomatsuHD785,38.8,156.0,6.053,0,91.5,11,27.55,1687.5,1524.1,163.4,9.68,0,LOW
REC_01036,2024-12-11,jharkhand_singhbhum_chaibasa,Shift_A_Morning,0.04,0.58,0.85,17.8,0.2,0.501,25.65,Dumper_KomatsuHD785,33.3,0.0,0.0,0,95.1,11,24.44,1550.0,1601.5,0.0,0.0,0,LOW
REC_01037,2024-12-11,karnataka_sandur_kumaraswamy,Shift_B_Evening,2.34,0.78,0.838,17.41,0.2,0.445,27.05,Dumper_KomatsuHD785,30.5,176.0,5.368,0,93.4,11,23.49,2430.0,2562.2,0.0,0.0,0,LOW
REC_01038,2024-12-11,karnataka_shimoga_kumsi,Shift_C_Night,0.31,0.56,0.848,17.31,0.52,0.429,29.85,Dumper_KomatsuHD785,40.7,179.0,7.285,0,98.3,12,26.14,1087.5,1071.2,16.3,1.49,0,LOW
REC_01039,2024-12-12,andhra_visakhapatnam_garividi,Shift_A_Morning,0.16,0.33,0.849,14.69,0.2,0.5,24.95,Dumper_KomatsuHD785,39.4,157.0,6.186,0,88.0,11,24.32,1650.0,1541.3,108.7,6.59,0,LOW
REC_01040,2024-12-12,goa_sanguem_bicholim,Shift_B_Evening,0.33,0.49,0.848,23.3,0.2,0.487,28.85,Dumper_KomatsuHD785,46.6,165.0,7.689,0,95.9,12,19.56,1620.0,1863.0,0.0,0.0,0,LOW
REC_01041,2024-12-12,balaghat_bharweli,Shift_C_Night,0.57,0.54,0.847,25.96,1.03,0.442,24.65,Dumper_KomatsuHD785,33.5,26.0,0.871,0,93.5,11,22.35,2100.0,2315.9,0.0,0.0,0,LOW
REC_01042,2024-12-13,balaghat_ukwa,Shift_A_Morning,0.02,0.48,0.85,19.3,0.71,0.421,26.95,Excavator_CAT6020,29.8,210.0,6.258,0,94.9,11,25.1,2300.0,2045.6,254.4,11.06,0,LOW
REC_01043,2024-12-13,balaghat_tirodi,Shift_B_Evening,0.23,0.41,0.849,13.91,0.2,0.475,27.25,Dumper_KomatsuHD785,56.0,146.0,8.176,0,92.3,11,24.69,2160.0,2087.3,72.7,3.37,0,LOW
REC_01044,2024-12-13,bhandara_dongri_buzurg,Shift_C_Night,0.48,0.56,0.848,14.59,0.81,0.39,24.15,Dumper_KomatsuHD785,46.5,29.0,1.349,0,95.9,12,23.21,1650.0,1849.4,0.0,0.0,0,LOW
REC_01045,2024-12-14,bhandara_chikla_sitasawangi,Shift_A_Morning,1.36,0.79,0.843,19.56,0.2,0.425,28.15,Dumper_KomatsuHD785,48.0,104.0,4.992,0,92.1,11,20.1,2000.0,2300.0,0.0,0.0,0,LOW
REC_01046,2024-12-14,nagpur_kandri_mansar,Shift_B_Evening,2.36,0.83,0.838,17.85,0.2,0.422,27.45,Excavator_CAT6020,50.4,64.0,3.226,0,95.9,12,23.18,1890.0,2154.7,0.0,0.0,0,LOW
REC_01047,2024-12-14,nagpur_gumgaon_ramdongri,Shift_C_Night,0.95,0.56,0.845,12.92,0.2,0.468,26.05,Excavator_CAT6020,42.5,54.0,2.295,0,92.8,11,22.14,1387.5,1535.5,0.0,0.0,0,LOW
REC_01048,2024-12-15,nagpur_beldongri_satak,Shift_A_Morning,0.05,0.57,0.85,17.49,0.2,0.452,24.95,Dumper_KomatsuHD785,45.3,70.0,3.171,0,99.0,12,26.55,1750.0,1793.1,0.0,0.0,0,LOW
REC_01049,2024-12-15,chhindwara_sausar_gowari,Shift_B_Evening,1.33,0.6,0.843,16.11,0.2,0.431,24.65,Dumper_KomatsuHD785,38.3,134.0,5.132,0,89.9,11,21.93,1440.0,1429.8,10.2,0.71,0,LOW
REC_01050,2024-12-15,gujarat_vadodara_pavi,Shift_C_Night,4.65,1.1,0.827,17.26,0.38,0.373,24.35,Dumper_KomatsuHD785,29.9,32.0,0.957,0,90.6,11,25.78,1050.0,936.2,113.8,10.84,0,LOW
REC_01051,2024-12-16,gujarat_panchmahal_halol,Shift_A_Morning,2.12,0.58,0.839,17.7,0.2,0.453,28.15,Excavator_CAT6020,36.9,159.0,5.867,0,91.2,11,23.88,1700.0,1811.1,0.0,0.0,0,LOW
REC_01052,2024-12-16,rajasthan_banswara_tambesra,Shift_B_Evening,4.59,0.83,0.827,21.65,0.2,0.442,26.65,Dumper_KomatsuHD785,65.1,212.0,13.801,1,78.3,9,25.18,1170.0,534.2,635.8,54.34,1,CRITICAL
REC_01053,2024-12-16,odisha_keonjhar_joda,Shift_C_Night,0.32,0.5,0.848,20.09,0.33,0.461,26.55,Excavator_CAT6020,41.2,152.0,6.262,0,97.3,12,21.34,2400.0,2760.0,0.0,0.0,0,LOW
REC_01054,2024-12-17,odisha_sundargarh_bonai,Shift_A_Morning,1.47,0.64,0.843,13.46,0.2,0.425,25.65,Excavator_CAT6020,40.5,63.0,2.551,0,92.3,11,21.35,2600.0,2823.7,0.0,0.0,0,LOW
REC_01055,2024-12-17,odisha_sundargarh_patmunda,Shift_B_Evening,0.81,0.6,0.846,20.49,0.2,0.461,25.65,Dumper_KomatsuHD785,33.0,101.0,3.333,0,92.7,11,25.17,2025.0,1866.3,158.7,7.84,0,LOW
REC_01056,2024-12-17,jharkhand_singhbhum_chaibasa,Shift_C_Night,0.35,0.35,0.848,14.52,0.25,0.406,29.55,Excavator_CAT6020,31.0,81.0,2.511,0,94.3,11,25.42,1162.5,1100.1,62.4,5.37,0,LOW
REC_01057,2024-12-18,karnataka_sandur_kumaraswamy,Shift_A_Morning,0.68,0.63,0.847,18.01,0.2,0.557,24.95,Excavator_CAT6020,43.7,200.0,8.74,0,92.7,11,22.91,2700.0,2833.2,0.0,0.0,0,LOW
REC_01058,2024-12-18,karnataka_shimoga_kumsi,Shift_B_Evening,2.07,0.59,0.84,17.85,0.2,0.418,28.35,Excavator_CAT6020,47.4,34.0,1.612,0,93.3,11,25.99,1305.0,1196.3,108.7,8.33,0,LOW
REC_01059,2024-12-18,andhra_visakhapatnam_garividi,Shift_C_Night,2.62,0.66,0.837,22.24,0.2,0.385,25.05,Excavator_CAT6020,60.2,147.0,8.849,0,95.9,12,24.25,1237.5,1353.7,0.0,0.0,0,LOW
REC_01060,2024-12-19,goa_sanguem_bicholim,Shift_A_Morning,0.75,0.56,0.846,18.58,0.2,0.504,26.35,Excavator_CAT6020,43.3,136.0,5.889,0,93.8,11,25.6,1800.0,1711.6,88.4,4.91,0,LOW
REC_01061,2024-12-19,balaghat_bharweli,Shift_B_Evening,1.48,0.68,0.843,16.74,0.29,0.454,27.65,Dumper_KomatsuHD785,45.1,30.0,1.353,0,95.8,11,25.63,2520.0,2515.5,4.5,0.18,0,LOW
REC_01062,2024-12-19,balaghat_ukwa,Shift_C_Night,0.06,0.51,0.85,23.91,0.2,0.35,28.75,Excavator_CAT6020,47.4,121.0,5.735,0,96.2,12,23.16,1725.0,1873.8,0.0,0.0,0,LOW
REC_01063,2024-12-20,balaghat_tirodi,Shift_A_Morning,0.21,0.47,0.849,15.54,0.2,0.407,27.85,Dumper_KomatsuHD785,56.0,33.0,1.848,0,94.6,11,25.49,2400.0,2299.1,100.9,4.2,0,LOW
REC_01064,2024-12-20,bhandara_dongri_buzurg,Shift_B_Evening,0.33,0.56,0.848,17.53,0.68,0.444,25.15,Dumper_KomatsuHD785,40.0,96.0,3.84,0,92.2,11,22.17,1980.0,2145.5,0.0,0.0,0,LOW
REC_01065,2024-12-20,bhandara_chikla_sitasawangi,Shift_C_Night,0.71,0.39,0.846,21.47,0.2,0.431,27.65,Excavator_CAT6020,25.1,136.0,3.414,0,95.6,11,23.73,1500.0,1515.0,0.0,0.0,0,LOW
REC_01066,2024-12-21,nagpur_kandri_mansar,Shift_A_Morning,0.1,0.47,0.849,25.66,0.38,0.45,24.25,Dumper_KomatsuHD785,36.2,92.0,3.33,0,90.1,11,20.37,2100.0,2399.0,0.0,0.0,0,LOW
REC_01067,2024-12-21,nagpur_gumgaon_ramdongri,Shift_B_Evening,1.42,0.67,0.843,19.68,0.32,0.42,24.25,Dumper_KomatsuHD785,49.7,132.0,6.56,0,96.6,12,23.84,1665.0,1914.7,0.0,0.0,0,LOW
REC_01068,2024-12-21,nagpur_beldongri_satak,Shift_C_Night,6.09,0.97,0.82,23.42,0.2,0.444,27.75,Dumper_KomatsuHD785,26.4,40.0,1.056,0,93.4,11,25.67,1312.5,1333.5,0.0,0.0,0,LOW
REC_01069,2024-12-22,chhindwara_sausar_gowari,Shift_A_Morning,0.89,0.53,0.846,14.41,0.2,0.497,29.05,Excavator_CAT6020,31.0,2.0,0.062,0,92.8,11,29.45,1600.0,1332.7,267.3,16.71,1,MODERATE
REC_01070,2024-12-22,gujarat_vadodara_pavi,Shift_B_Evening,2.3,0.65,0.838,19.22,0.2,0.38,24.35,Excavator_CAT6020,53.6,194.0,10.398,0,92.2,11,24.2,1260.0,1191.9,68.1,5.4,0,LOW
REC_01071,2024-12-22,gujarat_panchmahal_halol,Shift_C_Night,0.53,0.63,0.847,14.33,0.2,0.457,26.15,DrillRig_SandvikDR412,40.6,123.0,4.994,0,94.9,11,21.98,1275.0,1334.5,0.0,0.0,0,LOW
REC_01072,2024-12-23,rajasthan_banswara_tambesra,Shift_A_Morning,0.01,0.45,0.85,16.64,0.2,0.454,24.25,DrillRig_SandvikDR412,26.8,158.0,4.234,0,91.3,11,20.94,1300.0,1495.0,0.0,0.0,0,LOW
REC_01073,2024-12-23,odisha_keonjhar_joda,Shift_B_Evening,0.04,0.42,0.85,21.98,0.2,0.389,25.15,Dumper_KomatsuHD785,52.7,44.0,2.319,0,89.5,11,27.92,2880.0,2468.4,411.6,14.29,0,LOW
REC_01074,2024-12-23,odisha_sundargarh_bonai,Shift_C_Night,0.38,0.55,0.848,14.46,0.2,0.53,28.05,Dumper_KomatsuHD785,30.0,40.0,1.2,0,92.3,11,29.01,1950.0,1591.1,358.9,18.41,1,MODERATE
REC_01075,2024-12-24,odisha_sundargarh_patmunda,Shift_A_Morning,0.94,0.66,0.845,21.71,0.2,0.481,29.25,Excavator_CAT6020,36.6,212.0,7.759,0,94.3,11,20.36,2250.0,2461.4,0.0,0.0,0,LOW
REC_01076,2024-12-24,jharkhand_singhbhum_chaibasa,Shift_B_Evening,1.73,0.57,0.841,18.69,0.21,0.483,27.45,DrillRig_SandvikDR412,20.5,133.0,2.727,0,95.3,11,21.41,1395.0,1604.2,0.0,0.0,0,LOW
REC_01077,2024-12-24,karnataka_sandur_kumaraswamy,Shift_C_Night,0.48,0.55,0.848,15.06,0.2,0.46,29.05,Dumper_KomatsuHD785,43.8,88.0,3.854,0,92.1,11,25.97,2025.0,1910.2,114.8,5.67,0,LOW
REC_01078,2024-12-25,karnataka_shimoga_kumsi,Shift_A_Morning,2.83,0.78,0.836,17.95,0.34,0.441,26.65,Dumper_KomatsuHD785,24.8,113.0,2.802,0,91.3,11,27.3,1450.0,1151.5,298.5,20.59,1,MODERATE
REC_01079,2024-12-25,andhra_visakhapatnam_garividi,Shift_B_Evening,1.05,0.59,0.845,23.95,0.2,0.433,30.95,Dumper_KomatsuHD785,37.4,129.0,4.825,0,95.3,11,25.82,1485.0,1387.5,97.5,6.57,0,LOW
REC_01080,2024-12-25,goa_sanguem_bicholim,Shift_C_Night,0.68,0.57,0.847,20.58,0.2,0.431,24.45,Dumper_KomatsuHD785,50.0,62.0,3.1,0,95.4,11,25.69,1350.0,1234.5,115.5,8.56,0,LOW
REC_01081,2024-12-26,balaghat_bharweli,Shift_A_Morning,2.77,0.74,0.836,17.73,0.2,0.449,30.15,Excavator_CAT6020,38.9,68.0,2.645,0,94.2,11,27.04,2800.0,2672.6,127.4,4.55,0,LOW
REC_01082,2024-12-26,balaghat_ukwa,Shift_B_Evening,0.47,0.5,0.848,19.16,0.2,0.399,29.55,Dumper_KomatsuHD785,24.8,13.0,0.322,0,97.5,12,25.46,2070.0,2072.4,0.0,0.0,0,LOW
REC_01083,2024-12-26,balaghat_tirodi,Shift_C_Night,1.45,0.83,0.843,21.52,0.2,0.394,27.05,Excavator_CAT6020,53.6,186.0,9.97,0,93.1,11,25.47,1800.0,1595.1,204.9,11.38,0,LOW
REC_01084,2024-12-27,bhandara_dongri_buzurg,Shift_A_Morning,2.91,0.6,0.835,16.82,0.2,0.465,30.35,Dumper_KomatsuHD785,30.8,0.0,0.0,0,94.9,11,24.46,2200.0,2198.4,1.6,0.07,0,LOW
REC_01085,2024-12-27,bhandara_chikla_sitasawangi,Shift_B_Evening,1.67,0.6,0.842,15.0,0.2,0.481,28.65,Dumper_KomatsuHD785,29.3,133.0,3.897,0,93.7,11,23.31,1800.0,1744.1,55.9,3.11,0,LOW
REC_01086,2024-12-27,nagpur_kandri_mansar,Shift_C_Night,0.41,0.61,0.848,18.86,0.62,0.454,25.35,Excavator_CAT6020,34.6,46.0,1.592,0,96.4,12,25.0,1575.0,1538.9,36.1,2.29,0,LOW
REC_01087,2024-12-28,nagpur_gumgaon_ramdongri,Shift_A_Morning,0.97,0.49,0.845,20.63,0.2,0.466,25.75,Dumper_KomatsuHD785,26.6,73.0,1.942,0,93.6,11,27.39,1850.0,1578.3,271.7,14.68,0,LOW
REC_01088,2024-12-28,nagpur_beldongri_satak,Shift_B_Evening,1.67,0.68,0.842,12.55,0.46,0.468,27.35,Dumper_KomatsuHD785,48.4,194.0,9.39,0,93.8,11,25.21,1575.0,1492.6,82.4,5.23,0,LOW
REC_01089,2024-12-28,chhindwara_sausar_gowari,Shift_C_Night,1.01,0.64,0.845,17.53,0.2,0.358,25.55,Dumper_KomatsuHD785,46.9,60.0,2.814,0,97.1,12,21.93,1200.0,1380.0,0.0,0.0,0,LOW
REC_01090,2024-12-29,gujarat_vadodara_pavi,Shift_A_Morning,0.06,0.49,0.85,21.53,0.2,0.483,27.15,Dumper_KomatsuHD785,34.6,177.0,6.124,0,91.7,11,22.96,1400.0,1416.8,0.0,0.0,0,LOW
REC_01091,2024-12-29,gujarat_panchmahal_halol,Shift_B_Evening,0.24,0.55,0.849,21.33,0.2,0.442,29.45,Excavator_CAT6020,39.9,210.0,8.379,0,89.9,11,23.37,1530.0,1661.4,0.0,0.0,0,LOW
REC_01092,2024-12-29,rajasthan_banswara_tambesra,Shift_C_Night,0.42,0.46,0.848,17.78,0.2,0.483,26.65,Dumper_KomatsuHD785,51.6,137.0,7.069,0,91.8,11,24.67,975.0,933.1,41.9,4.3,0,LOW
REC_01093,2024-12-30,odisha_keonjhar_joda,Shift_A_Morning,1.99,0.66,0.84,20.03,0.2,0.404,28.85,Excavator_CAT6020,27.7,23.0,0.637,0,92.9,11,21.78,3200.0,3430.5,0.0,0.0,0,LOW
REC_01094,2024-12-30,odisha_sundargarh_bonai,Shift_B_Evening,4.82,0.9,0.826,15.6,0.2,0.532,24.55,Dumper_KomatsuHD785,45.7,93.0,4.25,0,94.4,11,24.53,2340.0,2119.9,220.1,9.41,0,LOW
REC_01095,2024-12-30,odisha_sundargarh_patmunda,Shift_C_Night,0.41,0.44,0.848,15.86,0.2,0.481,27.25,Dumper_KomatsuHD785,50.2,179.0,8.986,0,91.3,11,24.35,1687.5,1544.3,143.2,8.49,0,LOW
REC_01096,2024-12-31,jharkhand_singhbhum_chaibasa,Shift_A_Morning,2.63,0.62,0.837,23.88,0.2,0.398,25.65,Excavator_CAT6020,44.9,80.0,3.592,0,93.3,11,21.45,1550.0,1782.5,0.0,0.0,0,LOW
REC_01097,2024-12-31,karnataka_sandur_kumaraswamy,Shift_B_Evening,2.3,0.74,0.839,23.18,0.2,0.476,30.65,Excavator_CAT6020,33.4,203.0,6.78,0,92.1,11,21.16,2430.0,2691.5,0.0,0.0,0,LOW
REC_01098,2024-12-31,karnataka_shimoga_kumsi,Shift_C_Night,0.26,0.57,0.849,16.01,0.2,0.35,28.85,DrillRig_SandvikDR412,42.8,185.0,7.918,0,96.4,12,26.24,1087.5,1085.1,2.4,0.22,0,LOW
REC_01099,2025-01-01,andhra_visakhapatnam_garividi,Shift_A_Morning,2.43,0.66,0.838,18.18,0.2,0.496,25.05,Dumper_KomatsuHD785,48.4,51.0,2.468,0,97.9,12,22.3,1650.0,1897.5,0.0,0.0,0,LOW
REC_01100,2025-01-01,goa_sanguem_bicholim,Shift_B_Evening,1.25,0.66,0.844,15.62,0.2,0.446,28.05,Excavator_CAT6020,42.8,168.0,7.19,0,93.6,11,27.5,1620.0,1352.5,267.5,16.51,1,MODERATE
REC_01101,2025-01-01,balaghat_bharweli,Shift_C_Night,0.31,0.58,0.848,22.27,0.2,0.439,28.55,Dumper_KomatsuHD785,48.0,36.0,1.728,0,89.5,11,22.86,2100.0,2397.6,0.0,0.0,0,LOW
REC_01102,2025-01-02,balaghat_ukwa,Shift_A_Morning,1.44,0.48,0.843,17.1,0.2,0.481,26.75,Excavator_CAT6020,56.2,133.0,7.475,0,94.8,11,25.94,2300.0,2095.0,205.0,8.91,0,LOW
REC_01103,2025-01-02,balaghat_tirodi,Shift_B_Evening,1.47,0.57,0.843,18.99,0.2,0.496,27.15,Dumper_KomatsuHD785,33.6,158.0,5.309,0,92.4,11,26.31,2160.0,1899.1,260.9,12.08,0,LOW
REC_01104,2025-01-02,bhandara_dongri_buzurg,Shift_C_Night,0.17,0.46,0.849,14.46,0.2,0.499,24.75,Dumper_KomatsuHD785,54.3,151.0,8.199,0,92.2,11,23.7,1650.0,1609.1,40.9,2.48,0,LOW
REC_01105,2025-01-03,bhandara_chikla_sitasawangi,Shift_A_Morning,2.18,0.59,0.839,13.21,0.2,0.519,29.45,Dumper_KomatsuHD785,37.0,135.0,4.995,0,95.9,12,23.29,2000.0,2231.6,0.0,0.0,0,LOW
REC_01106,2025-01-03,nagpur_kandri_mansar,Shift_B_Evening,2.15,0.74,0.839,24.2,0.68,0.437,26.55,Dumper_KomatsuHD785,36.2,108.0,3.91,0,90.9,11,23.45,1890.0,1895.4,0.0,0.0,0,LOW
REC_01107,2025-01-03,nagpur_gumgaon_ramdongri,Shift_C_Night,3.71,0.84,0.831,15.88,0.2,0.453,25.65,Excavator_CAT6020,47.5,125.0,5.938,0,95.8,11,23.37,1387.5,1366.3,21.2,1.53,0,LOW
REC_01108,2025-01-04,nagpur_beldongri_satak,Shift_A_Morning,0.54,0.55,0.847,12.15,0.54,0.462,25.75,Dumper_KomatsuHD785,44.7,136.0,6.079,0,95.2,11,26.98,1750.0,1535.8,214.2,12.24,0,LOW
REC_01109,2025-01-04,chhindwara_sausar_gowari,Shift_B_Evening,0.76,0.52,0.846,20.58,0.2,0.461,27.35,Dumper_KomatsuHD785,45.1,86.0,3.879,0,95.9,12,24.24,1440.0,1495.9,0.0,0.0,0,LOW
REC_01110,2025-01-04,gujarat_vadodara_pavi,Shift_C_Night,0.56,0.67,0.847,19.91,0.2,0.521,23.35,Dumper_KomatsuHD785,52.5,62.0,3.255,0,94.8,11,24.74,1050.0,996.4,53.6,5.11,0,LOW
REC_01111,2025-01-05,gujarat_panchmahal_halol,Shift_A_Morning,1.12,0.57,0.844,19.55,0.2,0.415,24.95,DrillRig_SandvikDR412,44.8,111.0,4.973,0,93.7,11,24.56,1700.0,1745.5,0.0,0.0,0,LOW
REC_01112,2025-01-05,rajasthan_banswara_tambesra,Shift_B_Evening,0.55,0.56,0.847,15.9,0.2,0.469,24.65,Dumper_KomatsuHD785,56.5,98.0,5.537,0,93.2,11,23.29,1170.0,1105.2,64.8,5.54,0,LOW
REC_01113,2025-01-05,odisha_keonjhar_joda,Shift_C_Night,0.94,0.51,0.845,17.38,0.2,0.464,24.05,Dumper_KomatsuHD785,37.1,164.0,6.084,0,98.6,12,23.61,2400.0,2643.1,0.0,0.0,0,LOW
REC_01114,2025-01-06,odisha_sundargarh_bonai,Shift_A_Morning,0.4,0.49,0.848,21.72,0.2,0.434,27.35,Dumper_KomatsuHD785,29.1,145.0,4.22,1,78.1,9,24.54,2600.0,1139.0,1461.0,56.19,1,CRITICAL
REC_01115,2025-01-06,odisha_sundargarh_patmunda,Shift_B_Evening,1.07,0.65,0.845,22.11,0.2,0.42,25.25,Dumper_KomatsuHD785,50.0,203.0,10.15,0,88.4,11,26.53,2025.0,1786.6,238.4,11.77,0,LOW
REC_01116,2025-01-06,jharkhand_singhbhum_chaibasa,Shift_C_Night,0.31,0.55,0.848,17.45,0.23,0.45,25.45,Dumper_KomatsuHD785,31.2,180.0,5.616,0,91.7,11,21.28,1162.5,1336.9,0.0,0.0,0,LOW
REC_01117,2025-01-07,karnataka_sandur_kumaraswamy,Shift_A_Morning,1.51,0.45,0.842,21.38,0.2,0.418,26.55,Dumper_KomatsuHD785,54.6,131.0,7.153,0,94.9,11,23.67,2700.0,2821.9,0.0,0.0,0,LOW
REC_01118,2025-01-07,karnataka_shimoga_kumsi,Shift_B_Evening,1.03,0.46,0.845,16.22,0.2,0.397,24.85,Dumper_KomatsuHD785,51.3,122.0,6.259,0,93.0,11,27.27,1305.0,1185.4,119.6,9.16,0,LOW
REC_01119,2025-01-07,andhra_visakhapatnam_garividi,Shift_C_Night,0.45,0.42,0.848,13.59,0.2,0.47,26.95,Dumper_KomatsuHD785,54.2,53.0,2.873,0,92.6,11,27.47,1237.5,1037.6,199.9,16.15,1,MODERATE
REC_01120,2025-01-08,goa_sanguem_bicholim,Shift_A_Morning,0.98,0.53,0.845,21.07,0.2,0.362,24.95,Excavator_CAT6020,48.0,73.0,3.504,0,93.3,11,24.73,1800.0,1646.7,153.3,8.52,0,LOW
REC_01121,2025-01-08,balaghat_bharweli,Shift_B_Evening,1.29,0.56,0.844,13.82,0.31,0.498,24.75,Excavator_CAT6020,55.4,188.0,10.415,0,95.1,11,25.79,2520.0,2303.2,216.8,8.6,0,LOW
REC_01122,2025-01-08,balaghat_ukwa,Shift_C_Night,1.6,0.86,0.842,13.29,0.2,0.489,30.95,Dumper_KomatsuHD785,45.5,188.0,8.554,0,93.9,11,21.5,1725.0,1819.6,0.0,0.0,0,LOW
REC_01123,2025-01-09,balaghat_tirodi,Shift_A_Morning,0.29,0.56,0.849,20.83,0.2,0.492,24.75,Dumper_KomatsuHD785,46.9,85.0,3.986,0,94.5,11,26.42,2400.0,2156.0,244.0,10.17,0,LOW
REC_01124,2025-01-09,bhandara_dongri_buzurg,Shift_B_Evening,0.53,0.56,0.847,19.62,0.2,0.501,24.45,Excavator_CAT6020,25.3,66.0,1.67,0,98.8,12,24.77,1980.0,1985.0,0.0,0.0,0,LOW
REC_01125,2025-01-09,bhandara_chikla_sitasawangi,Shift_C_Night,0.45,0.62,0.848,19.2,0.2,0.458,27.95,Excavator_CAT6020,49.4,48.0,2.371,0,89.4,11,24.69,1500.0,1448.8,51.2,3.42,0,LOW
REC_01126,2025-01-10,nagpur_kandri_mansar,Shift_A_Morning,0.35,0.58,0.848,18.75,0.2,0.453,24.15,Dumper_KomatsuHD785,33.5,14.0,0.469,0,94.3,11,18.39,2100.0,2415.0,0.0,0.0,0,LOW
REC_01127,2025-01-10,nagpur_gumgaon_ramdongri,Shift_B_Evening,1.0,0.57,0.845,13.99,0.21,0.514,24.15,DrillRig_SandvikDR412,31.4,9.0,0.283,0,92.7,11,21.36,1665.0,1893.7,0.0,0.0,0,LOW
REC_01128,2025-01-10,nagpur_beldongri_satak,Shift_C_Night,3.09,0.79,0.835,23.43,0.2,0.458,24.45,Dumper_KomatsuHD785,43.2,7.0,0.302,0,94.6,11,27.07,1312.5,1094.5,218.0,16.61,1,MODERATE
REC_01129,2025-01-11,chhindwara_sausar_gowari,Shift_A_Morning,0.05,0.36,0.85,12.03,0.2,0.494,26.85,Dumper_KomatsuHD785,29.7,64.0,1.901,0,95.0,11,25.53,1600.0,1502.1,97.9,6.12,0,LOW
REC_01130,2025-01-11,gujarat_vadodara_pavi,Shift_B_Evening,0.22,0.61,0.849,20.9,0.2,0.461,29.25,Dumper_KomatsuHD785,47.6,127.0,6.045,0,94.3,11,23.96,1260.0,1232.6,27.4,2.17,0,LOW
REC_01131,2025-01-11,gujarat_panchmahal_halol,Shift_C_Night,0.85,0.4,0.846,18.94,0.38,0.447,27.35,Excavator_CAT6020,61.3,202.0,12.383,1,78.0,9,19.61,1275.0,781.8,493.2,38.68,1,CRITICAL
REC_01132,2025-01-12,rajasthan_banswara_tambesra,Shift_A_Morning,0.38,0.55,0.848,17.21,0.36,0.509,28.65,Dumper_KomatsuHD785,36.9,197.0,7.269,0,90.6,11,22.93,1300.0,1430.1,0.0,0.0,0,LOW
REC_01133,2025-01-12,odisha_keonjhar_joda,Shift_B_Evening,2.82,0.55,0.836,25.7,0.2,0.446,24.35,Dumper_KomatsuHD785,32.9,32.0,1.053,0,93.2,11,20.33,2880.0,3277.7,0.0,0.0,0,LOW
REC_01134,2025-01-12,odisha_sundargarh_bonai,Shift_C_Night,1.45,0.67,0.843,20.87,0.33,0.463,24.45,Excavator_CAT6020,29.1,134.0,3.899,0,94.6,11,27.08,1950.0,1647.1,302.9,15.53,1,MODERATE
REC_01135,2025-01-13,odisha_sundargarh_patmunda,Shift_A_Morning,0.13,0.53,0.849,23.13,0.2,0.5,27.55,Excavator_CAT6020,38.2,73.0,2.789,0,96.6,12,27.95,2250.0,1942.6,307.4,13.66,0,LOW
REC_01136,2025-01-13,jharkhand_singhbhum_chaibasa,Shift_B_Evening,2.51,0.71,0.837,21.03,0.2,0.514,25.45,Excavator_CAT6020,28.4,115.0,3.266,0,92.8,11,23.18,1395.0,1344.1,50.9,3.65,0,LOW
REC_01137,2025-01-13,karnataka_sandur_kumaraswamy,Shift_C_Night,1.21,0.56,0.844,22.14,0.2,0.467,26.95,Excavator_CAT6020,42.0,206.0,8.652,0,94.5,11,22.27,2025.0,2049.6,0.0,0.0,0,LOW
REC_01138,2025-01-14,karnataka_shimoga_kumsi,Shift_A_Morning,1.36,0.49,0.843,18.95,0.2,0.462,23.85,DrillRig_SandvikDR412,54.6,168.0,9.173,0,94.7,11,23.51,1450.0,1575.9,0.0,0.0,0,LOW
REC_01139,2025-01-14,andhra_visakhapatnam_garividi,Shift_B_Evening,0.51,0.55,0.847,17.1,0.2,0.498,25.55,Excavator_CAT6020,31.9,51.0,1.627,0,93.3,11,24.94,1485.0,1406.2,78.8,5.31,0,LOW
REC_01140,2025-01-14,goa_sanguem_bicholim,Shift_C_Night,0.24,0.64,0.849,22.19,0.2,0.488,27.85,Dumper_KomatsuHD785,29.8,64.0,1.907,0,92.9,11,22.74,1350.0,1477.6,0.0,0.0,0,LOW
REC_01141,2025-01-15,balaghat_bharweli,Shift_A_Morning,0.92,0.49,0.845,18.01,0.71,0.456,26.95,Dumper_KomatsuHD785,34.5,53.0,1.829,0,94.5,11,25.02,2800.0,2725.6,74.4,2.66,0,LOW
REC_01142,2025-01-15,balaghat_ukwa,Shift_B_Evening,1.1,0.59,0.844,18.59,0.2,0.469,24.75,Dumper_KomatsuHD785,37.6,47.0,1.767,0,94.4,11,25.0,2070.0,2065.5,4.5,0.22,0,LOW
REC_01143,2025-01-15,balaghat_tirodi,Shift_C_Night,1.34,0.48,0.843,21.48,0.2,0.407,27.95,Dumper_KomatsuHD785,38.7,55.0,2.128,0,94.5,11,25.27,1800.0,1600.0,200.0,11.11,0,LOW
REC_01144,2025-01-16,bhandara_dongri_buzurg,Shift_A_Morning,0.16,0.59,0.849,16.22,0.2,0.478,27.35,Dumper_KomatsuHD785,51.8,157.0,8.133,0,93.5,11,23.15,2200.0,2140.7,59.3,2.69,0,LOW
REC_01145,2025-01-16,bhandara_chikla_sitasawangi,Shift_B_Evening,1.12,0.63,0.844,18.97,0.8,0.41,27.65,Dumper_KomatsuHD785,49.0,10.0,0.49,0,93.2,11,26.9,1800.0,1664.4,135.6,7.53,0,LOW
REC_01146,2025-01-16,nagpur_kandri_mansar,Shift_C_Night,0.05,0.45,0.85,20.35,0.2,0.419,26.25,Dumper_KomatsuHD785,30.8,171.0,5.267,0,97.4,12,22.8,1575.0,1788.4,0.0,0.0,0,LOW
REC_01147,2025-01-17,nagpur_gumgaon_ramdongri,Shift_A_Morning,0.62,0.57,0.847,18.54,0.2,0.518,25.45,Dumper_KomatsuHD785,28.4,90.0,2.556,0,92.5,11,27.02,1850.0,1607.2,242.8,13.12,0,LOW
REC_01148,2025-01-17,nagpur_beldongri_satak,Shift_B_Evening,1.13,0.62,0.844,15.17,0.2,0.576,25.05,Excavator_CAT6020,42.6,23.0,0.98,0,96.1,12,24.03,1575.0,1763.8,0.0,0.0,0,LOW
REC_01149,2025-01-17,chhindwara_sausar_gowari,Shift_C_Night,0.39,0.58,0.848,16.88,0.2,0.398,27.55,Dumper_KomatsuHD785,27.5,73.0,2.007,0,93.3,11,23.95,1200.0,1264.8,0.0,0.0,0,LOW
REC_01150,2025-01-18,gujarat_vadodara_pavi,Shift_A_Morning,0.52,0.64,0.847,16.71,0.2,0.472,22.45,Dumper_KomatsuHD785,21.9,5.0,0.11,0,94.6,11,23.66,1400.0,1443.7,0.0,0.0,0,LOW
REC_01151,2025-01-18,gujarat_panchmahal_halol,Shift_B_Evening,3.66,0.79,0.832,17.52,0.33,0.413,27.35,Dumper_KomatsuHD785,25.9,27.0,0.699,0,91.5,11,22.15,1530.0,1742.1,0.0,0.0,0,LOW
REC_01152,2025-01-18,rajasthan_banswara_tambesra,Shift_C_Night,1.56,0.66,0.842,20.64,0.2,0.445,26.65,Excavator_CAT6020,48.1,143.0,6.878,0,94.0,11,22.29,975.0,1039.5,0.0,0.0,0,LOW
REC_01153,2025-01-19,odisha_keonjhar_joda,Shift_A_Morning,0.18,0.41,0.849,14.6,0.2,0.473,27.05,Dumper_KomatsuHD785,41.3,44.0,1.817,0,95.3,11,22.48,3200.0,3277.7,0.0,0.0,0,LOW
REC_01154,2025-01-19,odisha_sundargarh_bonai,Shift_B_Evening,4.05,0.75,0.83,11.66,0.2,0.381,30.75,Dumper_KomatsuHD785,47.5,76.0,3.61,0,95.1,11,27.61,2340.0,2002.0,338.0,14.44,0,LOW
REC_01155,2025-01-19,odisha_sundargarh_patmunda,Shift_C_Night,0.05,0.5,0.85,17.05,0.2,0.405,23.95,Dumper_KomatsuHD785,42.8,169.0,7.233,0,94.9,11,21.54,1687.5,1844.4,0.0,0.0,0,LOW
REC_01156,2025-01-20,jharkhand_singhbhum_chaibasa,Shift_A_Morning,0.95,0.62,0.845,15.49,0.2,0.451,27.05,Excavator_CAT6020,38.5,68.0,2.618,0,91.8,11,25.49,1550.0,1437.9,112.1,7.23,0,LOW
REC_01157,2025-01-20,karnataka_sandur_kumaraswamy,Shift_B_Evening,3.48,0.83,0.833,23.15,0.2,0.469,25.15,Excavator_CAT6020,55.4,114.0,6.316,0,93.1,11,27.07,2430.0,2249.1,180.9,7.44,0,LOW
REC_01158,2025-01-20,karnataka_shimoga_kumsi,Shift_C_Night,0.32,0.47,0.848,11.55,0.2,0.442,28.75,DrillRig_SandvikDR412,49.8,174.0,8.665,0,93.9,11,24.91,1087.5,1062.0,25.5,2.35,0,LOW
REC_01159,2025-01-21,andhra_visakhapatnam_garividi,Shift_A_Morning,0.22,0.34,0.849,20.26,0.2,0.439,25.05,Dumper_KomatsuHD785,49.1,26.0,1.277,0,96.0,12,21.91,1650.0,1897.5,0.0,0.0,0,LOW
REC_01160,2025-01-21,goa_sanguem_bicholim,Shift_B_Evening,0.58,0.51,0.847,21.24,1.37,0.439,23.85,Dumper_KomatsuHD785,48.1,137.0,6.59,0,93.0,11,25.04,1620.0,1598.6,21.4,1.32,0,LOW
REC_01161,2025-01-21,balaghat_bharweli,Shift_C_Night,0.01,0.57,0.85,12.59,0.2,0.455,27.45,Dumper_KomatsuHD785,42.0,23.0,0.966,0,94.4,11,27.1,2100.0,1882.3,217.7,10.37,0,LOW
REC_01162,2025-01-22,balaghat_ukwa,Shift_A_Morning,0.67,0.49,0.847,22.73,0.2,0.427,31.25,Dumper_KomatsuHD785,39.1,0.0,0.0,0,97.2,12,25.71,2300.0,2257.2,42.8,1.86,0,LOW
REC_01163,2025-01-22,balaghat_tirodi,Shift_B_Evening,0.68,0.54,0.847,20.97,0.2,0.388,28.55,Dumper_KomatsuHD785,41.1,64.0,2.63,0,93.4,11,23.57,2160.0,2058.0,102.0,4.72,0,LOW
REC_01164,2025-01-22,bhandara_dongri_buzurg,Shift_C_Night,1.69,0.8,0.842,21.32,0.2,0.426,23.75,Dumper_KomatsuHD785,43.9,149.0,6.541,0,93.5,11,23.98,1650.0,1621.6,28.4,1.72,0,LOW
REC_01165,2025-01-23,bhandara_chikla_sitasawangi,Shift_A_Morning,0.22,0.63,0.849,23.59,0.2,0.483,30.75,Dumper_KomatsuHD785,62.9,130.0,8.177,0,92.0,11,22.01,2000.0,2265.1,0.0,0.0,0,LOW
REC_01166,2025-01-23,nagpur_kandri_mansar,Shift_B_Evening,0.95,0.56,0.845,14.07,0.42,0.462,28.65,Dumper_KomatsuHD785,26.5,56.0,1.484,0,96.1,12,25.19,1890.0,1839.3,50.7,2.68,0,LOW
REC_01167,2025-01-23,nagpur_gumgaon_ramdongri,Shift_C_Night,0.85,0.47,0.846,17.22,0.2,0.382,25.05,Dumper_KomatsuHD785,38.0,179.0,6.802,0,92.1,11,23.85,1387.5,1416.2,0.0,0.0,0,LOW
REC_01168,2025-01-24,nagpur_beldongri_satak,Shift_A_Morning,1.7,0.82,0.841,19.17,0.2,0.452,27.65,Dumper_KomatsuHD785,55.8,118.0,6.584,0,94.9,11,23.37,1750.0,1842.4,0.0,0.0,0,LOW
REC_01169,2025-01-24,chhindwara_sausar_gowari,Shift_B_Evening,0.13,0.37,0.849,17.62,0.2,0.449,27.45,Dumper_KomatsuHD785,29.9,100.0,2.99,0,94.6,11,24.31,1440.0,1486.9,0.0,0.0,0,LOW
REC_01170,2025-01-24,gujarat_vadodara_pavi,Shift_C_Night,0.82,0.5,0.846,21.49,0.2,0.438,23.75,Excavator_CAT6020,43.9,0.0,0.0,0,91.0,11,26.8,1050.0,927.0,123.0,11.71,0,LOW
REC_01171,2025-01-25,gujarat_panchmahal_halol,Shift_A_Morning,2.72,0.69,0.836,18.15,0.28,0.439,24.25,Dumper_KomatsuHD785,54.3,121.0,6.57,0,93.6,11,24.67,1700.0,1613.2,86.8,5.11,0,LOW
REC_01172,2025-01-25,rajasthan_banswara_tambesra,Shift_B_Evening,0.13,0.34,0.849,15.6,1.01,0.443,23.85,Dumper_KomatsuHD785,59.0,135.0,7.965,0,93.4,11,22.25,1170.0,1309.8,0.0,0.0,0,LOW
REC_01173,2025-01-25,odisha_keonjhar_joda,Shift_C_Night,1.34,0.5,0.843,20.5,0.22,0.52,27.25,Excavator_CAT6020,32.6,144.0,4.694,0,92.5,11,25.09,2400.0,2153.2,246.8,10.28,0,LOW
REC_01174,2025-01-26,odisha_sundargarh_bonai,Shift_A_Morning,1.55,0.72,0.842,16.36,0.2,0.493,25.75,Dumper_KomatsuHD785,41.8,165.0,6.897,0,89.4,11,21.85,2600.0,2840.7,0.0,0.0,0,LOW
REC_01175,2025-01-26,odisha_sundargarh_patmunda,Shift_B_Evening,0.62,0.44,0.847,12.18,0.2,0.478,28.05,Dumper_KomatsuHD785,28.0,6.0,0.168,0,93.9,11,22.88,2025.0,1961.6,63.4,3.13,0,LOW
REC_01176,2025-01-26,jharkhand_singhbhum_chaibasa,Shift_C_Night,1.86,0.85,0.841,25.19,0.2,0.389,27.95,DrillRig_SandvikDR412,24.9,93.0,2.316,0,92.4,11,24.92,1162.5,1132.1,30.4,2.62,0,LOW
REC_01177,2025-01-27,karnataka_sandur_kumaraswamy,Shift_A_Morning,0.5,0.66,0.847,18.6,0.27,0.399,26.85,Dumper_KomatsuHD785,44.6,98.0,4.371,0,91.3,11,24.54,2700.0,2562.3,137.7,5.1,0,LOW
REC_01178,2025-01-27,karnataka_shimoga_kumsi,Shift_B_Evening,2.32,0.83,0.838,15.83,0.2,0.41,25.95,Dumper_KomatsuHD785,46.4,12.0,0.557,0,93.1,11,25.76,1305.0,1212.1,92.9,7.12,0,LOW
REC_01179,2025-01-27,andhra_visakhapatnam_garividi,Shift_C_Night,1.39,0.62,0.843,15.62,0.2,0.524,24.85,DrillRig_SandvikDR412,40.5,53.0,2.147,0,94.9,11,26.36,1237.5,1095.0,142.5,11.51,0,LOW
REC_01180,2025-01-28,goa_sanguem_bicholim,Shift_A_Morning,2.84,0.98,0.836,18.95,0.2,0.447,27.85,Dumper_KomatsuHD785,42.6,107.0,4.558,0,96.3,12,19.86,1800.0,2070.0,0.0,0.0,0,LOW
REC_01181,2025-01-28,balaghat_bharweli,Shift_B_Evening,0.85,0.58,0.846,20.42,0.28,0.483,27.05,Dumper_KomatsuHD785,44.5,179.0,7.965,0,94.7,11,26.25,2520.0,2422.3,97.7,3.88,0,LOW
REC_01182,2025-01-28,balaghat_ukwa,Shift_C_Night,1.0,0.6,0.845,19.08,0.2,0.439,30.75,Excavator_CAT6020,34.3,161.0,5.522,0,95.9,12,25.38,1725.0,1729.5,0.0,0.0,0,LOW
REC_01183,2025-01-29,balaghat_tirodi,Shift_A_Morning,0.68,0.49,0.847,20.87,0.2,0.412,28.55,Dumper_KomatsuHD785,44.8,134.0,6.003,0,93.6,11,22.59,2400.0,2616.0,0.0,0.0,0,LOW
REC_01184,2025-01-29,bhandara_dongri_buzurg,Shift_B_Evening,0.7,0.53,0.846,16.4,0.2,0.466,24.25,Dumper_KomatsuHD785,50.0,52.0,2.6,0,91.9,11,24.73,1980.0,1943.4,36.6,1.85,0,LOW
REC_01185,2025-01-29,bhandara_chikla_sitasawangi,Shift_C_Night,2.0,0.63,0.84,16.62,0.7,0.506,27.85,Excavator_CAT6020,48.0,135.0,6.48,0,95.9,12,23.76,1500.0,1615.1,0.0,0.0,0,LOW
REC_01186,2025-01-30,nagpur_kandri_mansar,Shift_A_Morning,1.84,0.62,0.841,25.2,0.36,0.478,27.35,Excavator_CAT6020,37.8,150.0,5.67,0,92.8,11,24.58,2100.0,2129.5,0.0,0.0,0,LOW
REC_01187,2025-01-30,nagpur_gumgaon_ramdongri,Shift_B_Evening,0.17,0.58,0.849,13.99,0.2,0.431,25.65,DrillRig_SandvikDR412,27.6,56.0,1.546,0,96.3,12,23.04,1665.0,1914.7,0.0,0.0,0,LOW
REC_01188,2025-01-30,nagpur_beldongri_satak,Shift_C_Night,0.22,0.51,0.849,16.67,0.31,0.443,29.45,Dumper_KomatsuHD785,37.5,199.0,7.463,0,93.5,11,20.95,1312.5,1509.4,0.0,0.0,0,LOW
REC_01189,2025-01-31,chhindwara_sausar_gowari,Shift_A_Morning,0.08,0.29,0.85,17.32,0.2,0.475,27.05,Dumper_KomatsuHD785,42.9,191.0,8.194,0,94.3,11,22.22,1600.0,1610.2,0.0,0.0,0,LOW
REC_01190,2025-01-31,gujarat_vadodara_pavi,Shift_B_Evening,1.14,0.56,0.844,26.29,0.2,0.517,24.95,Dumper_KomatsuHD785,43.4,68.0,2.951,0,92.8,11,23.26,1260.0,1267.8,0.0,0.0,0,LOW
REC_01191,2025-01-31,gujarat_panchmahal_halol,Shift_C_Night,0.52,0.52,0.847,17.9,0.38,0.42,25.65,Excavator_CAT6020,45.5,49.0,2.229,0,94.1,11,25.53,1275.0,1192.8,82.2,6.45,0,LOW
REC_01192,2025-02-01,rajasthan_banswara_tambesra,Shift_A_Morning,8.02,1.0,0.81,15.73,2.83,0.499,26.35,Dumper_KomatsuHD785,61.0,140.0,8.54,0,94.0,11,26.16,1300.0,1181.4,118.6,9.12,0,LOW
REC_01193,2025-02-01,odisha_keonjhar_joda,Shift_B_Evening,1.02,0.63,0.845,21.28,0.2,0.414,26.05,Excavator_CAT6020,38.0,98.0,3.724,0,92.9,11,24.81,2880.0,2728.6,151.4,5.26,0,LOW
REC_01194,2025-02-01,odisha_sundargarh_bonai,Shift_C_Night,0.05,0.43,0.85,14.39,0.2,0.39,25.45,Dumper_KomatsuHD785,59.7,40.0,2.388,0,94.2,11,23.26,1950.0,1947.7,2.3,0.12,0,LOW
REC_01195,2025-02-02,odisha_sundargarh_patmunda,Shift_A_Morning,0.84,0.5,0.846,17.9,0.2,0.497,27.85,Dumper_KomatsuHD785,36.8,31.0,1.141,0,91.3,11,25.31,2250.0,1966.9,283.1,12.58,0,LOW
REC_01196,2025-02-02,jharkhand_singhbhum_chaibasa,Shift_B_Evening,1.77,0.63,0.841,19.07,0.2,0.481,28.95,Dumper_KomatsuHD785,30.8,182.0,5.606,0,93.4,11,24.21,1395.0,1298.4,96.6,6.93,0,LOW
REC_01197,2025-02-02,karnataka_sandur_kumaraswamy,Shift_C_Night,0.14,0.42,0.849,16.57,0.2,0.503,25.45,Excavator_CAT6020,45.1,176.0,7.938,0,90.2,11,22.63,2025.0,2274.2,0.0,0.0,0,LOW
REC_01198,2025-02-03,karnataka_shimoga_kumsi,Shift_A_Morning,0.28,0.45,0.849,17.45,0.2,0.417,29.45,Excavator_CAT6020,43.0,88.0,3.784,0,91.6,11,29.78,1450.0,1147.0,303.0,20.9,1,MODERATE
REC_01199,2025-02-03,andhra_visakhapatnam_garividi,Shift_B_Evening,1.01,0.45,0.845,16.82,0.2,0.413,27.05,Excavator_CAT6020,35.8,36.0,1.289,0,95.2,11,23.75,1485.0,1367.3,117.7,7.93,0,LOW
REC_01200,2025-02-03,goa_sanguem_bicholim,Shift_C_Night,0.72,0.64,0.846,23.21,0.2,0.41,22.35,Dumper_KomatsuHD785,39.2,167.0,6.546,0,95.7,11,22.94,1350.0,1292.4,57.6,4.26,0,LOW
REC_01201,2025-02-04,balaghat_bharweli,Shift_A_Morning,0.44,0.54,0.848,14.53,0.73,0.431,25.35,Excavator_CAT6020,42.4,173.0,7.335,0,90.9,11,27.64,2800.0,2411.2,388.8,13.89,0,LOW
REC_01202,2025-02-04,balaghat_ukwa,Shift_B_Evening,2.19,0.68,0.839,21.38,0.2,0.456,26.55,Excavator_CAT6020,49.8,80.0,3.984,0,91.7,11,23.39,2070.0,1951.5,118.5,5.73,0,LOW
REC_01203,2025-02-04,balaghat_tirodi,Shift_C_Night,1.21,0.52,0.844,15.66,0.35,0.455,29.45,Dumper_KomatsuHD785,30.3,36.0,1.091,0,91.7,11,25.26,1800.0,1743.3,56.7,3.15,0,LOW
REC_01204,2025-02-05,bhandara_dongri_buzurg,Shift_A_Morning,0.42,0.71,0.848,19.78,0.2,0.483,25.65,Dumper_KomatsuHD785,32.4,189.0,6.124,0,94.4,11,24.68,2200.0,2206.6,0.0,0.0,0,LOW
REC_01205,2025-02-05,bhandara_chikla_sitasawangi,Shift_B_Evening,0.67,0.66,0.847,19.79,0.2,0.493,28.25,Excavator_CAT6020,63.7,92.0,5.86,1,78.5,9,23.98,1800.0,820.9,979.1,54.39,1,CRITICAL
REC_01206,2025-02-05,nagpur_kandri_mansar,Shift_C_Night,0.17,0.4,0.849,16.67,0.2,0.432,27.25,Dumper_KomatsuHD785,30.3,42.0,1.273,0,93.1,11,24.43,1575.0,1435.6,139.4,8.85,0,LOW
REC_01207,2025-02-06,nagpur_gumgaon_ramdongri,Shift_A_Morning,1.01,0.65,0.845,15.41,0.2,0.459,28.85,Dumper_KomatsuHD785,52.8,154.0,8.131,0,94.7,11,27.06,1850.0,1599.4,250.6,13.55,0,LOW
REC_01208,2025-02-06,nagpur_beldongri_satak,Shift_B_Evening,2.04,0.57,0.84,13.8,0.27,0.448,26.95,Dumper_KomatsuHD785,47.3,127.0,6.007,0,92.4,11,25.55,1575.0,1490.5,84.5,5.37,0,LOW
REC_01209,2025-02-06,chhindwara_sausar_gowari,Shift_C_Night,3.02,0.65,0.835,18.63,0.2,0.442,26.75,Dumper_KomatsuHD785,41.8,109.0,4.556,0,93.8,11,26.1,1200.0,1085.7,114.3,9.53,0,LOW
REC_01210,2025-02-07,gujarat_vadodara_pavi,Shift_A_Morning,1.33,0.67,0.843,17.0,0.77,0.41,27.15,Dumper_KomatsuHD785,39.2,24.0,0.941,0,94.2,11,20.6,1400.0,1610.0,0.0,0.0,0,LOW
REC_01211,2025-02-07,gujarat_panchmahal_halol,Shift_B_Evening,1.89,0.68,0.841,18.88,0.2,0.434,27.85,Excavator_CAT6020,48.0,135.0,6.48,0,94.1,11,27.09,1530.0,1406.2,123.8,8.09,0,LOW
REC_01212,2025-02-07,rajasthan_banswara_tambesra,Shift_C_Night,5.2,0.75,0.824,15.12,0.2,0.437,28.15,Dumper_KomatsuHD785,47.2,193.0,9.11,0,95.8,11,26.19,975.0,872.2,102.8,10.54,0,LOW
REC_01213,2025-02-08,odisha_keonjhar_joda,Shift_A_Morning,0.81,0.51,0.846,16.4,0.2,0.426,24.85,Excavator_CAT6020,42.6,2.0,0.085,0,94.6,11,22.62,3200.0,3217.4,0.0,0.0,0,LOW
REC_01214,2025-02-08,odisha_sundargarh_bonai,Shift_B_Evening,0.99,0.74,0.845,14.76,0.2,0.45,26.45,Excavator_CAT6020,39.8,48.0,1.91,0,91.7,11,21.72,2340.0,2449.6,0.0,0.0,0,LOW
REC_01215,2025-02-08,odisha_sundargarh_patmunda,Shift_C_Night,0.08,0.54,0.85,20.27,0.2,0.418,24.15,Dumper_KomatsuHD785,17.0,32.0,0.544,0,97.5,12,26.29,1687.5,1721.7,0.0,0.0,0,LOW
REC_01216,2025-02-09,jharkhand_singhbhum_chaibasa,Shift_A_Morning,1.82,0.38,0.841,15.3,0.2,0.457,29.75,DrillRig_SandvikDR412,17.8,91.0,1.62,0,95.2,11,25.51,1550.0,1404.9,145.1,9.36,0,LOW
REC_01217,2025-02-09,karnataka_sandur_kumaraswamy,Shift_B_Evening,2.08,0.64,0.84,17.53,0.34,0.449,25.15,Excavator_CAT6020,49.9,199.0,9.93,0,92.5,11,25.96,2430.0,2108.6,321.4,13.23,0,LOW
REC_01218,2025-02-09,karnataka_shimoga_kumsi,Shift_C_Night,1.0,0.46,0.845,16.63,0.2,0.416,29.45,Excavator_CAT6020,39.0,97.0,3.783,0,93.4,11,22.45,1087.5,1145.8,0.0,0.0,0,LOW
REC_01219,2025-02-10,andhra_visakhapatnam_garividi,Shift_A_Morning,0.17,0.57,0.849,16.6,0.9,0.401,27.35,Dumper_KomatsuHD785,57.9,191.0,11.059,1,76.6,9,28.55,1650.0,685.9,964.1,58.43,1,CRITICAL
REC_01220,2025-02-10,goa_sanguem_bicholim,Shift_B_Evening,6.02,1.07,0.82,20.53,0.65,0.451,26.65,Excavator_CAT6020,35.2,163.0,5.738,0,94.5,11,23.86,1620.0,1612.9,7.1,0.44,0,LOW
REC_01221,2025-02-10,balaghat_bharweli,Shift_C_Night,0.26,0.32,0.849,25.13,0.24,0.485,24.55,Dumper_KomatsuHD785,28.1,19.0,0.534,0,92.3,11,23.73,2100.0,2052.4,47.6,2.26,0,LOW
REC_01222,2025-02-11,balaghat_ukwa,Shift_A_Morning,0.59,0.44,0.847,19.41,0.44,0.447,24.35,Dumper_KomatsuHD785,37.5,20.0,0.75,0,95.6,11,23.14,2300.0,2319.6,0.0,0.0,0,LOW
REC_01223,2025-02-11,balaghat_tirodi,Shift_B_Evening,0.0,0.4,0.85,18.28,0.2,0.387,28.35,Dumper_KomatsuHD785,23.2,122.0,2.83,0,95.1,11,25.28,2160.0,1986.5,173.5,8.03,0,LOW
REC_01224,2025-02-11,bhandara_dongri_buzurg,Shift_C_Night,3.52,0.74,0.832,21.01,0.35,0.425,24.65,DrillRig_SandvikDR412,40.1,166.0,6.657,0,93.8,11,25.98,1650.0,1438.4,211.6,12.83,0,LOW
REC_01225,2025-02-12,bhandara_chikla_sitasawangi,Shift_A_Morning,0.9,0.56,0.845,20.71,0.44,0.48,24.05,Dumper_KomatsuHD785,39.7,115.0,4.566,0,93.0,11,23.72,2000.0,2038.0,0.0,0.0,0,LOW
REC_01226,2025-02-12,nagpur_kandri_mansar,Shift_B_Evening,1.17,0.74,0.844,11.63,1.66,0.423,25.85,Dumper_KomatsuHD785,44.7,94.0,4.202,0,93.5,11,26.82,1890.0,1772.8,117.2,6.2,0,LOW
REC_01227,2025-02-12,nagpur_gumgaon_ramdongri,Shift_C_Night,0.71,0.56,0.846,11.21,0.2,0.461,23.65,Dumper_KomatsuHD785,42.9,74.0,3.175,0,97.0,12,24.48,1387.5,1528.5,0.0,0.0,0,LOW
REC_01228,2025-02-13,nagpur_beldongri_satak,Shift_A_Morning,0.33,0.54,0.848,22.07,0.2,0.39,27.55,Dumper_KomatsuHD785,29.0,17.0,0.493,0,96.5,12,23.92,1750.0,1989.5,0.0,0.0,0,LOW
REC_01229,2025-02-13,chhindwara_sausar_gowari,Shift_B_Evening,1.56,0.6,0.842,15.31,0.86,0.43,28.25,DrillRig_SandvikDR412,43.8,182.0,7.972,0,92.0,11,27.39,1440.0,1175.4,264.6,18.38,1,MODERATE
REC_01230,2025-02-13,gujarat_vadodara_pavi,Shift_C_Night,1.7,0.64,0.842,24.03,0.43,0.457,27.45,Dumper_KomatsuHD785,37.0,187.0,6.919,0,91.5,11,28.21,1050.0,912.8,137.2,13.07,0,LOW
REC_01231,2025-02-14,gujarat_panchmahal_halol,Shift_A_Morning,3.2,0.57,0.834,15.64,1.0,0.434,30.25,Dumper_KomatsuHD785,34.0,116.0,3.944,0,89.6,11,22.98,1700.0,1710.9,0.0,0.0,0,LOW
REC_01232,2025-02-14,rajasthan_banswara_tambesra,Shift_B_Evening,3.8,0.9,0.831,17.58,0.2,0.433,29.45,Dumper_KomatsuHD785,27.1,32.0,0.867,0,93.7,11,25.14,1170.0,1147.7,22.3,1.91,0,LOW
REC_01233,2025-02-14,odisha_keonjhar_joda,Shift_C_Night,1.18,0.57,0.844,16.73,0.2,0.53,27.25,Excavator_CAT6020,36.9,231.0,8.524,0,95.8,12,20.82,2400.0,2760.0,0.0,0.0,0,LOW
REC_01234,2025-02-15,odisha_sundargarh_bonai,Shift_A_Morning,0.34,0.41,0.848,19.59,0.2,0.465,28.25,Dumper_KomatsuHD785,44.5,159.0,7.075,0,94.8,11,22.23,2600.0,2974.3,0.0,0.0,0,LOW
REC_01235,2025-02-15,odisha_sundargarh_patmunda,Shift_B_Evening,0.36,0.61,0.848,16.41,0.2,0.425,27.35,DrillRig_SandvikDR412,28.6,161.0,4.605,0,90.3,11,24.2,2025.0,1988.8,36.2,1.79,0,LOW
REC_01236,2025-02-15,jharkhand_singhbhum_chaibasa,Shift_C_Night,1.54,0.7,0.842,16.19,0.23,0.506,24.45,Excavator_CAT6020,38.3,39.0,1.494,0,93.6,11,25.62,1162.5,1103.4,59.1,5.09,0,LOW
REC_01237,2025-02-16,karnataka_sandur_kumaraswamy,Shift_A_Morning,0.52,0.77,0.847,14.25,0.36,0.443,27.15,Excavator_CAT6020,43.2,9.0,0.389,0,94.6,11,28.99,2700.0,2147.8,552.2,20.45,1,MODERATE
REC_01238,2025-02-16,karnataka_shimoga_kumsi,Shift_B_Evening,0.38,0.47,0.848,16.87,0.2,0.499,25.65,Dumper_KomatsuHD785,43.1,63.0,2.715,0,92.4,11,22.54,1305.0,1389.5,0.0,0.0,0,LOW
REC_01239,2025-02-16,andhra_visakhapatnam_garividi,Shift_C_Night,2.29,0.73,0.839,18.64,0.2,0.446,29.25,Excavator_CAT6020,50.1,188.0,9.419,0,90.7,11,23.84,1237.5,1223.1,14.4,1.16,0,LOW
REC_01240,2025-02-17,goa_sanguem_bicholim,Shift_A_Morning,0.02,0.46,0.85,16.04,0.2,0.405,29.75,Excavator_CAT6020,53.7,200.0,10.74,1,78.4,9,26.11,1800.0,860.9,939.1,52.17,1,CRITICAL
REC_01241,2025-02-17,balaghat_bharweli,Shift_B_Evening,0.42,0.43,0.848,16.86,0.2,0.482,23.25,Excavator_CAT6020,19.4,183.0,3.55,0,98.1,12,22.85,2520.0,2723.2,0.0,0.0,0,LOW
REC_01242,2025-02-17,balaghat_ukwa,Shift_C_Night,1.14,0.63,0.844,20.17,0.2,0.395,25.25,Excavator_CAT6020,50.6,8.0,0.405,0,91.1,11,23.92,1725.0,1711.5,13.5,0.78,0,LOW
REC_01243,2025-02-18,balaghat_tirodi,Shift_A_Morning,1.12,0.49,0.844,18.0,0.2,0.455,30.65,Dumper_KomatsuHD785,38.6,72.0,2.779,0,95.7,11,22.79,2400.0,2478.5,0.0,0.0,0,LOW
REC_01244,2025-02-18,bhandara_dongri_buzurg,Shift_B_Evening,1.5,0.71,0.842,23.52,0.2,0.529,25.05,Excavator_CAT6020,44.2,147.0,6.497,0,90.7,11,20.86,1980.0,2277.0,0.0,0.0,0,LOW
REC_01245,2025-02-18,bhandara_chikla_sitasawangi,Shift_C_Night,0.72,0.51,0.846,19.51,0.2,0.403,25.35,Dumper_KomatsuHD785,33.3,116.0,3.863,0,96.0,12,23.48,1500.0,1674.0,0.0,0.0,0,LOW
REC_01246,2025-02-19,nagpur_kandri_mansar,Shift_A_Morning,1.73,0.66,0.841,21.33,0.2,0.474,25.35,Dumper_KomatsuHD785,40.5,199.0,8.059,0,90.8,11,24.76,2100.0,2001.0,99.0,4.71,0,LOW
REC_01247,2025-02-19,nagpur_gumgaon_ramdongri,Shift_B_Evening,4.9,0.81,0.825,25.73,0.2,0.424,28.15,Dumper_KomatsuHD785,41.5,197.0,8.175,0,93.8,11,23.14,1665.0,1649.5,15.5,0.93,0,LOW
REC_01248,2025-02-19,nagpur_beldongri_satak,Shift_C_Night,0.09,0.5,0.85,13.09,0.2,0.366,29.65,Dumper_KomatsuHD785,32.2,78.0,2.512,0,93.5,11,24.44,1312.5,1237.0,75.5,5.75,0,LOW
REC_01249,2025-02-20,chhindwara_sausar_gowari,Shift_A_Morning,0.38,0.56,0.848,18.27,0.2,0.444,25.05,Dumper_KomatsuHD785,57.8,8.0,0.462,0,91.0,11,23.65,1600.0,1654.4,0.0,0.0,0,LOW
REC_01250,2025-02-20,gujarat_vadodara_pavi,Shift_B_Evening,5.8,1.08,0.821,21.07,0.2,0.507,27.55,Excavator_CAT6020,35.2,82.0,2.886,0,93.7,11,20.92,1260.0,1433.2,0.0,0.0,0,LOW
REC_01251,2025-02-20,gujarat_panchmahal_halol,Shift_C_Night,0.99,0.71,0.845,18.59,0.41,0.436,30.95,Dumper_KomatsuHD785,39.9,70.0,2.793,0,94.2,11,23.31,1275.0,1361.9,0.0,0.0,0,LOW
REC_01252,2025-02-21,rajasthan_banswara_tambesra,Shift_A_Morning,0.05,0.63,0.85,12.44,0.2,0.457,24.15,DrillRig_SandvikDR412,19.3,24.0,0.463,0,94.7,11,22.19,1300.0,1306.7,0.0,0.0,0,LOW
REC_01253,2025-02-21,odisha_keonjhar_joda,Shift_B_Evening,1.62,0.79,0.842,21.61,0.2,0.461,25.55,Dumper_KomatsuHD785,35.1,152.0,5.335,0,93.6,11,23.44,2880.0,2738.7,141.3,4.91,0,LOW
REC_01254,2025-02-21,odisha_sundargarh_bonai,Shift_C_Night,0.41,0.61,0.848,20.72,0.2,0.375,27.45,Dumper_KomatsuHD785,43.7,153.0,6.686,0,90.6,11,24.2,1950.0,1937.9,12.1,0.62,0,LOW
REC_01255,2025-02-22,odisha_sundargarh_patmunda,Shift_A_Morning,0.36,0.53,0.848,21.51,0.2,0.441,22.45,Dumper_KomatsuHD785,31.2,131.0,4.087,0,92.2,11,24.49,2250.0,2238.9,11.1,0.49,0,LOW
REC_01256,2025-02-22,jharkhand_singhbhum_chaibasa,Shift_B_Evening,0.51,0.62,0.847,18.86,0.2,0.473,27.15,DrillRig_SandvikDR412,46.7,210.0,9.807,1,78.5,9,25.32,1395.0,621.7,773.3,55.43,1,CRITICAL
REC_01257,2025-02-22,karnataka_sandur_kumaraswamy,Shift_C_Night,1.14,0.48,0.844,22.84,0.2,0.408,24.75,Dumper_KomatsuHD785,30.7,134.0,4.114,0,95.1,11,21.67,2025.0,2182.5,0.0,0.0,0,LOW
REC_01258,2025-02-23,karnataka_shimoga_kumsi,Shift_A_Morning,0.01,0.49,0.85,19.57,0.26,0.397,27.85,Dumper_KomatsuHD785,21.6,168.0,3.629,0,94.6,11,25.59,1450.0,1385.6,64.4,4.44,0,LOW
REC_01259,2025-02-23,andhra_visakhapatnam_garividi,Shift_B_Evening,0.14,0.52,0.849,18.1,1.45,0.42,24.15,Dumper_KomatsuHD785,47.6,110.0,5.236,0,93.1,11,25.75,1485.0,1297.8,187.2,12.61,0,LOW
REC_01260,2025-02-23,goa_sanguem_bicholim,Shift_C_Night,1.89,0.69,0.841,14.96,0.2,0.501,24.75,Dumper_KomatsuHD785,38.0,40.0,1.52,0,91.3,11,26.96,1350.0,1173.3,176.7,13.09,0,LOW
REC_01261,2025-02-24,balaghat_bharweli,Shift_A_Morning,0.2,0.57,0.849,14.2,0.32,0.467,23.95,Dumper_KomatsuHD785,50.6,94.0,4.756,0,89.8,11,25.57,2800.0,2549.3,250.7,8.95,0,LOW
REC_01262,2025-02-24,balaghat_ukwa,Shift_B_Evening,1.78,0.63,0.841,14.16,0.2,0.497,25.05,Dumper_KomatsuHD785,50.2,43.0,2.159,0,90.9,11,24.5,2070.0,1948.9,121.1,5.85,0,LOW
REC_01263,2025-02-24,balaghat_tirodi,Shift_C_Night,0.2,0.47,0.849,21.69,0.2,0.384,22.25,Dumper_KomatsuHD785,50.7,192.0,9.734,0,90.9,11,25.2,1800.0,1683.2,116.8,6.49,0,LOW
REC_01264,2025-02-25,bhandara_dongri_buzurg,Shift_A_Morning,1.67,0.65,0.842,17.14,0.2,0.438,24.95,Excavator_CAT6020,29.3,35.0,1.026,0,95.1,11,24.3,2200.0,2372.6,0.0,0.0,0,LOW
REC_01265,2025-02-25,bhandara_chikla_sitasawangi,Shift_B_Evening,0.81,0.42,0.846,17.35,0.2,0.473,24.45,Excavator_CAT6020,48.1,0.0,0.0,0,93.8,11,25.97,1800.0,1569.5,230.5,12.81,0,LOW
REC_01266,2025-02-25,nagpur_kandri_mansar,Shift_C_Night,3.39,0.85,0.833,19.7,0.38,0.406,25.75,DrillRig_SandvikDR412,63.0,163.0,10.269,0,93.9,11,21.36,1575.0,1735.7,0.0,0.0,0,LOW
REC_01267,2025-02-26,nagpur_gumgaon_ramdongri,Shift_A_Morning,1.63,0.38,0.842,20.93,0.2,0.483,27.75,Dumper_KomatsuHD785,39.3,91.0,3.576,0,94.4,11,24.6,1850.0,1706.9,143.1,7.74,0,LOW
REC_01268,2025-02-26,nagpur_beldongri_satak,Shift_B_Evening,1.82,0.66,0.841,18.05,0.2,0.445,27.35,Dumper_KomatsuHD785,48.4,194.0,9.39,0,91.0,11,26.11,1575.0,1450.7,124.3,7.89,0,LOW
REC_01269,2025-02-26,chhindwara_sausar_gowari,Shift_C_Night,0.74,0.4,0.846,20.26,0.2,0.456,29.45,Dumper_KomatsuHD785,45.8,38.0,1.74,0,95.8,11,20.1,1200.0,1380.0,0.0,0.0,0,LOW
REC_01270,2025-02-27,gujarat_vadodara_pavi,Shift_A_Morning,0.24,0.59,0.849,16.24,0.2,0.445,27.05,Dumper_KomatsuHD785,28.4,131.0,3.72,0,94.2,11,24.47,1400.0,1361.8,38.2,2.73,0,LOW
REC_01271,2025-02-27,gujarat_panchmahal_halol,Shift_B_Evening,1.42,0.69,0.843,16.87,0.2,0.418,23.25,Excavator_CAT6020,50.0,210.0,10.5,0,92.4,11,23.89,1530.0,1420.6,109.4,7.15,0,LOW
REC_01272,2025-02-27,rajasthan_banswara_tambesra,Shift_C_Night,0.66,0.47,0.847,16.19,0.2,0.409,25.35,DrillRig_SandvikDR412,43.9,28.0,1.229,0,92.3,11,23.33,975.0,978.1,0.0,0.0,0,LOW
REC_01273,2025-02-28,odisha_keonjhar_joda,Shift_A_Morning,0.96,0.73,0.845,20.92,0.2,0.41,25.55,Excavator_CAT6020,42.1,200.0,8.42,0,91.1,11,22.03,3200.0,3626.3,0.0,0.0,0,LOW
REC_01274,2025-02-28,odisha_sundargarh_bonai,Shift_B_Evening,0.29,0.38,0.849,15.3,0.2,0.461,30.45,Excavator_CAT6020,11.4,26.0,0.296,1,79.5,10,22.58,2340.0,1381.6,958.4,40.96,1,CRITICAL
REC_01275,2025-02-28,odisha_sundargarh_patmunda,Shift_C_Night,0.6,0.61,0.847,20.06,0.2,0.416,27.55,Dumper_KomatsuHD785,47.9,80.0,3.832,0,93.0,11,25.35,1687.5,1710.6,0.0,0.0,0,LOW
REC_01276,2025-03-01,jharkhand_singhbhum_chaibasa,Shift_A_Morning,1.74,0.68,0.841,19.75,0.2,0.471,25.05,Excavator_CAT6020,39.9,134.0,5.347,0,91.4,11,24.47,1550.0,1492.1,57.9,3.74,0,LOW
REC_01277,2025-03-01,karnataka_sandur_kumaraswamy,Shift_B_Evening,1.31,0.56,0.843,21.03,0.27,0.508,25.05,Excavator_CAT6020,34.5,127.0,4.381,0,93.8,11,21.96,2430.0,2355.6,74.4,3.06,0,LOW
REC_01278,2025-03-01,karnataka_shimoga_kumsi,Shift_C_Night,5.15,1.1,0.824,13.86,0.2,0.467,24.25,Excavator_CAT6020,36.4,56.0,2.038,0,95.5,11,23.78,1087.5,1054.2,33.3,3.06,0,LOW
REC_01279,2025-03-02,andhra_visakhapatnam_garividi,Shift_A_Morning,1.07,0.47,0.845,19.7,0.2,0.432,29.55,Dumper_KomatsuHD785,34.1,186.0,6.343,0,93.9,11,22.55,1650.0,1701.7,0.0,0.0,0,LOW
REC_01280,2025-03-02,goa_sanguem_bicholim,Shift_B_Evening,1.04,0.71,0.845,21.33,0.2,0.475,25.85,Dumper_KomatsuHD785,44.0,48.0,2.112,0,93.6,11,22.82,1620.0,1625.8,0.0,0.0,0,LOW
REC_01281,2025-03-02,balaghat_bharweli,Shift_C_Night,0.13,0.67,0.849,21.33,0.2,0.448,30.75,Excavator_CAT6020,36.6,80.0,2.928,0,96.1,12,23.42,2100.0,2263.3,0.0,0.0,0,LOW
REC_01282,2025-03-03,balaghat_ukwa,Shift_A_Morning,1.3,0.67,0.843,26.29,0.2,0.484,27.55,Dumper_KomatsuHD785,18.5,95.0,1.758,0,94.4,11,27.05,2300.0,2045.7,254.3,11.05,0,LOW
REC_01283,2025-03-03,balaghat_tirodi,Shift_B_Evening,0.34,0.59,0.848,19.06,0.2,0.479,27.15,Dumper_KomatsuHD785,41.2,156.0,6.427,0,95.4,11,24.48,2160.0,2043.8,116.2,5.38,0,LOW
REC_01284,2025-03-03,bhandara_dongri_buzurg,Shift_C_Night,0.17,0.34,0.849,21.68,0.2,0.36,27.25,Dumper_KomatsuHD785,42.2,196.0,8.271,0,95.2,11,24.57,1650.0,1616.0,34.0,2.06,0,LOW
REC_01285,2025-03-04,bhandara_chikla_sitasawangi,Shift_A_Morning,2.07,0.6,0.84,15.29,0.2,0.475,29.75,Dumper_KomatsuHD785,33.9,86.0,2.915,0,94.4,11,21.68,2000.0,2300.0,0.0,0.0,0,LOW
REC_01286,2025-03-04,nagpur_kandri_mansar,Shift_B_Evening,0.67,0.5,0.847,24.39,0.2,0.382,24.35,Excavator_CAT6020,40.0,206.0,8.24,0,94.4,11,19.28,1890.0,2136.5,0.0,0.0,0,LOW
REC_01287,2025-03-04,nagpur_gumgaon_ramdongri,Shift_C_Night,0.59,0.53,0.847,22.62,0.2,0.437,26.45,Dumper_KomatsuHD785,34.1,38.0,1.296,0,95.0,11,25.18,1387.5,1295.1,92.4,6.66,0,LOW
REC_01288,2025-03-05,nagpur_beldongri_satak,Shift_A_Morning,1.26,0.64,0.844,14.53,0.2,0.425,26.85,Dumper_KomatsuHD785,36.9,35.0,1.292,0,91.9,11,22.85,1750.0,1718.9,31.1,1.78,0,LOW
REC_01289,2025-03-05,chhindwara_sausar_gowari,Shift_B_Evening,2.95,0.9,0.835,20.11,0.2,0.521,23.85,DrillRig_SandvikDR412,41.4,222.0,9.191,0,93.9,11,25.64,1440.0,1267.3,172.7,12.0,0,LOW
REC_01290,2025-03-05,gujarat_vadodara_pavi,Shift_C_Night,2.0,0.81,0.84,16.34,0.2,0.495,29.75,Dumper_KomatsuHD785,45.5,72.0,3.276,0,95.2,11,21.89,1050.0,1115.2,0.0,0.0,0,LOW
REC_01291,2025-03-06,gujarat_panchmahal_halol,Shift_A_Morning,0.27,0.57,0.849,18.89,0.2,0.427,26.55,Excavator_CAT6020,41.2,126.0,5.191,0,92.0,11,20.64,1700.0,1929.6,0.0,0.0,0,LOW
REC_01292,2025-03-06,rajasthan_banswara_tambesra,Shift_B_Evening,0.32,0.67,0.848,18.71,0.2,0.516,27.35,Excavator_CAT6020,32.0,184.0,5.888,0,95.7,11,22.85,1170.0,1315.2,0.0,0.0,0,LOW
REC_01293,2025-03-06,odisha_keonjhar_joda,Shift_C_Night,0.51,0.59,0.847,20.32,0.2,0.457,30.75,Dumper_KomatsuHD785,62.9,130.0,8.177,0,91.8,11,23.94,2400.0,2342.8,57.2,2.38,0,LOW
REC_01294,2025-03-07,odisha_sundargarh_bonai,Shift_A_Morning,1.68,0.73,0.842,15.47,0.2,0.483,27.85,Excavator_CAT6020,44.5,66.0,2.937,0,91.9,11,23.03,2600.0,2818.7,0.0,0.0,0,LOW
REC_01295,2025-03-07,odisha_sundargarh_patmunda,Shift_B_Evening,0.28,0.6,0.849,18.18,0.2,0.471,25.25,Excavator_CAT6020,38.8,128.0,4.966,0,91.9,11,28.01,2025.0,1616.7,408.3,20.16,1,MODERATE
REC_01296,2025-03-07,jharkhand_singhbhum_chaibasa,Shift_C_Night,1.59,0.76,0.842,18.42,0.2,0.408,25.35,Dumper_KomatsuHD785,36.9,53.0,1.956,0,94.5,11,24.17,1162.5,1084.2,78.3,6.74,0,LOW
REC_01297,2025-03-08,karnataka_sandur_kumaraswamy,Shift_A_Morning,0.36,0.61,0.848,21.35,0.2,0.444,29.15,Dumper_KomatsuHD785,22.9,55.0,1.26,0,94.2,11,23.83,2700.0,2846.7,0.0,0.0,0,LOW
REC_01298,2025-03-08,karnataka_shimoga_kumsi,Shift_B_Evening,0.48,0.51,0.848,16.96,0.2,0.409,27.35,DrillRig_SandvikDR412,27.5,59.0,1.623,0,94.2,11,25.97,1305.0,1241.6,63.4,4.85,0,LOW
REC_01299,2025-03-08,andhra_visakhapatnam_garividi,Shift_C_Night,0.07,0.42,0.85,18.43,1.15,0.468,30.75,Dumper_KomatsuHD785,47.5,76.0,3.61,0,94.2,11,26.3,1237.5,1140.6,96.9,7.83,0,LOW
REC_01300,2025-03-09,goa_sanguem_bicholim,Shift_A_Morning,1.01,0.48,0.845,15.68,0.2,0.406,23.85,Dumper_KomatsuHD785,35.6,193.0,6.871,0,94.4,11,23.79,1800.0,1671.4,128.6,7.14,0,LOW
REC_01301,2025-03-09,balaghat_bharweli,Shift_B_Evening,0.32,0.6,0.848,18.59,0.2,0.485,27.95,Dumper_KomatsuHD785,67.9,10.0,0.679,1,82.5,10,21.51,2520.0,1516.9,1003.1,39.81,1,CRITICAL
REC_01302,2025-03-09,balaghat_ukwa,Shift_C_Night,2.7,0.68,0.836,17.58,0.2,0.432,24.95,Dumper_KomatsuHD785,48.2,63.0,3.037,0,91.4,11,26.22,1725.0,1571.2,153.8,8.92,0,LOW
REC_01303,2025-03-10,balaghat_tirodi,Shift_A_Morning,0.56,0.52,0.847,19.41,0.2,0.464,28.35,Excavator_CAT6020,25.5,121.0,3.086,0,91.7,11,27.94,2400.0,1933.8,466.2,19.42,1,MODERATE
REC_01304,2025-03-10,bhandara_dongri_buzurg,Shift_B_Evening,1.72,0.85,0.841,20.9,0.34,0.504,23.95,Excavator_CAT6020,34.3,181.0,6.208,0,91.8,11,22.06,1980.0,2151.0,0.0,0.0,0,LOW
REC_01305,2025-03-10,bhandara_chikla_sitasawangi,Shift_C_Night,0.57,0.3,0.847,14.64,0.2,0.452,29.05,DrillRig_SandvikDR412,28.2,122.0,3.44,0,93.9,11,28.25,1500.0,1250.7,249.3,16.62,1,MODERATE
REC_01306,2025-03-11,nagpur_kandri_mansar,Shift_A_Morning,2.73,0.68,0.836,16.29,0.2,0.449,25.95,Dumper_KomatsuHD785,46.6,27.0,1.258,0,94.4,11,21.49,2100.0,2205.3,0.0,0.0,0,LOW
REC_01307,2025-03-11,nagpur_gumgaon_ramdongri,Shift_B_Evening,0.23,0.57,0.849,17.65,0.46,0.422,23.15,Dumper_KomatsuHD785,32.9,190.0,6.251,0,97.4,12,23.21,1665.0,1869.0,0.0,0.0,0,LOW
REC_01308,2025-03-11,nagpur_beldongri_satak,Shift_C_Night,1.43,0.56,0.843,20.47,0.2,0.55,27.75,Excavator_CAT6020,31.0,148.0,4.588,0,92.7,11,25.64,1312.5,1131.8,180.7,13.76,0,LOW
REC_01309,2025-03-12,chhindwara_sausar_gowari,Shift_A_Morning,0.42,0.55,0.848,17.45,0.42,0.403,30.35,Dumper_KomatsuHD785,42.2,170.0,7.174,0,93.7,11,22.23,1600.0,1722.4,0.0,0.0,0,LOW
REC_01310,2025-03-12,gujarat_vadodara_pavi,Shift_B_Evening,1.13,0.51,0.844,17.18,0.2,0.433,24.05,DrillRig_SandvikDR412,27.2,140.0,3.808,0,91.5,11,20.85,1260.0,1390.3,0.0,0.0,0,LOW
REC_01311,2025-03-12,gujarat_panchmahal_halol,Shift_C_Night,1.28,0.58,0.844,20.79,0.2,0.478,24.65,Dumper_KomatsuHD785,40.8,137.0,5.59,0,92.7,11,21.4,1275.0,1466.2,0.0,0.0,0,LOW
REC_01312,2025-03-13,rajasthan_banswara_tambesra,Shift_A_Morning,0.19,0.34,0.849,16.65,1.06,0.451,24.35,Excavator_CAT6020,45.9,78.0,3.58,0,92.1,11,24.36,1300.0,1198.8,101.2,7.78,0,LOW
REC_01313,2025-03-13,odisha_keonjhar_joda,Shift_B_Evening,2.51,0.5,0.837,19.5,0.2,0.47,28.75,Dumper_KomatsuHD785,40.8,59.0,2.407,0,96.1,12,21.25,2880.0,3312.0,0.0,0.0,0,LOW
REC_01314,2025-03-13,odisha_sundargarh_bonai,Shift_C_Night,0.49,0.54,0.848,20.07,0.2,0.511,26.75,Dumper_KomatsuHD785,27.5,26.0,0.715,0,94.2,11,22.18,1950.0,2046.5,0.0,0.0,0,LOW
REC_01315,2025-03-14,odisha_sundargarh_patmunda,Shift_A_Morning,1.06,0.71,0.845,21.5,0.39,0.53,25.85,Excavator_CAT6020,44.7,209.0,9.342,0,91.3,11,25.57,2250.0,2249.1,0.9,0.04,0,LOW
REC_01316,2025-03-14,jharkhand_singhbhum_chaibasa,Shift_B_Evening,0.28,0.6,0.849,20.2,0.2,0.409,26.85,Excavator_CAT6020,38.1,13.0,0.495,0,93.9,11,23.75,1395.0,1362.1,32.9,2.36,0,LOW
REC_01317,2025-03-14,karnataka_sandur_kumaraswamy,Shift_C_Night,0.45,0.56,0.848,25.46,0.2,0.448,22.65,Dumper_KomatsuHD785,49.2,63.0,3.1,0,94.2,11,24.21,2025.0,1910.2,114.8,5.67,0,LOW
REC_01318,2025-03-15,karnataka_shimoga_kumsi,Shift_A_Morning,2.49,0.67,0.838,20.28,0.2,0.508,26.05,Excavator_CAT6020,45.5,107.0,4.869,0,97.3,12,25.33,1450.0,1501.0,0.0,0.0,0,LOW
REC_01319,2025-03-15,andhra_visakhapatnam_garividi,Shift_B_Evening,2.65,0.76,0.837,18.51,0.25,0.45,24.85,Dumper_KomatsuHD785,36.5,109.0,3.978,0,96.0,12,27.33,1485.0,1306.4,178.6,12.03,0,LOW
REC_01320,2025-03-15,goa_sanguem_bicholim,Shift_C_Night,0.07,0.61,0.85,18.07,0.2,0.477,27.45,Excavator_CAT6020,42.4,169.0,7.166,0,93.4,11,20.41,1350.0,1514.7,0.0,0.0,0,LOW
REC_01321,2025-03-16,balaghat_bharweli,Shift_A_Morning,0.7,0.78,0.847,19.26,0.44,0.456,27.35,Excavator_CAT6020,50.1,213.0,10.671,0,96.1,12,27.02,2800.0,2546.1,253.9,9.07,0,LOW
REC_01322,2025-03-16,balaghat_ukwa,Shift_B_Evening,1.52,0.56,0.842,18.49,0.2,0.41,27.55,Dumper_KomatsuHD785,24.5,19.0,0.466,0,91.9,11,22.61,2070.0,2239.6,0.0,0.0,0,LOW
REC_01323,2025-03-16,balaghat_tirodi,Shift_C_Night,0.45,0.39,0.848,18.57,0.24,0.496,30.45,Excavator_CAT6020,49.5,109.0,5.396,0,93.3,11,21.27,1800.0,2070.0,0.0,0.0,0,LOW
REC_01324,2025-03-17,bhandara_dongri_buzurg,Shift_A_Morning,0.66,0.52,0.847,20.73,0.2,0.433,24.15,Excavator_CAT6020,37.0,184.0,6.808,0,90.6,11,25.77,2200.0,2141.6,58.4,2.66,0,LOW
REC_01325,2025-03-17,bhandara_chikla_sitasawangi,Shift_B_Evening,0.33,0.61,0.848,18.06,0.36,0.471,26.45,Dumper_KomatsuHD785,38.3,124.0,4.749,0,92.2,11,24.53,1800.0,1651.4,148.6,8.26,0,LOW
REC_01326,2025-03-17,nagpur_kandri_mansar,Shift_C_Night,0.12,0.49,0.849,20.17,1.36,0.449,30.35,Dumper_KomatsuHD785,39.0,21.0,0.819,0,93.6,11,24.03,1575.0,1563.5,11.5,0.73,0,LOW
REC_01327,2025-03-18,nagpur_gumgaon_ramdongri,Shift_A_Morning,0.14,0.57,0.849,17.47,0.2,0.436,24.15,DrillRig_SandvikDR412,53.5,112.0,5.992,0,95.6,11,24.77,1850.0,1687.3,162.7,8.79,0,LOW
REC_01328,2025-03-18,nagpur_beldongri_satak,Shift_B_Evening,1.22,0.52,0.844,20.14,0.61,0.455,26.95,DrillRig_SandvikDR412,55.2,143.0,7.894,0,95.9,12,25.42,1575.0,1595.2,0.0,0.0,0,LOW
REC_01329,2025-03-18,chhindwara_sausar_gowari,Shift_C_Night,1.05,0.64,0.845,24.9,0.2,0.427,28.35,Dumper_KomatsuHD785,48.7,160.0,7.792,0,92.0,11,22.24,1200.0,1206.6,0.0,0.0,0,LOW
REC_01330,2025-03-19,gujarat_vadodara_pavi,Shift_A_Morning,0.65,0.6,0.847,25.04,0.2,0.493,27.35,Dumper_KomatsuHD785,47.9,114.0,5.461,0,94.6,11,28.05,1400.0,1138.3,261.7,18.69,1,MODERATE
REC_01331,2025-03-19,gujarat_panchmahal_halol,Shift_B_Evening,3.68,0.77,0.832,22.57,0.2,0.46,27.25,Excavator_CAT6020,44.4,136.0,6.038,0,90.9,11,24.27,1530.0,1492.0,38.0,2.48,0,LOW
REC_01332,2025-03-19,rajasthan_banswara_tambesra,Shift_C_Night,3.15,0.7,0.834,18.7,0.2,0.427,29.05,Excavator_CAT6020,21.9,101.0,2.212,0,95.3,11,22.93,975.0,1030.5,0.0,0.0,0,LOW
REC_01333,2025-03-20,odisha_keonjhar_joda,Shift_A_Morning,0.26,0.51,0.849,18.79,0.2,0.495,24.55,DrillRig_SandvikDR412,44.1,26.0,1.147,0,98.0,12,24.74,3200.0,3437.6,0.0,0.0,0,LOW
REC_01334,2025-03-20,odisha_sundargarh_bonai,Shift_B_Evening,0.62,0.52,0.847,19.06,0.2,0.456,27.95,Dumper_KomatsuHD785,21.7,28.0,0.608,0,94.9,11,25.27,2340.0,2292.2,47.8,2.04,0,LOW
REC_01335,2025-03-20,odisha_sundargarh_patmunda,Shift_C_Night,2.19,0.67,0.839,18.52,0.2,0.526,26.05,Dumper_KomatsuHD785,46.8,2.0,0.094,0,93.5,11,24.64,1687.5,1606.4,81.1,4.8,0,LOW
REC_01336,2025-03-21,jharkhand_singhbhum_chaibasa,Shift_A_Morning,1.42,0.49,0.843,16.76,0.2,0.432,25.65,Excavator_CAT6020,59.0,94.0,5.546,0,89.6,11,22.94,1550.0,1534.9,15.1,0.97,0,LOW
REC_01337,2025-03-21,karnataka_sandur_kumaraswamy,Shift_B_Evening,0.27,0.6,0.849,21.38,0.2,0.481,25.05,Dumper_KomatsuHD785,34.8,32.0,1.114,0,93.5,11,24.52,2430.0,2214.1,215.9,8.89,0,LOW
REC_01338,2025-03-21,karnataka_shimoga_kumsi,Shift_C_Night,0.11,0.71,0.849,12.62,0.2,0.47,24.35,Dumper_KomatsuHD785,57.4,143.0,8.208,0,89.6,11,23.52,1087.5,1106.7,0.0,0.0,0,LOW
REC_01339,2025-03-22,andhra_visakhapatnam_garividi,Shift_A_Morning,0.08,0.41,0.85,18.44,0.2,0.46,25.05,Excavator_CAT6020,43.3,199.0,8.617,0,91.1,11,22.35,1650.0,1804.1,0.0,0.0,0,LOW
REC_01340,2025-03-22,goa_sanguem_bicholim,Shift_B_Evening,1.32,0.65,0.843,14.02,0.2,0.419,30.65,Dumper_KomatsuHD785,40.0,154.0,6.16,0,93.1,11,24.9,1620.0,1503.4,116.6,7.2,0,LOW
REC_01341,2025-03-22,balaghat_bharweli,Shift_C_Night,3.47,0.93,0.833,21.13,0.2,0.443,26.65,DrillRig_SandvikDR412,32.1,183.0,5.874,0,93.1,11,28.94,2100.0,1757.9,342.1,16.29,1,MODERATE
REC_01342,2025-03-23,balaghat_ukwa,Shift_A_Morning,0.94,0.55,0.845,15.83,0.2,0.401,23.65,Dumper_KomatsuHD785,37.6,126.0,4.738,0,92.9,11,27.86,2300.0,2001.6,298.4,12.98,0,LOW
REC_01343,2025-03-23,balaghat_tirodi,Shift_B_Evening,0.91,0.37,0.845,14.02,0.3,0.486,28.35,Dumper_KomatsuHD785,25.5,120.0,3.06,0,95.4,11,20.98,2160.0,2375.0,0.0,0.0,0,LOW
REC_01344,2025-03-23,bhandara_dongri_buzurg,Shift_C_Night,0.76,0.55,0.846,17.82,0.2,0.432,24.25,Dumper_KomatsuHD785,34.5,205.0,7.072,0,94.7,11,22.98,1650.0,1689.5,0.0,0.0,0,LOW
REC_01345,2025-03-24,bhandara_chikla_sitasawangi,Shift_A_Morning,1.01,0.7,0.845,18.8,0.48,0.407,25.65,Excavator_CAT6020,40.3,154.0,6.206,0,92.6,11,24.59,2000.0,1911.9,88.1,4.41,0,LOW
REC_01346,2025-03-24,nagpur_kandri_mansar,Shift_B_Evening,0.97,0.58,0.845,22.71,0.6,0.442,22.65,Dumper_KomatsuHD785,53.2,67.0,3.564,0,94.2,11,25.57,1890.0,1812.1,77.9,4.12,0,LOW
REC_01347,2025-03-24,nagpur_gumgaon_ramdongri,Shift_C_Night,0.22,0.51,0.849,16.27,0.2,0.488,27.05,Excavator_CAT6020,37.4,169.0,6.321,0,94.6,11,22.25,1387.5,1371.4,16.1,1.16,0,LOW
REC_01348,2025-03-25,nagpur_beldongri_satak,Shift_A_Morning,4.82,0.91,0.826,19.21,0.2,0.431,24.75,DrillRig_SandvikDR412,36.0,161.0,5.796,0,90.4,11,23.06,1750.0,1779.3,0.0,0.0,0,LOW
REC_01349,2025-03-25,chhindwara_sausar_gowari,Shift_B_Evening,0.38,0.52,0.848,16.0,0.21,0.469,30.15,Dumper_KomatsuHD785,30.7,142.0,4.359,0,94.1,11,25.8,1440.0,1271.5,168.5,11.7,0,LOW
REC_01350,2025-03-25,gujarat_vadodara_pavi,Shift_C_Night,4.43,0.96,0.828,21.84,0.2,0.41,28.15,DrillRig_SandvikDR412,44.1,188.0,8.291,0,92.2,11,23.18,1050.0,1161.7,0.0,0.0,0,LOW
REC_01351,2025-03-26,gujarat_panchmahal_halol,Shift_A_Morning,1.57,0.43,0.842,15.72,0.2,0.423,23.75,Dumper_KomatsuHD785,34.5,84.0,2.898,0,92.0,11,23.7,1700.0,1645.2,54.8,3.22,0,LOW
REC_01352,2025-03-26,rajasthan_banswara_tambesra,Shift_B_Evening,0.04,0.56,0.85,15.39,0.2,0.499,24.15,Excavator_CAT6020,41.3,140.0,5.782,0,95.6,11,25.29,1170.0,1106.5,63.5,5.43,0,LOW
REC_01353,2025-03-26,odisha_keonjhar_joda,Shift_C_Night,0.03,0.48,0.85,18.68,0.2,0.465,28.55,Excavator_CAT6020,44.5,146.0,6.497,0,91.3,11,22.25,2400.0,2688.7,0.0,0.0,0,LOW
REC_01354,2025-03-27,odisha_sundargarh_bonai,Shift_A_Morning,0.93,0.5,0.845,24.2,0.79,0.457,25.85,Dumper_KomatsuHD785,22.8,96.0,2.189,0,92.6,11,25.61,2600.0,2258.5,341.5,13.13,0,LOW
REC_01355,2025-03-27,odisha_sundargarh_patmunda,Shift_B_Evening,3.77,0.78,0.831,21.82,0.2,0.458,30.65,Excavator_CAT6020,23.9,149.0,3.561,0,90.4,11,24.49,2025.0,1849.2,175.8,8.68,0,LOW
REC_01356,2025-03-27,jharkhand_singhbhum_chaibasa,Shift_C_Night,0.0,0.39,0.85,15.61,0.72,0.422,24.25,Dumper_KomatsuHD785,25.9,54.0,1.399,0,93.4,11,21.89,1162.5,1270.2,0.0,0.0,0,LOW
REC_01357,2025-03-28,karnataka_sandur_kumaraswamy,Shift_A_Morning,0.92,0.61,0.845,21.99,0.2,0.481,28.55,Dumper_KomatsuHD785,45.9,85.0,3.901,0,93.9,11,24.29,2700.0,2715.6,0.0,0.0,0,LOW
REC_01358,2025-03-28,karnataka_shimoga_kumsi,Shift_B_Evening,0.44,0.4,0.848,17.45,0.2,0.412,27.25,Dumper_KomatsuHD785,66.1,40.0,2.644,0,93.8,11,24.05,1305.0,1217.0,88.0,6.74,0,LOW
REC_01359,2025-03-28,andhra_visakhapatnam_garividi,Shift_C_Night,2.62,0.89,0.837,20.66,0.2,0.388,27.45,Excavator_CAT6020,42.6,23.0,0.98,0,98.0,12,23.42,1237.5,1360.2,0.0,0.0,0,LOW
REC_01360,2025-03-29,goa_sanguem_bicholim,Shift_A_Morning,0.82,0.46,0.846,13.89,0.28,0.454,27.05,Dumper_KomatsuHD785,41.1,129.0,5.302,0,89.7,11,23.85,1800.0,1865.6,0.0,0.0,0,LOW
REC_01361,2025-03-29,balaghat_bharweli,Shift_B_Evening,1.63,0.59,0.842,21.05,0.2,0.492,27.85,Excavator_CAT6020,46.9,113.0,5.3,0,92.7,11,24.07,2520.0,2450.8,69.2,2.74,0,LOW
REC_01362,2025-03-29,balaghat_ukwa,Shift_C_Night,1.37,0.43,0.843,24.7,0.2,0.438,28.45,Dumper_KomatsuHD785,40.1,142.0,5.694,0,90.9,11,26.12,1725.0,1561.5,163.5,9.48,0,LOW
REC_01363,2025-03-30,balaghat_tirodi,Shift_A_Morning,0.36,0.56,0.848,21.21,0.2,0.408,24.45,Dumper_KomatsuHD785,33.8,22.0,0.744,0,92.2,11,21.17,2400.0,2559.3,0.0,0.0,0,LOW
REC_01364,2025-03-30,bhandara_dongri_buzurg,Shift_B_Evening,0.56,0.65,0.847,12.77,0.2,0.464,24.45,DrillRig_SandvikDR412,44.4,181.0,8.036,0,94.3,11,26.59,1980.0,1763.2,216.8,10.95,0,LOW
REC_01365,2025-03-30,bhandara_chikla_sitasawangi,Shift_C_Night,0.34,0.53,0.848,17.51,0.2,0.486,28.05,Excavator_CAT6020,48.0,199.0,9.552,0,93.8,11,24.41,1500.0,1478.8,21.2,1.42,0,LOW
REC_01366,2025-03-31,nagpur_kandri_mansar,Shift_A_Morning,1.73,0.59,0.841,23.91,0.2,0.486,27.85,Dumper_KomatsuHD785,63.5,143.0,9.081,0,90.2,11,25.17,2100.0,1876.9,223.1,10.62,0,LOW
REC_01367,2025-03-31,nagpur_gumgaon_ramdongri,Shift_B_Evening,0.23,0.5,0.849,16.35,0.2,0.458,28.85,Dumper_KomatsuHD785,29.8,105.0,3.129,0,91.2,11,23.01,1665.0,1720.7,0.0,0.0,0,LOW
REC_01368,2025-03-31,nagpur_beldongri_satak,Shift_C_Night,0.01,0.45,0.85,10.24,0.2,0.501,27.55,Excavator_CAT6020,18.9,232.0,4.385,1,76.1,9,24.02,1312.5,642.7,669.8,51.04,1,CRITICAL
REC_01369,2025-04-01,chhindwara_sausar_gowari,Shift_A_Morning,2.2,0.65,0.839,16.97,0.2,0.418,25.25,Excavator_CAT6020,57.8,96.0,5.549,0,93.4,11,25.36,1600.0,1455.9,144.1,9.0,0,LOW
REC_01370,2025-04-01,gujarat_vadodara_pavi,Shift_B_Evening,1.41,0.64,0.843,19.42,0.2,0.42,23.85,Excavator_CAT6020,47.4,112.0,5.309,0,95.3,11,22.79,1260.0,1289.8,0.0,0.0,0,LOW
REC_01371,2025-04-01,gujarat_panchmahal_halol,Shift_C_Night,3.28,0.78,0.834,11.91,0.2,0.446,26.35,Dumper_KomatsuHD785,30.5,177.0,5.399,0,94.0,11,25.24,1275.0,1198.6,76.4,5.99,0,LOW
REC_01372,2025-04-02,rajasthan_banswara_tambesra,Shift_A_Morning,0.69,0.69,0.847,15.7,0.76,0.465,27.85,DrillRig_SandvikDR412,22.0,42.0,0.924,0,93.4,11,27.48,1300.0,1038.1,261.9,20.15,1,MODERATE
REC_01373,2025-04-02,odisha_keonjhar_joda,Shift_B_Evening,2.14,0.73,0.839,16.13,0.2,0.498,25.85,Dumper_KomatsuHD785,33.0,210.0,6.93,0,92.9,11,26.84,2880.0,2452.5,427.5,14.84,0,LOW
REC_01374,2025-04-02,odisha_sundargarh_bonai,Shift_C_Night,1.29,0.69,0.844,26.86,0.31,0.403,30.95,Dumper_KomatsuHD785,20.8,59.0,1.227,0,93.4,11,21.41,1950.0,2202.5,0.0,0.0,0,LOW
REC_01375,2025-04-03,odisha_sundargarh_patmunda,Shift_A_Morning,0.49,0.49,0.848,17.96,0.2,0.423,28.85,Dumper_KomatsuHD785,34.4,7.0,0.241,0,97.5,12,25.06,2250.0,2399.1,0.0,0.0,0,LOW
REC_01376,2025-04-03,jharkhand_singhbhum_chaibasa,Shift_B_Evening,0.01,0.42,0.85,18.79,0.2,0.451,26.85,DrillRig_SandvikDR412,36.7,137.0,5.028,0,94.2,11,22.05,1395.0,1554.0,0.0,0.0,0,LOW
REC_01377,2025-04-03,karnataka_sandur_kumaraswamy,Shift_C_Night,0.69,0.53,0.847,18.91,0.2,0.52,25.65,Excavator_CAT6020,35.1,52.0,1.825,0,92.9,11,25.55,2025.0,1867.1,157.9,7.8,0,LOW
REC_01378,2025-04-04,karnataka_shimoga_kumsi,Shift_A_Morning,0.12,0.65,0.849,14.91,0.2,0.41,28.75,Excavator_CAT6020,47.0,73.0,3.431,0,94.7,11,24.42,1450.0,1456.7,0.0,0.0,0,LOW
REC_01379,2025-04-04,andhra_visakhapatnam_garividi,Shift_B_Evening,1.91,0.75,0.84,12.23,0.2,0.385,30.35,Excavator_CAT6020,51.0,172.0,8.772,0,98.3,12,23.99,1485.0,1605.3,0.0,0.0,0,LOW
REC_01380,2025-04-04,goa_sanguem_bicholim,Shift_C_Night,0.38,0.38,0.848,16.26,0.2,0.457,24.95,Dumper_KomatsuHD785,12.8,125.0,1.6,1,81.1,10,24.62,1350.0,717.1,632.9,46.88,1,CRITICAL
REC_01381,2025-04-05,balaghat_bharweli,Shift_A_Morning,0.4,0.45,0.848,18.38,0.41,0.387,30.75,Excavator_CAT6020,22.5,110.0,2.475,0,92.1,11,21.21,2800.0,3105.9,0.0,0.0,0,LOW
REC_01382,2025-04-05,balaghat_ukwa,Shift_B_Evening,0.56,0.59,0.847,19.6,0.2,0.493,23.75,Dumper_KomatsuHD785,45.7,122.0,5.575,0,93.5,11,25.61,2070.0,1837.2,232.8,11.25,0,LOW
REC_01383,2025-04-05,balaghat_tirodi,Shift_C_Night,1.05,0.7,0.845,18.7,0.2,0.471,27.95,Excavator_CAT6020,37.9,126.0,4.775,0,89.5,11,23.12,1800.0,1888.8,0.0,0.0,0,LOW
REC_01384,2025-04-06,bhandara_dongri_buzurg,Shift_A_Morning,1.95,0.53,0.84,16.83,0.2,0.451,23.45,DrillRig_SandvikDR412,31.0,91.0,2.821,0,91.9,11,23.87,2200.0,2122.3,77.7,3.53,0,LOW
REC_01385,2025-04-06,bhandara_chikla_sitasawangi,Shift_B_Evening,1.1,0.38,0.844,22.49,0.2,0.44,29.35,Dumper_KomatsuHD785,32.2,64.0,2.061,0,90.8,11,24.33,1800.0,1803.9,0.0,0.0,0,LOW
REC_01386,2025-04-06,nagpur_kandri_mansar,Shift_C_Night,0.93,0.5,0.845,21.79,0.2,0.451,28.35,Dumper_KomatsuHD785,28.7,106.0,3.042,0,93.9,11,25.52,1575.0,1421.4,153.6,9.75,0,LOW
REC_01387,2025-04-07,nagpur_gumgaon_ramdongri,Shift_A_Morning,0.42,0.46,0.848,15.38,0.2,0.358,26.95,DrillRig_SandvikDR412,40.8,28.0,1.142,0,91.7,11,21.1,1850.0,2112.5,0.0,0.0,0,LOW
REC_01388,2025-04-07,nagpur_beldongri_satak,Shift_B_Evening,0.06,0.49,0.85,13.07,0.2,0.51,27.55,Dumper_KomatsuHD785,65.3,66.0,4.31,1,76.8,9,23.42,1575.0,740.9,834.1,52.96,1,CRITICAL
REC_01389,2025-04-07,chhindwara_sausar_gowari,Shift_C_Night,0.98,0.55,0.845,20.68,0.2,0.517,26.95,Excavator_CAT6020,44.3,98.0,4.341,0,93.6,11,23.88,1200.0,1146.0,54.0,4.5,0,LOW
REC_01390,2025-04-08,gujarat_vadodara_pavi,Shift_A_Morning,0.02,0.5,0.85,16.17,0.2,0.463,26.45,Dumper_KomatsuHD785,39.8,219.0,8.716,0,95.8,11,19.74,1400.0,1610.0,0.0,0.0,0,LOW
REC_01391,2025-04-08,gujarat_panchmahal_halol,Shift_B_Evening,0.83,0.69,0.846,22.48,0.76,0.536,25.15,Dumper_KomatsuHD785,39.9,143.0,5.706,0,91.7,11,25.18,1530.0,1554.8,0.0,0.0,0,LOW
REC_01392,2025-04-08,rajasthan_banswara_tambesra,Shift_C_Night,0.77,0.64,0.846,25.12,0.2,0.51,25.15,Dumper_KomatsuHD785,33.9,82.0,2.78,0,95.3,11,24.85,975.0,1013.0,0.0,0.0,0,LOW
REC_01393,2025-04-09,odisha_keonjhar_joda,Shift_A_Morning,1.37,0.45,0.843,17.09,0.2,0.532,29.15,Excavator_CAT6020,36.6,121.0,4.429,0,96.4,12,24.1,3200.0,3457.8,0.0,0.0,0,LOW
REC_01394,2025-04-09,odisha_sundargarh_bonai,Shift_B_Evening,0.6,0.47,0.847,20.9,0.2,0.438,27.35,Excavator_CAT6020,57.9,155.0,8.975,0,97.4,12,23.93,2340.0,2637.8,0.0,0.0,0,LOW
REC_01395,2025-04-09,odisha_sundargarh_patmunda,Shift_C_Night,0.4,0.51,0.848,16.31,0.53,0.484,30.85,Dumper_KomatsuHD785,15.0,117.0,1.755,0,93.3,11,20.82,1687.5,1889.4,0.0,0.0,0,LOW
REC_01396,2025-04-10,jharkhand_singhbhum_chaibasa,Shift_A_Morning,3.4,0.79,0.833,19.11,0.2,0.427,30.55,Dumper_KomatsuHD785,33.8,96.0,3.245,0,94.6,11,24.82,1550.0,1460.6,89.4,5.77,0,LOW
REC_01397,2025-04-10,karnataka_sandur_kumaraswamy,Shift_B_Evening,0.41,0.53,0.848,23.14,0.2,0.424,29.35,Excavator_CAT6020,51.6,205.0,10.578,0,94.5,11,22.81,2430.0,2555.3,0.0,0.0,0,LOW
REC_01398,2025-04-10,karnataka_shimoga_kumsi,Shift_C_Night,3.52,0.68,0.832,15.83,0.2,0.454,25.85,DrillRig_SandvikDR412,58.5,199.0,11.642,0,93.5,11,24.23,1087.5,1118.4,0.0,0.0,0,LOW
REC_01399,2025-04-11,andhra_visakhapatnam_garividi,Shift_A_Morning,0.77,0.58,0.846,14.73,0.2,0.405,27.75,Dumper_KomatsuHD785,46.4,129.0,5.986,0,93.1,11,23.5,1650.0,1684.7,0.0,0.0,0,LOW
REC_01400,2025-04-11,goa_sanguem_bicholim,Shift_B_Evening,0.25,0.55,0.849,13.03,0.2,0.428,24.75,Dumper_KomatsuHD785,47.3,28.0,1.324,0,93.4,11,27.53,1620.0,1387.1,232.9,14.37,0,LOW
REC_01401,2025-04-11,balaghat_bharweli,Shift_C_Night,0.3,0.47,0.848,19.82,0.2,0.399,28.85,Dumper_KomatsuHD785,46.6,165.0,7.689,0,91.3,11,22.58,2100.0,2264.8,0.0,0.0,0,LOW
REC_01402,2025-04-12,balaghat_ukwa,Shift_A_Morning,2.88,0.69,0.836,19.57,0.33,0.459,28.55,Excavator_CAT6020,41.4,108.0,4.471,0,92.3,11,22.98,2300.0,2369.6,0.0,0.0,0,LOW
REC_01403,2025-04-12,balaghat_tirodi,Shift_B_Evening,0.46,0.45,0.848,20.48,0.2,0.412,24.55,Excavator_CAT6020,28.8,152.0,4.378,0,92.1,11,22.86,2160.0,2192.2,0.0,0.0,0,LOW
REC_01404,2025-04-12,bhandara_dongri_buzurg,Shift_C_Night,1.03,0.68,0.845,16.25,0.2,0.437,23.75,Dumper_KomatsuHD785,47.1,204.0,9.608,0,93.4,11,22.87,1650.0,1707.0,0.0,0.0,0,LOW
REC_01405,2025-04-13,bhandara_chikla_sitasawangi,Shift_A_Morning,4.57,0.86,0.827,23.7,0.2,0.508,26.05,Dumper_KomatsuHD785,29.5,95.0,2.803,0,94.5,11,24.82,2000.0,1769.1,230.9,11.54,0,LOW
REC_01406,2025-04-13,nagpur_kandri_mansar,Shift_B_Evening,2.02,0.73,0.84,20.38,1.31,0.507,27.45,Dumper_KomatsuHD785,49.1,74.0,3.633,0,89.8,11,26.91,1890.0,1718.9,171.1,9.05,0,LOW
REC_01407,2025-04-13,nagpur_gumgaon_ramdongri,Shift_C_Night,6.49,0.92,0.818,15.65,0.2,0.431,29.25,Dumper_KomatsuHD785,42.2,134.0,5.655,0,93.7,11,25.97,1387.5,1276.6,110.9,7.99,0,LOW
REC_01408,2025-04-14,nagpur_beldongri_satak,Shift_A_Morning,0.35,0.6,0.848,13.3,0.2,0.453,23.95,Excavator_CAT6020,53.4,199.0,10.627,0,94.4,11,24.18,1750.0,1757.4,0.0,0.0,0,LOW
REC_01409,2025-04-14,chhindwara_sausar_gowari,Shift_B_Evening,1.92,0.63,0.84,14.82,0.2,0.423,29.35,Dumper_KomatsuHD785,41.6,16.0,0.666,0,93.1,11,22.39,1440.0,1483.0,0.0,0.0,0,LOW
REC_01410,2025-04-14,gujarat_vadodara_pavi,Shift_C_Night,1.07,0.5,0.845,15.07,0.2,0.417,29.05,Excavator_CAT6020,47.0,3.0,0.141,0,94.6,11,23.15,1050.0,1044.0,6.0,0.58,0,LOW
REC_01411,2025-04-15,gujarat_panchmahal_halol,Shift_A_Morning,4.37,1.0,0.828,12.88,0.2,0.418,24.35,DrillRig_SandvikDR412,39.1,47.0,1.838,0,93.5,11,24.17,1700.0,1598.0,102.0,6.0,0,LOW
REC_01412,2025-04-15,rajasthan_banswara_tambesra,Shift_B_Evening,0.61,0.59,0.847,15.28,0.4,0.466,25.55,Excavator_CAT6020,42.7,180.0,7.686,0,93.8,11,24.2,1170.0,1206.0,0.0,0.0,0,LOW
REC_01413,2025-04-15,odisha_keonjhar_joda,Shift_C_Night,1.6,0.63,0.842,14.39,0.2,0.44,25.45,Excavator_CAT6020,44.0,43.0,1.892,0,91.4,11,25.04,2400.0,2195.7,204.3,8.51,0,LOW
REC_01414,2025-04-16,odisha_sundargarh_bonai,Shift_A_Morning,0.73,0.44,0.846,18.45,0.2,0.46,28.75,Dumper_KomatsuHD785,55.6,57.0,3.169,0,93.9,11,23.68,2600.0,2550.4,49.6,1.91,0,LOW
REC_01415,2025-04-16,odisha_sundargarh_patmunda,Shift_B_Evening,2.44,0.45,0.838,20.6,0.2,0.408,27.35,Dumper_KomatsuHD785,24.3,28.0,0.68,0,91.6,11,24.93,2025.0,1952.9,72.1,3.56,0,LOW
REC_01416,2025-04-16,jharkhand_singhbhum_chaibasa,Shift_C_Night,1.33,0.54,0.843,20.94,0.2,0.509,24.85,Excavator_CAT6020,26.0,119.0,3.094,0,93.3,11,26.31,1162.5,987.3,175.2,15.07,1,MODERATE
REC_01417,2025-04-17,karnataka_sandur_kumaraswamy,Shift_A_Morning,2.57,0.64,0.837,17.78,0.2,0.502,25.55,Excavator_CAT6020,45.6,47.0,2.143,0,91.3,11,24.2,2700.0,2685.3,14.7,0.55,0,LOW
REC_01418,2025-04-17,karnataka_shimoga_kumsi,Shift_B_Evening,0.75,0.49,0.846,19.11,0.2,0.46,24.05,Dumper_KomatsuHD785,26.0,200.0,5.2,0,94.9,11,26.43,1305.0,1207.1,97.9,7.51,0,LOW
REC_01419,2025-04-17,andhra_visakhapatnam_garividi,Shift_C_Night,2.2,0.71,0.839,17.63,0.2,0.482,29.65,Dumper_KomatsuHD785,37.9,207.0,7.845,0,96.7,12,23.53,1237.5,1319.9,0.0,0.0,0,LOW
REC_01420,2025-04-18,goa_sanguem_bicholim,Shift_A_Morning,2.02,0.77,0.84,19.58,0.2,0.478,26.25,Dumper_KomatsuHD785,27.8,10.0,0.278,0,93.4,11,25.37,1800.0,1641.7,158.3,8.8,0,LOW
REC_01421,2025-04-18,balaghat_bharweli,Shift_B_Evening,0.18,0.61,0.849,18.7,0.2,0.481,24.55,Excavator_CAT6020,35.2,127.0,4.47,0,95.0,11,24.81,2520.0,2433.2,86.8,3.45,0,LOW
REC_01422,2025-04-18,balaghat_ukwa,Shift_C_Night,0.71,0.5,0.846,16.61,0.2,0.38,26.85,Dumper_KomatsuHD785,46.4,150.0,6.96,0,95.9,12,24.34,1725.0,1850.1,0.0,0.0,0,LOW
REC_01423,2025-04-19,balaghat_tirodi,Shift_A_Morning,0.24,0.63,0.849,20.67,0.2,0.43,29.35,Dumper_KomatsuHD785,35.1,131.0,4.598,0,93.2,11,22.9,2400.0,2420.2,0.0,0.0,0,LOW
REC_01424,2025-04-19,bhandara_dongri_buzurg,Shift_B_Evening,3.0,0.73,0.835,15.64,0.2,0.432,25.25,Dumper_KomatsuHD785,32.4,194.0,6.286,0,93.9,11,27.63,1980.0,1600.9,379.1,19.15,1,MODERATE
REC_01425,2025-04-19,bhandara_chikla_sitasawangi,Shift_C_Night,0.52,0.6,0.847,12.38,0.21,0.481,28.55,Dumper_KomatsuHD785,28.7,19.0,0.545,0,95.8,11,24.51,1500.0,1547.3,0.0,0.0,0,LOW
REC_01426,2025-04-20,nagpur_kandri_mansar,Shift_A_Morning,0.27,0.68,0.849,18.96,0.82,0.467,29.55,Excavator_CAT6020,36.1,35.0,1.264,0,91.4,11,24.52,2100.0,2022.8,77.2,3.68,0,LOW
REC_01427,2025-04-20,nagpur_gumgaon_ramdongri,Shift_B_Evening,2.22,0.59,0.839,14.82,0.39,0.457,31.05,Excavator_CAT6020,31.1,20.0,0.622,0,92.3,11,23.46,1665.0,1593.6,71.4,4.29,0,LOW
REC_01428,2025-04-20,nagpur_beldongri_satak,Shift_C_Night,2.38,0.77,0.838,17.77,0.2,0.508,27.55,Dumper_KomatsuHD785,19.7,13.0,0.256,0,92.6,11,23.87,1312.5,1404.2,0.0,0.0,0,LOW
REC_01429,2025-04-21,chhindwara_sausar_gowari,Shift_A_Morning,1.88,0.63,0.841,20.83,0.2,0.465,23.45,Dumper_KomatsuHD785,40.2,96.0,3.859,0,93.7,11,25.89,1600.0,1412.8,187.2,11.7,0,LOW
REC_01430,2025-04-21,gujarat_vadodara_pavi,Shift_B_Evening,0.37,0.56,0.848,16.86,0.2,0.403,30.65,Excavator_CAT6020,15.2,146.0,2.219,0,92.6,11,20.66,1260.0,1449.0,0.0,0.0,0,LOW
REC_01431,2025-04-21,gujarat_panchmahal_halol,Shift_C_Night,1.29,0.58,0.844,15.07,1.08,0.468,25.05,Dumper_KomatsuHD785,49.1,26.0,1.277,0,90.8,11,23.76,1275.0,1318.1,0.0,0.0,0,LOW
REC_01432,2025-04-22,rajasthan_banswara_tambesra,Shift_A_Morning,0.63,0.44,0.847,18.33,0.2,0.465,29.35,Excavator_CAT6020,45.7,210.0,9.597,0,91.4,11,23.06,1300.0,1326.5,0.0,0.0,0,LOW
REC_01433,2025-04-22,odisha_keonjhar_joda,Shift_B_Evening,0.26,0.4,0.849,23.5,0.2,0.394,24.15,Dumper_KomatsuHD785,39.4,59.0,2.325,0,94.8,11,24.18,2880.0,2970.7,0.0,0.0,0,LOW
REC_01434,2025-04-22,odisha_sundargarh_bonai,Shift_C_Night,2.07,0.69,0.84,18.1,0.2,0.451,27.05,Dumper_KomatsuHD785,49.2,195.0,9.594,0,94.4,11,27.49,1950.0,1658.5,291.5,14.95,0,LOW
REC_01435,2025-04-23,odisha_sundargarh_patmunda,Shift_A_Morning,2.55,0.7,0.837,18.88,0.2,0.459,24.35,Dumper_KomatsuHD785,36.9,108.0,3.985,0,90.7,11,23.23,2250.0,2176.8,73.2,3.25,0,LOW
REC_01436,2025-04-23,jharkhand_singhbhum_chaibasa,Shift_B_Evening,3.21,0.79,0.834,14.92,0.2,0.436,26.95,Dumper_KomatsuHD785,37.0,96.0,3.552,0,92.0,11,21.61,1395.0,1524.7,0.0,0.0,0,LOW
REC_01437,2025-04-23,karnataka_sandur_kumaraswamy,Shift_C_Night,1.94,0.64,0.84,13.54,0.2,0.473,24.15,Dumper_KomatsuHD785,54.2,179.0,9.702,0,93.5,11,21.53,2025.0,2052.2,0.0,0.0,0,LOW
REC_01438,2025-04-24,karnataka_shimoga_kumsi,Shift_A_Morning,4.16,0.94,0.829,21.9,0.2,0.463,29.35,Dumper_KomatsuHD785,18.8,190.0,3.572,0,94.7,11,22.43,1450.0,1563.2,0.0,0.0,0,LOW
REC_01439,2025-04-24,andhra_visakhapatnam_garividi,Shift_B_Evening,0.43,0.46,0.848,21.47,0.2,0.479,25.35,Excavator_CAT6020,44.5,124.0,5.518,0,92.5,11,21.79,1485.0,1646.4,0.0,0.0,0,LOW
REC_01440,2025-04-24,goa_sanguem_bicholim,Shift_C_Night,0.94,0.48,0.845,13.98,0.2,0.452,24.15,Excavator_CAT6020,38.4,27.0,1.037,0,93.5,11,27.15,1350.0,1117.7,232.3,17.21,1,MODERATE
REC_01441,2025-04-25,balaghat_bharweli,Shift_A_Morning,0.53,0.66,0.847,21.21,0.2,0.463,25.65,Dumper_KomatsuHD785,43.4,66.0,2.864,0,92.2,11,21.19,2800.0,2893.7,0.0,0.0,0,LOW
REC_01442,2025-04-25,balaghat_ukwa,Shift_B_Evening,0.76,0.46,0.846,21.99,0.2,0.457,26.65,DrillRig_SandvikDR412,44.6,116.0,5.174,0,92.9,11,20.4,2070.0,2380.5,0.0,0.0,0,LOW
REC_01443,2025-04-25,balaghat_tirodi,Shift_C_Night,1.47,0.42,0.843,26.43,0.2,0.507,26.35,Dumper_KomatsuHD785,23.0,15.0,0.345,0,96.3,12,22.77,1800.0,2002.3,0.0,0.0,0,LOW
REC_01444,2025-04-26,bhandara_dongri_buzurg,Shift_A_Morning,0.2,0.61,0.849,19.19,0.2,0.471,30.45,Dumper_KomatsuHD785,52.9,86.0,4.549,1,77.4,9,26.29,2200.0,989.9,1210.1,55.0,1,CRITICAL
REC_01445,2025-04-26,bhandara_chikla_sitasawangi,Shift_B_Evening,0.02,0.47,0.85,18.63,0.2,0.372,24.45,Dumper_KomatsuHD785,37.1,121.0,4.489,0,93.2,11,24.0,1800.0,1797.4,2.6,0.14,0,LOW
REC_01446,2025-04-26,nagpur_kandri_mansar,Shift_C_Night,0.52,0.64,0.847,19.98,1.04,0.483,30.65,DrillRig_SandvikDR412,50.2,178.0,8.936,0,90.1,11,24.92,1575.0,1484.6,90.4,5.74,0,LOW
REC_01447,2025-04-27,nagpur_gumgaon_ramdongri,Shift_A_Morning,0.12,0.59,0.849,16.71,0.2,0.373,29.55,Excavator_CAT6020,36.7,74.0,2.716,0,97.4,12,25.21,1850.0,1903.6,0.0,0.0,0,LOW
REC_01448,2025-04-27,nagpur_beldongri_satak,Shift_B_Evening,0.42,0.42,0.848,24.55,0.2,0.505,24.05,Excavator_CAT6020,28.0,43.0,1.204,0,93.8,11,25.14,1575.0,1454.2,120.8,7.67,0,LOW
REC_01449,2025-04-27,chhindwara_sausar_gowari,Shift_C_Night,1.54,0.5,0.842,26.93,0.78,0.47,26.15,Excavator_CAT6020,45.6,34.0,1.55,0,94.8,11,23.7,1200.0,1296.8,0.0,0.0,0,LOW
REC_01450,2025-04-28,gujarat_vadodara_pavi,Shift_A_Morning,2.4,0.76,0.838,16.95,0.2,0.431,27.45,Dumper_KomatsuHD785,38.3,14.0,0.536,0,92.5,11,28.04,1400.0,1167.6,232.4,16.6,1,MODERATE
REC_01451,2025-04-28,gujarat_panchmahal_halol,Shift_B_Evening,5.16,1.0,0.824,10.0,0.2,0.501,27.15,Dumper_KomatsuHD785,37.2,9.0,0.335,0,99.0,12,22.35,1530.0,1759.5,0.0,0.0,0,LOW
REC_01452,2025-04-28,rajasthan_banswara_tambesra,Shift_C_Night,2.7,0.71,0.836,18.96,0.2,0.469,24.25,Excavator_CAT6020,35.0,105.0,3.675,0,92.6,11,27.31,975.0,824.0,151.0,15.49,1,MODERATE
REC_01453,2025-04-29,odisha_keonjhar_joda,Shift_A_Morning,0.12,0.64,0.849,17.74,1.19,0.459,27.65,Excavator_CAT6020,38.7,66.0,2.554,0,93.7,11,27.9,3200.0,2703.0,497.0,15.53,1,MODERATE
REC_01454,2025-04-29,odisha_sundargarh_bonai,Shift_B_Evening,0.77,0.62,0.846,20.78,0.2,0.438,27.35,Dumper_KomatsuHD785,42.9,25.0,1.073,0,95.1,11,18.78,2340.0,2691.0,0.0,0.0,0,LOW
REC_01455,2025-04-29,odisha_sundargarh_patmunda,Shift_C_Night,0.23,0.4,0.849,16.19,0.2,0.448,25.95,Dumper_KomatsuHD785,47.2,218.0,10.29,0,90.7,11,24.87,1687.5,1703.0,0.0,0.0,0,LOW
REC_01456,2025-04-30,jharkhand_singhbhum_chaibasa,Shift_A_Morning,2.68,0.86,0.837,21.9,0.2,0.525,28.25,Dumper_KomatsuHD785,36.9,133.0,4.908,0,92.5,11,22.8,1550.0,1643.9,0.0,0.0,0,LOW
REC_01457,2025-04-30,karnataka_sandur_kumaraswamy,Shift_B_Evening,1.75,0.71,0.841,20.24,0.2,0.526,29.45,Dumper_KomatsuHD785,36.0,162.0,5.832,0,93.6,11,25.09,2430.0,2194.2,235.8,9.7,0,LOW
REC_01458,2025-04-30,karnataka_shimoga_kumsi,Shift_C_Night,0.11,0.5,0.849,13.34,0.2,0.438,25.55,Dumper_KomatsuHD785,42.5,146.0,6.205,0,93.0,11,22.95,1087.5,1095.7,0.0,0.0,0,LOW
REC_01459,2025-05-01,andhra_visakhapatnam_garividi,Shift_A_Morning,0.31,0.69,0.848,14.12,0.2,0.479,27.55,Dumper_KomatsuHD785,44.9,119.0,5.343,0,95.6,11,26.59,1650.0,1584.2,65.8,3.99,0,LOW
REC_01460,2025-05-01,goa_sanguem_bicholim,Shift_B_Evening,5.2,0.89,0.824,21.9,0.2,0.418,27.75,DrillRig_SandvikDR412,30.7,200.0,6.14,0,92.3,11,23.64,1620.0,1554.1,65.9,4.07,0,LOW
REC_01461,2025-05-01,balaghat_bharweli,Shift_C_Night,0.44,0.54,0.848,19.82,0.39,0.371,25.55,Dumper_KomatsuHD785,55.6,194.0,10.786,0,92.5,11,23.82,2100.0,2071.6,28.4,1.35,0,LOW
REC_01462,2025-05-02,balaghat_ukwa,Shift_A_Morning,3.48,0.75,0.833,14.46,0.2,0.414,25.65,Excavator_CAT6020,29.5,162.0,4.779,0,92.8,11,20.8,2300.0,2546.5,0.0,0.0,0,LOW
REC_01463,2025-05-02,balaghat_tirodi,Shift_B_Evening,0.52,0.53,0.847,15.03,0.36,0.486,25.35,Dumper_KomatsuHD785,27.8,113.0,3.141,0,94.6,11,24.29,2160.0,2045.2,114.8,5.31,0,LOW
REC_01464,2025-05-02,bhandara_dongri_buzurg,Shift_C_Night,5.44,0.98,0.823,19.73,0.2,0.456,28.65,DrillRig_SandvikDR412,46.3,100.0,4.63,0,96.5,12,25.16,1650.0,1709.8,0.0,0.0,0,LOW
REC_01465,2025-05-03,bhandara_chikla_sitasawangi,Shift_A_Morning,0.44,0.37,0.848,20.54,0.2,0.464,31.05,Dumper_KomatsuHD785,40.0,154.0,6.16,0,94.3,11,25.26,2000.0,1965.3,34.7,1.73,0,LOW
REC_01466,2025-05-03,nagpur_kandri_mansar,Shift_B_Evening,0.55,0.55,0.847,26.17,0.2,0.447,26.45,Excavator_CAT6020,33.8,133.0,4.495,0,92.7,11,23.28,1890.0,1930.9,0.0,0.0,0,LOW
REC_01467,2025-05-03,nagpur_gumgaon_ramdongri,Shift_C_Night,0.05,0.63,0.85,19.59,0.2,0.505,26.95,Dumper_KomatsuHD785,42.2,139.0,5.866,0,94.2,11,21.56,1387.5,1566.6,0.0,0.0,0,LOW
REC_01468,2025-05-04,nagpur_beldongri_satak,Shift_A_Morning,1.14,0.73,0.844,20.8,0.2,0.452,24.25,DrillRig_SandvikDR412,43.0,83.0,3.569,0,95.0,11,22.88,1750.0,1831.7,0.0,0.0,0,LOW
REC_01469,2025-05-04,chhindwara_sausar_gowari,Shift_B_Evening,0.57,0.62,0.847,21.52,0.2,0.416,24.15,Excavator_CAT6020,35.6,133.0,4.735,0,93.9,11,23.79,1440.0,1475.2,0.0,0.0,0,LOW
REC_01470,2025-05-04,gujarat_vadodara_pavi,Shift_C_Night,1.53,0.82,0.842,15.61,0.2,0.419,28.05,Dumper_KomatsuHD785,52.6,23.0,1.21,0,90.2,11,24.72,1050.0,993.0,57.0,5.43,0,LOW
REC_01471,2025-05-05,gujarat_panchmahal_halol,Shift_A_Morning,0.51,0.63,0.847,17.28,0.2,0.473,28.65,Dumper_KomatsuHD785,43.3,60.0,2.598,0,93.9,11,25.2,1700.0,1601.2,98.8,5.81,0,LOW
REC_01472,2025-05-05,rajasthan_banswara_tambesra,Shift_B_Evening,0.56,0.43,0.847,16.32,0.2,0.484,27.05,Excavator_CAT6020,39.7,196.0,7.781,0,95.1,11,25.45,1170.0,1079.7,90.3,7.71,0,LOW
REC_01473,2025-05-05,odisha_keonjhar_joda,Shift_C_Night,1.06,0.62,0.845,17.34,0.24,0.438,30.45,Dumper_KomatsuHD785,38.5,64.0,2.464,0,95.8,11,26.0,2400.0,2190.3,209.7,8.74,0,LOW
REC_01474,2025-05-06,odisha_sundargarh_bonai,Shift_A_Morning,4.35,0.76,0.828,16.1,0.2,0.439,25.15,Dumper_KomatsuHD785,45.5,75.0,3.413,0,93.6,11,22.79,2600.0,2632.6,0.0,0.0,0,LOW
REC_01475,2025-05-06,odisha_sundargarh_patmunda,Shift_B_Evening,0.62,0.49,0.847,14.29,0.75,0.419,29.85,Dumper_KomatsuHD785,51.0,174.0,8.874,1,81.5,10,24.27,2025.0,1146.8,878.2,43.37,1,CRITICAL
REC_01476,2025-05-06,jharkhand_singhbhum_chaibasa,Shift_C_Night,0.51,0.7,0.847,16.95,0.22,0.429,25.35,DrillRig_SandvikDR412,40.6,39.0,1.583,0,93.9,11,26.29,1162.5,1047.3,115.2,9.91,0,LOW
REC_01477,2025-05-07,karnataka_sandur_kumaraswamy,Shift_A_Morning,0.54,0.56,0.847,20.2,0.77,0.441,30.45,DrillRig_SandvikDR412,54.6,112.0,6.115,1,78.0,9,22.61,2700.0,1371.9,1328.1,49.19,1,CRITICAL
REC_01478,2025-05-07,karnataka_shimoga_kumsi,Shift_B_Evening,0.82,0.63,0.846,17.97,0.2,0.439,29.15,Excavator_CAT6020,30.0,12.0,0.36,0,94.6,11,19.88,1305.0,1500.7,0.0,0.0,0,LOW
REC_01479,2025-05-07,andhra_visakhapatnam_garividi,Shift_C_Night,0.61,0.66,0.847,16.47,0.2,0.465,29.15,Excavator_CAT6020,36.1,109.0,3.935,0,93.8,11,24.2,1237.5,1179.6,57.9,4.68,0,LOW
REC_01480,2025-05-08,goa_sanguem_bicholim,Shift_A_Morning,1.78,0.68,0.841,14.49,0.2,0.434,25.15,DrillRig_SandvikDR412,12.8,84.0,1.075,0,95.5,11,26.16,1800.0,1513.6,286.4,15.91,1,MODERATE
REC_01481,2025-05-08,balaghat_bharweli,Shift_B_Evening,0.24,0.46,0.849,12.29,0.2,0.548,26.15,Dumper_KomatsuHD785,69.4,119.0,8.259,1,79.8,10,28.07,2520.0,1203.8,1316.2,52.23,1,CRITICAL
REC_01482,2025-05-08,balaghat_ukwa,Shift_C_Night,0.44,0.57,0.848,16.3,0.32,0.448,24.05,DrillRig_SandvikDR412,33.3,207.0,6.893,0,88.4,11,28.53,1725.0,1462.2,262.8,15.24,1,MODERATE
REC_01483,2025-05-09,balaghat_tirodi,Shift_A_Morning,0.05,0.48,0.85,18.44,0.2,0.442,25.65,Excavator_CAT6020,38.5,77.0,2.965,0,96.4,12,24.76,2400.0,2556.9,0.0,0.0,0,LOW
REC_01484,2025-05-09,bhandara_dongri_buzurg,Shift_B_Evening,0.64,0.67,0.847,18.45,0.2,0.404,29.55,Dumper_KomatsuHD785,26.7,4.0,0.107,0,94.1,11,24.04,1980.0,1836.6,143.4,7.24,0,LOW
REC_01485,2025-05-09,bhandara_chikla_sitasawangi,Shift_C_Night,0.05,0.27,0.85,14.15,0.2,0.464,23.85,Excavator_CAT6020,33.3,141.0,4.695,0,91.3,11,24.71,1500.0,1422.1,77.9,5.19,0,LOW
REC_01486,2025-05-10,nagpur_kandri_mansar,Shift_A_Morning,6.3,1.03,0.818,23.3,0.2,0.436,29.25,Dumper_KomatsuHD785,20.9,77.0,1.609,0,93.0,11,26.04,2100.0,1792.3,307.7,14.65,0,LOW
REC_01487,2025-05-10,nagpur_gumgaon_ramdongri,Shift_B_Evening,2.3,0.74,0.838,22.68,0.2,0.418,27.75,Dumper_KomatsuHD785,34.2,45.0,1.539,0,96.8,12,25.18,1665.0,1756.9,0.0,0.0,0,LOW
REC_01488,2025-05-10,nagpur_beldongri_satak,Shift_C_Night,1.44,0.72,0.843,18.5,0.2,0.502,27.25,Dumper_KomatsuHD785,35.1,114.0,4.001,0,92.6,11,26.24,1312.5,1180.9,131.6,10.02,0,LOW
REC_01489,2025-05-11,chhindwara_sausar_gowari,Shift_A_Morning,0.51,0.63,0.847,17.07,0.2,0.367,27.75,Dumper_KomatsuHD785,31.2,2.0,0.062,0,94.4,11,26.02,1600.0,1386.1,213.9,13.37,0,LOW
REC_01490,2025-05-11,gujarat_vadodara_pavi,Shift_B_Evening,0.15,0.54,0.849,19.4,0.2,0.484,24.25,Excavator_CAT6020,28.9,166.0,4.797,0,97.0,12,23.07,1260.0,1372.6,0.0,0.0,0,LOW
REC_01491,2025-05-11,gujarat_panchmahal_halol,Shift_C_Night,0.63,0.65,0.847,22.96,0.2,0.48,25.35,Dumper_KomatsuHD785,48.1,32.0,1.539,0,95.4,11,26.8,1275.0,1153.4,121.6,9.53,0,LOW
REC_01492,2025-05-12,rajasthan_banswara_tambesra,Shift_A_Morning,0.49,0.57,0.848,21.26,0.52,0.459,27.45,Excavator_CAT6020,62.9,87.0,5.472,0,90.7,11,27.52,1300.0,1079.9,220.1,16.93,1,MODERATE
REC_01493,2025-05-12,odisha_keonjhar_joda,Shift_B_Evening,0.78,0.61,0.846,21.33,0.2,0.467,27.55,Excavator_CAT6020,37.0,33.0,1.221,0,94.9,11,25.09,2880.0,2504.2,375.8,13.05,0,LOW
REC_01494,2025-05-12,odisha_sundargarh_bonai,Shift_C_Night,0.18,0.4,0.849,18.46,0.2,0.403,25.05,DrillRig_SandvikDR412,39.9,53.0,2.115,0,97.1,12,26.38,1950.0,1919.6,30.4,1.56,0,LOW
REC_01495,2025-05-13,odisha_sundargarh_patmunda,Shift_A_Morning,0.14,0.46,0.849,19.68,0.2,0.473,25.65,Dumper_KomatsuHD785,47.4,187.0,8.864,0,92.2,11,26.23,2250.0,2022.2,227.8,10.12,0,LOW
REC_01496,2025-05-13,jharkhand_singhbhum_chaibasa,Shift_B_Evening,0.89,0.59,0.846,17.14,0.2,0.499,29.45,DrillRig_SandvikDR412,51.0,106.0,5.406,0,92.2,11,23.98,1395.0,1404.6,0.0,0.0,0,LOW
REC_01497,2025-05-13,karnataka_sandur_kumaraswamy,Shift_C_Night,2.12,0.72,0.839,16.41,0.2,0.426,26.95,Dumper_KomatsuHD785,33.4,186.0,6.212,0,91.6,11,23.62,2025.0,1938.8,86.2,4.26,0,LOW
REC_01498,2025-05-14,karnataka_shimoga_kumsi,Shift_A_Morning,0.27,0.52,0.849,17.03,0.2,0.451,24.95,Excavator_CAT6020,32.6,57.0,1.858,0,95.6,11,20.97,1450.0,1667.5,0.0,0.0,0,LOW
REC_01499,2025-05-14,andhra_visakhapatnam_garividi,Shift_B_Evening,0.38,0.52,0.848,15.9,0.2,0.376,27.45,DrillRig_SandvikDR412,44.0,97.0,4.268,0,94.7,11,22.03,1485.0,1609.7,0.0,0.0,0,LOW
REC_01500,2025-05-14,goa_sanguem_bicholim,Shift_C_Night,3.24,0.87,0.834,12.86,0.2,0.399,26.55,Dumper_KomatsuHD785,23.7,183.0,4.337,0,92.0,11,25.57,1350.0,1362.5,0.0,0.0,0,LOW
